path	lines	DOCS_R0_inbound_sources	classification	current_guide_owner	immutable_revision_citation_replacement	evidence_or_required_transfer
archive/plans/ADAPTING_A_NEW_ECOLOGY.md	91	0	unresolved	docs/THE_MACHINE.md; docs/plans/THE_ATHENA_ALPHA_CULTIVATES_GENERAL_CONVERSATION_THROUGH_NATIVE_CONTEXTUAL_TRANSPORT.md	d17910d36ec72954c756f35a9dae4288542eae50:archive/plans/ADAPTING_A_NEW_ECOLOGY.md	Zero inbound links is not evidence of safe deletion. Compare any unique definition/result with the named guide and research source; if historical scheduling only, classify duplicate after confirming no sole law/receipt.
archive/plans/ARBITRARY_LEARNING_MACHINE.md	135	1	unresolved	docs/THE_MACHINE.md; docs/plans/THE_ATHENA_ALPHA_CULTIVATES_GENERAL_CONVERSATION_THROUGH_NATIVE_CONTEXTUAL_TRANSPORT.md	d17910d36ec72954c756f35a9dae4288542eae50:archive/plans/ARBITRARY_LEARNING_MACHINE.md	Inbound count is citation evidence, not proof of current authority or duplicate content. Resolve each cite in its owning source, extract any live definition to the named guide, otherwise replace with this immutable source coordinate. Existing whole-plan schedule is not current order; docs/plans/THE_ROADMAP.md governs.
archive/plans/ATHENA_THE_DIMENSION_IS_DECLARED_AND_THE_RANK_IS_THE_FILE_SIZE.md	239	2	unresolved	docs/THE_MACHINE.md; docs/plans/THE_ATHENA_ALPHA_CULTIVATES_GENERAL_CONVERSATION_THROUGH_NATIVE_CONTEXTUAL_TRANSPORT.md	d17910d36ec72954c756f35a9dae4288542eae50:archive/plans/ATHENA_THE_DIMENSION_IS_DECLARED_AND_THE_RANK_IS_THE_FILE_SIZE.md	Inbound count is citation evidence, not proof of current authority or duplicate content. Resolve each cite in its owning source, extract any live definition to the named guide, otherwise replace with this immutable source coordinate. Existing whole-plan schedule is not current order; docs/plans/THE_ROADMAP.md governs.
archive/plans/CONTAMINATION_BANS.md	36	3	unresolved	docs/plans/THE_ROADMAP.md; docs/REPOSITORY.md	d17910d36ec72954c756f35a9dae4288542eae50:archive/plans/CONTAMINATION_BANS.md	Inbound count is citation evidence, not proof of current authority or duplicate content. Resolve each cite in its owning source, extract any live definition to the named guide, otherwise replace with this immutable source coordinate. Existing whole-plan schedule is not current order; docs/plans/THE_ROADMAP.md governs.
archive/plans/PURE_HOLONIC_ENGINE.md	194	0	unresolved	docs/ELEMENTARY_OBJECTS.md; docs/HOLON.md; docs/WINDING_CARRY_AND_PLACEMENT.md	d17910d36ec72954c756f35a9dae4288542eae50:archive/plans/PURE_HOLONIC_ENGINE.md	Zero inbound links is not evidence of safe deletion. Compare any unique definition/result with the named guide and research source; if historical scheduling only, classify duplicate after confirming no sole law/receipt.
archive/plans/THE_ADDRESSED_TRANSPORT_CHAIN_COMPOSES_SWING_BOUNDARY_ORIENTATION_HOLONOMY_AND_RECEIVER_FIBRES.md	1093	0	unresolved	docs/ELEMENTARY_OBJECTS.md; docs/HOLON.md; docs/WINDING_CARRY_AND_PLACEMENT.md	d17910d36ec72954c756f35a9dae4288542eae50:archive/plans/THE_ADDRESSED_TRANSPORT_CHAIN_COMPOSES_SWING_BOUNDARY_ORIENTATION_HOLONOMY_AND_RECEIVER_FIBRES.md	Zero inbound links is not evidence of safe deletion. Compare any unique definition/result with the named guide and research source; if historical scheduling only, classify duplicate after confirming no sole law/receipt.
archive/plans/THE_ADMISSION_IS_A_QUOTIENT_AND_THE_BREADTH_IS_A_GROUP.md	236	2	unresolved	docs/plans/THE_ROADMAP.md; docs/REPOSITORY.md	d17910d36ec72954c756f35a9dae4288542eae50:archive/plans/THE_ADMISSION_IS_A_QUOTIENT_AND_THE_BREADTH_IS_A_GROUP.md	Inbound count is citation evidence, not proof of current authority or duplicate content. Resolve each cite in its owning source, extract any live definition to the named guide, otherwise replace with this immutable source coordinate. Existing whole-plan schedule is not current order; docs/plans/THE_ROADMAP.md governs.
archive/plans/THE_AGENTIC_ATHENA_EMANATES_THROUGH_ADDRESSED_CONTINUATION_AND_OPTICAL_HOLONS_GROW_ACROSS_SCALES.md	499	4	unresolved	docs/ELEMENTARY_OBJECTS.md; docs/HOLON.md; docs/WINDING_CARRY_AND_PLACEMENT.md	d17910d36ec72954c756f35a9dae4288542eae50:archive/plans/THE_AGENTIC_ATHENA_EMANATES_THROUGH_ADDRESSED_CONTINUATION_AND_OPTICAL_HOLONS_GROW_ACROSS_SCALES.md	Inbound count is citation evidence, not proof of current authority or duplicate content. Resolve each cite in its owning source, extract any live definition to the named guide, otherwise replace with this immutable source coordinate. Existing whole-plan schedule is not current order; docs/plans/THE_ROADMAP.md governs.
archive/plans/THE_ARROW_IS_THE_DIVISION_AND_ATTENTION_KEEPS_ONLY_ITS_AIM.md	192	2	unresolved	docs/ELEMENTARY_OBJECTS.md; docs/HOLON.md; docs/WINDING_CARRY_AND_PLACEMENT.md	d17910d36ec72954c756f35a9dae4288542eae50:archive/plans/THE_ARROW_IS_THE_DIVISION_AND_ATTENTION_KEEPS_ONLY_ITS_AIM.md	Inbound count is citation evidence, not proof of current authority or duplicate content. Resolve each cite in its owning source, extract any live definition to the named guide, otherwise replace with this immutable source coordinate. Existing whole-plan schedule is not current order; docs/plans/THE_ROADMAP.md governs.
archive/plans/THE_ASSEMBLY.md	263	18	unresolved	docs/THE_MACHINE.md; docs/plans/THE_ATHENA_ALPHA_CULTIVATES_GENERAL_CONVERSATION_THROUGH_NATIVE_CONTEXTUAL_TRANSPORT.md	d17910d36ec72954c756f35a9dae4288542eae50:archive/plans/THE_ASSEMBLY.md	Inbound count is citation evidence, not proof of current authority or duplicate content. Resolve each cite in its owning source, extract any live definition to the named guide, otherwise replace with this immutable source coordinate. Existing whole-plan schedule is not current order; docs/plans/THE_ROADMAP.md governs.
archive/plans/THE_ATHENA_ALPHA_CULTIVATES_THE_COMPLETE_LABORATORY_EXCHANGE_AND_RETURNED_DIFFERENCES_COMPACTIFY_INTO_NATIVE_HEXIS.md	439	1	unresolved	docs/THE_MACHINE.md; docs/plans/THE_ATHENA_ALPHA_CULTIVATES_GENERAL_CONVERSATION_THROUGH_NATIVE_CONTEXTUAL_TRANSPORT.md	d17910d36ec72954c756f35a9dae4288542eae50:archive/plans/THE_ATHENA_ALPHA_CULTIVATES_THE_COMPLETE_LABORATORY_EXCHANGE_AND_RETURNED_DIFFERENCES_COMPACTIFY_INTO_NATIVE_HEXIS.md	Inbound count is citation evidence, not proof of current authority or duplicate content. Resolve each cite in its owning source, extract any live definition to the named guide, otherwise replace with this immutable source coordinate. Existing whole-plan schedule is not current order; docs/plans/THE_ROADMAP.md governs.
archive/plans/THE_ATHENA_ALPHA_IS_REFOUNDED_AS_A_RECEIVER_HISTORY_QUOTIENT_AND_RETURNED_DEFECTS_CULTIVATE_ONE_GLUED_CAUSAL_MORPHOLOGY.md	864	5	unresolved	docs/ELEMENTARY_OBJECTS.md; docs/HOLON.md; docs/WINDING_CARRY_AND_PLACEMENT.md	d17910d36ec72954c756f35a9dae4288542eae50:archive/plans/THE_ATHENA_ALPHA_IS_REFOUNDED_AS_A_RECEIVER_HISTORY_QUOTIENT_AND_RETURNED_DEFECTS_CULTIVATE_ONE_GLUED_CAUSAL_MORPHOLOGY.md	Inbound count is citation evidence, not proof of current authority or duplicate content. Resolve each cite in its owning source, extract any live definition to the named guide, otherwise replace with this immutable source coordinate. Existing whole-plan schedule is not current order; docs/plans/THE_ROADMAP.md governs.
archive/plans/THE_ATHENA_ALPHA_RETURNS_EVERY_ADMITTED_ORGAN_THROUGH_ONE_FLUID_MEMBRANE_AND_DIRECT_SENSORY_PRODUCTS_CANNOT_REGRESS_TO_DIAGNOSTIC_SHADOWS.md	312	1	unresolved	docs/THE_MACHINE.md; docs/plans/THE_ATHENA_ALPHA_CULTIVATES_GENERAL_CONVERSATION_THROUGH_NATIVE_CONTEXTUAL_TRANSPORT.md	d17910d36ec72954c756f35a9dae4288542eae50:archive/plans/THE_ATHENA_ALPHA_RETURNS_EVERY_ADMITTED_ORGAN_THROUGH_ONE_FLUID_MEMBRANE_AND_DIRECT_SENSORY_PRODUCTS_CANNOT_REGRESS_TO_DIAGNOSTIC_SHADOWS.md	Inbound count is citation evidence, not proof of current authority or duplicate content. Resolve each cite in its owning source, extract any live definition to the named guide, otherwise replace with this immutable source coordinate. Existing whole-plan schedule is not current order; docs/plans/THE_ROADMAP.md governs.
archive/plans/THE_ATHENA_APPLICATION_AND_CIRCULATION_INTERFACE_RETURNS_A_LIVE_DYNAMIC_MORPHOLOGY_ALPHA.md	342	0	unresolved	docs/ELEMENTARY_OBJECTS.md; docs/HOLON.md; docs/WINDING_CARRY_AND_PLACEMENT.md	d17910d36ec72954c756f35a9dae4288542eae50:archive/plans/THE_ATHENA_APPLICATION_AND_CIRCULATION_INTERFACE_RETURNS_A_LIVE_DYNAMIC_MORPHOLOGY_ALPHA.md	Zero inbound links is not evidence of safe deletion. Compare any unique definition/result with the named guide and research source; if historical scheduling only, classify duplicate after confirming no sole law/receipt.
archive/plans/THE_ATHENA_PRODUCTION_APERTURE_WIDENS_THROUGH_MATHEMATICAL_WORLD_TUBES_AND_RETURNED_CONSTRAINTS_CULTIVATE_THE_ECOLOGY.md	594	1	unresolved	docs/THE_MACHINE.md; docs/plans/THE_ATHENA_ALPHA_CULTIVATES_GENERAL_CONVERSATION_THROUGH_NATIVE_CONTEXTUAL_TRANSPORT.md	d17910d36ec72954c756f35a9dae4288542eae50:archive/plans/THE_ATHENA_PRODUCTION_APERTURE_WIDENS_THROUGH_MATHEMATICAL_WORLD_TUBES_AND_RETURNED_CONSTRAINTS_CULTIVATE_THE_ECOLOGY.md	Inbound count is citation evidence, not proof of current authority or duplicate content. Resolve each cite in its owning source, extract any live definition to the named guide, otherwise replace with this immutable source coordinate. Existing whole-plan schedule is not current order; docs/plans/THE_ROADMAP.md governs.
archive/plans/THE_ATHENA_VARIANTS_ARE_PRODUCTS_OF_EROS_PHOENIX_SUPPLIES_ANCESTRY_AND_SHARED_TRANSPORT_FUSES.md	594	0	unresolved	docs/ELEMENTARY_OBJECTS.md; docs/HOLON.md; docs/WINDING_CARRY_AND_PLACEMENT.md	d17910d36ec72954c756f35a9dae4288542eae50:archive/plans/THE_ATHENA_VARIANTS_ARE_PRODUCTS_OF_EROS_PHOENIX_SUPPLIES_ANCESTRY_AND_SHARED_TRANSPORT_FUSES.md	Zero inbound links is not evidence of safe deletion. Compare any unique definition/result with the named guide and research source; if historical scheduling only, classify duplicate after confirming no sole law/receipt.
archive/plans/THE_ATHENA_WORLD_TUBE_LISTENS_SEES_SPEAKS_AND_FORMS_IMAGES_WHILE_ENDOGENOUS_CURRENT_RETURNS_THROUGH_ONE_CULTIVATED_ECOLOGY.md	502	0	unresolved	docs/THE_MACHINE.md; docs/plans/THE_ATHENA_ALPHA_CULTIVATES_GENERAL_CONVERSATION_THROUGH_NATIVE_CONTEXTUAL_TRANSPORT.md	d17910d36ec72954c756f35a9dae4288542eae50:archive/plans/THE_ATHENA_WORLD_TUBE_LISTENS_SEES_SPEAKS_AND_FORMS_IMAGES_WHILE_ENDOGENOUS_CURRENT_RETURNS_THROUGH_ONE_CULTIVATED_ECOLOGY.md	Zero inbound links is not evidence of safe deletion. Compare any unique definition/result with the named guide and research source; if historical scheduling only, classify duplicate after confirming no sole law/receipt.
archive/plans/THE_CLASSICAL_MACHINE_LEARNING_CHART_DESCENDS_FROM_HOLONIC_TRANSPORT_AND_HIGHER_CAUSAL_FIBRES_REOPEN_ITS_COLLAPSED_STATES.md	224	1	unresolved	docs/ELEMENTARY_OBJECTS.md; docs/HOLON.md; docs/WINDING_CARRY_AND_PLACEMENT.md	d17910d36ec72954c756f35a9dae4288542eae50:archive/plans/THE_CLASSICAL_MACHINE_LEARNING_CHART_DESCENDS_FROM_HOLONIC_TRANSPORT_AND_HIGHER_CAUSAL_FIBRES_REOPEN_ITS_COLLAPSED_STATES.md	Inbound count is citation evidence, not proof of current authority or duplicate content. Resolve each cite in its owning source, extract any live definition to the named guide, otherwise replace with this immutable source coordinate. Existing whole-plan schedule is not current order; docs/plans/THE_ROADMAP.md governs.
archive/plans/THE_CLIFFORD_LIFT_THE_PHASE_WIRE_AND_THE_FOUR_UNTAKEN_READINGS.md	398	7	unresolved	docs/ELEMENTARY_OBJECTS.md; docs/HOLON.md; docs/WINDING_CARRY_AND_PLACEMENT.md	d17910d36ec72954c756f35a9dae4288542eae50:archive/plans/THE_CLIFFORD_LIFT_THE_PHASE_WIRE_AND_THE_FOUR_UNTAKEN_READINGS.md	Inbound count is citation evidence, not proof of current authority or duplicate content. Resolve each cite in its owning source, extract any live definition to the named guide, otherwise replace with this immutable source coordinate. Existing whole-plan schedule is not current order; docs/plans/THE_ROADMAP.md governs.
archive/plans/THE_CODEC_IS_RECOVERED_AT_EVERY_SCALE_AND_THE_FACES_ARE_A_RETURN.md	487	5	unresolved	docs/ELEMENTARY_OBJECTS.md; docs/HOLON.md; docs/WINDING_CARRY_AND_PLACEMENT.md	d17910d36ec72954c756f35a9dae4288542eae50:archive/plans/THE_CODEC_IS_RECOVERED_AT_EVERY_SCALE_AND_THE_FACES_ARE_A_RETURN.md	Inbound count is citation evidence, not proof of current authority or duplicate content. Resolve each cite in its owning source, extract any live definition to the named guide, otherwise replace with this immutable source coordinate. Existing whole-plan schedule is not current order; docs/plans/THE_ROADMAP.md governs.
archive/plans/THE_COMPLETE_EXCHANGE_RETURNS_THROUGH_THE_STANDING_ATHENA_BODY_AND_NO_EXPERIMENT_REPLACES_HOLONIC_INFERENCE.md	309	1	unresolved	docs/ELEMENTARY_OBJECTS.md; docs/HOLON.md; docs/WINDING_CARRY_AND_PLACEMENT.md	d17910d36ec72954c756f35a9dae4288542eae50:archive/plans/THE_COMPLETE_EXCHANGE_RETURNS_THROUGH_THE_STANDING_ATHENA_BODY_AND_NO_EXPERIMENT_REPLACES_HOLONIC_INFERENCE.md	Inbound count is citation evidence, not proof of current authority or duplicate content. Resolve each cite in its owning source, extract any live definition to the named guide, otherwise replace with this immutable source coordinate. Existing whole-plan schedule is not current order; docs/plans/THE_ROADMAP.md governs.
archive/plans/THE_CONSTRUCTIVE_DIFFERENTIAL_BOUNDARY_AND_RECEIVER_CALCULUS.md	101	0	unresolved	docs/ELEMENTARY_OBJECTS.md; docs/HOLON.md; docs/WINDING_CARRY_AND_PLACEMENT.md	d17910d36ec72954c756f35a9dae4288542eae50:archive/plans/THE_CONSTRUCTIVE_DIFFERENTIAL_BOUNDARY_AND_RECEIVER_CALCULUS.md	Zero inbound links is not evidence of safe deletion. Compare any unique definition/result with the named guide and research source; if historical scheduling only, classify duplicate after confirming no sole law/receipt.
archive/plans/THE_DESCENT_SIDE_HAS_OFF_SEAM_ZEROS_AT_EVERY_NEGATIVE_TIME_AND_THE_THRESHOLD_IS_NONNEGATIVE.md	266	7	unresolved	docs/RH_CENTERED_CURRENT_UPPER_BOUND.md; docs/plans/THE_ROADMAP.md	d17910d36ec72954c756f35a9dae4288542eae50:archive/plans/THE_DESCENT_SIDE_HAS_OFF_SEAM_ZEROS_AT_EVERY_NEGATIVE_TIME_AND_THE_THRESHOLD_IS_NONNEGATIVE.md	Inbound count is citation evidence, not proof of current authority or duplicate content. Resolve each cite in its owning source, extract any live definition to the named guide, otherwise replace with this immutable source coordinate. Existing whole-plan schedule is not current order; docs/plans/THE_ROADMAP.md governs.
archive/plans/THE_ENGINE_REVISIONS.md	360	0	unresolved	docs/plans/THE_ROADMAP.md; docs/REPOSITORY.md	d17910d36ec72954c756f35a9dae4288542eae50:archive/plans/THE_ENGINE_REVISIONS.md	Zero inbound links is not evidence of safe deletion. Compare any unique definition/result with the named guide and research source; if historical scheduling only, classify duplicate after confirming no sole law/receipt.
archive/plans/THE_EROS_INFORMATION_ENGINE.md	261	2	unresolved	docs/THE_MACHINE.md; docs/plans/THE_ATHENA_ALPHA_CULTIVATES_GENERAL_CONVERSATION_THROUGH_NATIVE_CONTEXTUAL_TRANSPORT.md	d17910d36ec72954c756f35a9dae4288542eae50:archive/plans/THE_EROS_INFORMATION_ENGINE.md	Inbound count is citation evidence, not proof of current authority or duplicate content. Resolve each cite in its owning source, extract any live definition to the named guide, otherwise replace with this immutable source coordinate. Existing whole-plan schedule is not current order; docs/plans/THE_ROADMAP.md governs.
archive/plans/THE_EROS_INSTANTIATION.md	449	2	unresolved	docs/THE_MACHINE.md; docs/plans/THE_ATHENA_ALPHA_CULTIVATES_GENERAL_CONVERSATION_THROUGH_NATIVE_CONTEXTUAL_TRANSPORT.md	d17910d36ec72954c756f35a9dae4288542eae50:archive/plans/THE_EROS_INSTANTIATION.md	Inbound count is citation evidence, not proof of current authority or duplicate content. Resolve each cite in its owning source, extract any live definition to the named guide, otherwise replace with this immutable source coordinate. Existing whole-plan schedule is not current order; docs/plans/THE_ROADMAP.md governs.
archive/plans/THE_FINITE_MANY_BODY_AND_POLARIZED_CRYSTAL_TRANSPORT_FOUNDATION.md	269	0	unresolved	docs/ELEMENTARY_OBJECTS.md; docs/HOLON.md; docs/WINDING_CARRY_AND_PLACEMENT.md	d17910d36ec72954c756f35a9dae4288542eae50:archive/plans/THE_FINITE_MANY_BODY_AND_POLARIZED_CRYSTAL_TRANSPORT_FOUNDATION.md	Zero inbound links is not evidence of safe deletion. Compare any unique definition/result with the named guide and research source; if historical scheduling only, classify duplicate after confirming no sole law/receipt.
archive/plans/THE_FLOW_CARRIES_THE_ZEROS_AS_FOSTER_TANKS_AND_THE_THRESHOLD_IS_THE_TARGET.md	242	8	unresolved	docs/RH_CENTERED_CURRENT_UPPER_BOUND.md; docs/plans/THE_ROADMAP.md	d17910d36ec72954c756f35a9dae4288542eae50:archive/plans/THE_FLOW_CARRIES_THE_ZEROS_AS_FOSTER_TANKS_AND_THE_THRESHOLD_IS_THE_TARGET.md	Inbound count is citation evidence, not proof of current authority or duplicate content. Resolve each cite in its owning source, extract any live definition to the named guide, otherwise replace with this immutable source coordinate. Existing whole-plan schedule is not current order; docs/plans/THE_ROADMAP.md governs.
archive/plans/THE_GEMMA_MAP_IS_DISSECTED_CONDENSED_CULTIVATED_AND_REBORN_AS_A_FROZEN_NATIVE_MODEL.md	1070	13	unresolved	docs/THE_MACHINE.md; docs/plans/THE_ATHENA_ALPHA_CULTIVATES_GENERAL_CONVERSATION_THROUGH_NATIVE_CONTEXTUAL_TRANSPORT.md	d17910d36ec72954c756f35a9dae4288542eae50:archive/plans/THE_GEMMA_MAP_IS_DISSECTED_CONDENSED_CULTIVATED_AND_REBORN_AS_A_FROZEN_NATIVE_MODEL.md	Inbound count is citation evidence, not proof of current authority or duplicate content. Resolve each cite in its owning source, extract any live definition to the named guide, otherwise replace with this immutable source coordinate. Existing whole-plan schedule is not current order; docs/plans/THE_ROADMAP.md governs.
archive/plans/THE_HOLONIC_INFERENCE_CIRCULATION_RETAINS_THE_CAUSAL_BOUNDARY_AND_HETEROGENEOUS_TRANSPORT_FUSES.md	567	1	unresolved	docs/ELEMENTARY_OBJECTS.md; docs/HOLON.md; docs/WINDING_CARRY_AND_PLACEMENT.md	d17910d36ec72954c756f35a9dae4288542eae50:archive/plans/THE_HOLONIC_INFERENCE_CIRCULATION_RETAINS_THE_CAUSAL_BOUNDARY_AND_HETEROGENEOUS_TRANSPORT_FUSES.md	Inbound count is citation evidence, not proof of current authority or duplicate content. Resolve each cite in its owning source, extract any live definition to the named guide, otherwise replace with this immutable source coordinate. Existing whole-plan schedule is not current order; docs/plans/THE_ROADMAP.md governs.
archive/plans/THE_HOLONIC_INTELLIGENCE_FRAMEWORK_RETURNS_INTRINSIC_HOLONS_AND_PACKAGES_DISMANTLING_INFERENCE_CULTIVATION_AND_GENERATION.md	405	0	unresolved	docs/ELEMENTARY_OBJECTS.md; docs/HOLON.md; docs/WINDING_CARRY_AND_PLACEMENT.md	d17910d36ec72954c756f35a9dae4288542eae50:archive/plans/THE_HOLONIC_INTELLIGENCE_FRAMEWORK_RETURNS_INTRINSIC_HOLONS_AND_PACKAGES_DISMANTLING_INFERENCE_CULTIVATION_AND_GENERATION.md	Zero inbound links is not evidence of safe deletion. Compare any unique definition/result with the named guide and research source; if historical scheduling only, classify duplicate after confirming no sole law/receipt.
archive/plans/THE_HOLONIC_NEURAL_ATHENA_IS_ONE_RECURRENT_ECOLOGY_AND_EVERY_OPERATION_ADVANCES_IT.md	411	10	unresolved	docs/ELEMENTARY_OBJECTS.md; docs/HOLON.md; docs/WINDING_CARRY_AND_PLACEMENT.md	d17910d36ec72954c756f35a9dae4288542eae50:archive/plans/THE_HOLONIC_NEURAL_ATHENA_IS_ONE_RECURRENT_ECOLOGY_AND_EVERY_OPERATION_ADVANCES_IT.md	Inbound count is citation evidence, not proof of current authority or duplicate content. Resolve each cite in its owning source, extract any live definition to the named guide, otherwise replace with this immutable source coordinate. Existing whole-plan schedule is not current order; docs/plans/THE_ROADMAP.md governs.
archive/plans/THE_HOLONIC_NEURAL_ECOLOGY_RETURNS_EVERY_CLASSICAL_ARCHITECTURE_AS_A_RECEIVER_CHART_AND_EROS_CULTIVATES_ATHENA_THROUGH_PHYSICAL_INFORMATION_TRANSPORT.md	383	0	unresolved	docs/ELEMENTARY_OBJECTS.md; docs/HOLON.md; docs/WINDING_CARRY_AND_PLACEMENT.md	d17910d36ec72954c756f35a9dae4288542eae50:archive/plans/THE_HOLONIC_NEURAL_ECOLOGY_RETURNS_EVERY_CLASSICAL_ARCHITECTURE_AS_A_RECEIVER_CHART_AND_EROS_CULTIVATES_ATHENA_THROUGH_PHYSICAL_INFORMATION_TRANSPORT.md	Zero inbound links is not evidence of safe deletion. Compare any unique definition/result with the named guide and research source; if historical scheduling only, classify duplicate after confirming no sole law/receipt.
archive/plans/THE_HOLON_IS_CAUSAL_NATURAL_AND_TENSOR_LENSES_RETURN_TENSOR_FACES.md	454	3	unresolved	docs/ELEMENTARY_OBJECTS.md; docs/HOLON.md; docs/WINDING_CARRY_AND_PLACEMENT.md	d17910d36ec72954c756f35a9dae4288542eae50:archive/plans/THE_HOLON_IS_CAUSAL_NATURAL_AND_TENSOR_LENSES_RETURN_TENSOR_FACES.md	Inbound count is citation evidence, not proof of current authority or duplicate content. Resolve each cite in its owning source, extract any live definition to the named guide, otherwise replace with this immutable source coordinate. Existing whole-plan schedule is not current order; docs/plans/THE_ROADMAP.md governs.
archive/plans/THE_HORIZON_IS_A_COORDINATE_NOT_A_GATE_AND_THE_EMISSION_KEEPS_ITS_CROSS.md	360	1	unresolved	docs/ELEMENTARY_OBJECTS.md; docs/HOLON.md; docs/WINDING_CARRY_AND_PLACEMENT.md	d17910d36ec72954c756f35a9dae4288542eae50:archive/plans/THE_HORIZON_IS_A_COORDINATE_NOT_A_GATE_AND_THE_EMISSION_KEEPS_ITS_CROSS.md	Inbound count is citation evidence, not proof of current authority or duplicate content. Resolve each cite in its owning source, extract any live definition to the named guide, otherwise replace with this immutable source coordinate. Existing whole-plan schedule is not current order; docs/plans/THE_ROADMAP.md governs.
archive/plans/THE_LABORATORY_ATHENA_UNIFIES_NATIVE_MATHEMATICAL_INFERENCE_REAL_OCR_AND_HETEROGENEOUS_TRANSPORT.md	342	1	unresolved	docs/ELEMENTARY_OBJECTS.md; docs/HOLON.md; docs/WINDING_CARRY_AND_PLACEMENT.md	d17910d36ec72954c756f35a9dae4288542eae50:archive/plans/THE_LABORATORY_ATHENA_UNIFIES_NATIVE_MATHEMATICAL_INFERENCE_REAL_OCR_AND_HETEROGENEOUS_TRANSPORT.md	Inbound count is citation evidence, not proof of current authority or duplicate content. Resolve each cite in its owning source, extract any live definition to the named guide, otherwise replace with this immutable source coordinate. Existing whole-plan schedule is not current order; docs/plans/THE_ROADMAP.md governs.
archive/plans/THE_LABORATORY_CIRCULATES_THROUGH_ATHENA_AND_RETURNED_LEAN_CONSTRAINTS_CULTIVATE_THE_HOLONICS_MATHEMATICS_ECOLOGY.md	425	0	unresolved	docs/ELEMENTARY_OBJECTS.md; docs/HOLON.md; docs/WINDING_CARRY_AND_PLACEMENT.md	d17910d36ec72954c756f35a9dae4288542eae50:archive/plans/THE_LABORATORY_CIRCULATES_THROUGH_ATHENA_AND_RETURNED_LEAN_CONSTRAINTS_CULTIVATE_THE_HOLONICS_MATHEMATICS_ECOLOGY.md	Zero inbound links is not evidence of safe deletion. Compare any unique definition/result with the named guide and research source; if historical scheduling only, classify duplicate after confirming no sole law/receipt.
archive/plans/THE_MACHINE.md	270	0	unresolved	docs/THE_MACHINE.md; docs/plans/THE_ATHENA_ALPHA_CULTIVATES_GENERAL_CONVERSATION_THROUGH_NATIVE_CONTEXTUAL_TRANSPORT.md	d17910d36ec72954c756f35a9dae4288542eae50:archive/plans/THE_MACHINE.md	Zero inbound links is not evidence of safe deletion. Compare any unique definition/result with the named guide and research source; if historical scheduling only, classify duplicate after confirming no sole law/receipt.
archive/plans/THE_MACHINE_PRODUCES_MATHEMATICS_IT_WAS_NOT_GIVEN.md	265	3	unresolved	docs/THE_MACHINE.md; docs/plans/THE_ATHENA_ALPHA_CULTIVATES_GENERAL_CONVERSATION_THROUGH_NATIVE_CONTEXTUAL_TRANSPORT.md	d17910d36ec72954c756f35a9dae4288542eae50:archive/plans/THE_MACHINE_PRODUCES_MATHEMATICS_IT_WAS_NOT_GIVEN.md	Inbound count is citation evidence, not proof of current authority or duplicate content. Resolve each cite in its owning source, extract any live definition to the named guide, otherwise replace with this immutable source coordinate. Existing whole-plan schedule is not current order; docs/plans/THE_ROADMAP.md governs.
archive/plans/THE_MAP_IS_MATERIAL_THE_HEAD_IS_A_CONTACT_AND_THE_INSTANCE_RESUMES.md	710	5	unresolved	docs/plans/THE_ROADMAP.md; docs/REPOSITORY.md	d17910d36ec72954c756f35a9dae4288542eae50:archive/plans/THE_MAP_IS_MATERIAL_THE_HEAD_IS_A_CONTACT_AND_THE_INSTANCE_RESUMES.md	Inbound count is citation evidence, not proof of current authority or duplicate content. Resolve each cite in its owning source, extract any live definition to the named guide, otherwise replace with this immutable source coordinate. Existing whole-plan schedule is not current order; docs/plans/THE_ROADMAP.md governs.
archive/plans/THE_MATHEMATICS_CODEC_RECOVERS_THE_OPERATION_COMPLEX_AND_EVERY_RESULT_RETURNS_AS_A_RECEIVER_FACE.md	1198	1	unresolved	docs/ELEMENTARY_OBJECTS.md; docs/HOLON.md; docs/WINDING_CARRY_AND_PLACEMENT.md	d17910d36ec72954c756f35a9dae4288542eae50:archive/plans/THE_MATHEMATICS_CODEC_RECOVERS_THE_OPERATION_COMPLEX_AND_EVERY_RESULT_RETURNS_AS_A_RECEIVER_FACE.md	Inbound count is citation evidence, not proof of current authority or duplicate content. Resolve each cite in its owning source, extract any live definition to the named guide, otherwise replace with this immutable source coordinate. Existing whole-plan schedule is not current order; docs/plans/THE_ROADMAP.md governs.
archive/plans/THE_METHOD_ATLAS.md	178	0	unresolved	docs/plans/THE_ROADMAP.md; docs/REPOSITORY.md	d17910d36ec72954c756f35a9dae4288542eae50:archive/plans/THE_METHOD_ATLAS.md	Zero inbound links is not evidence of safe deletion. Compare any unique definition/result with the named guide and research source; if historical scheduling only, classify duplicate after confirming no sole law/receipt.
archive/plans/THE_NATIVE_MATHEMATICAL_CONSEQUENCE_PRECEDES_EVERY_CODEC.md	163	0	unresolved	docs/THE_MACHINE.md; docs/plans/THE_ATHENA_ALPHA_CULTIVATES_GENERAL_CONVERSATION_THROUGH_NATIVE_CONTEXTUAL_TRANSPORT.md	d17910d36ec72954c756f35a9dae4288542eae50:archive/plans/THE_NATIVE_MATHEMATICAL_CONSEQUENCE_PRECEDES_EVERY_CODEC.md	Zero inbound links is not evidence of safe deletion. Compare any unique definition/result with the named guide and research source; if historical scheduling only, classify duplicate after confirming no sole law/receipt.
archive/plans/THE_NATIVE_MORPHOLOGY_VARIANT_FOUNDATION_RETURNS_FAITHFUL_LOCAL_LIFTS_PARENTED_CULTIVATION_AND_EXACT_EXPORT_LENSES.md	354	0	unresolved	docs/THE_MACHINE.md; docs/plans/THE_ATHENA_ALPHA_CULTIVATES_GENERAL_CONVERSATION_THROUGH_NATIVE_CONTEXTUAL_TRANSPORT.md	d17910d36ec72954c756f35a9dae4288542eae50:archive/plans/THE_NATIVE_MORPHOLOGY_VARIANT_FOUNDATION_RETURNS_FAITHFUL_LOCAL_LIFTS_PARENTED_CULTIVATION_AND_EXACT_EXPORT_LENSES.md	Zero inbound links is not evidence of safe deletion. Compare any unique definition/result with the named guide and research source; if historical scheduling only, classify duplicate after confirming no sole law/receipt.
archive/plans/THE_NATIVE_TRANSPORT_SCAFFOLD_LIFTS_INHERITED_CONDUCT_AND_ATHENA_CULTIVATES_RECEIVER_EXACT_MORPHOLOGY_THROUGH_REPEATED_CIRCULATION.md	280	0	unresolved	docs/ELEMENTARY_OBJECTS.md; docs/HOLON.md; docs/WINDING_CARRY_AND_PLACEMENT.md	d17910d36ec72954c756f35a9dae4288542eae50:archive/plans/THE_NATIVE_TRANSPORT_SCAFFOLD_LIFTS_INHERITED_CONDUCT_AND_ATHENA_CULTIVATES_RECEIVER_EXACT_MORPHOLOGY_THROUGH_REPEATED_CIRCULATION.md	Zero inbound links is not evidence of safe deletion. Compare any unique definition/result with the named guide and research source; if historical scheduling only, classify duplicate after confirming no sole law/receipt.
archive/plans/THE_ONE_ATHENA_MEMBRANE_TRANSDUCES_ARBITRARY_CURRENT_AND_INFERRED_RESPONSE_RETURNS_AS_DURABLE_MORPHOLOGY.md	943	0	unresolved	docs/THE_MACHINE.md; docs/plans/THE_ATHENA_ALPHA_CULTIVATES_GENERAL_CONVERSATION_THROUGH_NATIVE_CONTEXTUAL_TRANSPORT.md	d17910d36ec72954c756f35a9dae4288542eae50:archive/plans/THE_ONE_ATHENA_MEMBRANE_TRANSDUCES_ARBITRARY_CURRENT_AND_INFERRED_RESPONSE_RETURNS_AS_DURABLE_MORPHOLOGY.md	Zero inbound links is not evidence of safe deletion. Compare any unique definition/result with the named guide and research source; if historical scheduling only, classify duplicate after confirming no sole law/receipt.
archive/plans/THE_PHOENIX_REBIRTH_LIFTS_INHERITED_HEXIS_AND_RETURNS_A_NATIVE_EXECUTABLE_ECOLOGY.md	761	7	unresolved	docs/THE_MACHINE.md; docs/plans/THE_ATHENA_ALPHA_CULTIVATES_GENERAL_CONVERSATION_THROUGH_NATIVE_CONTEXTUAL_TRANSPORT.md	d17910d36ec72954c756f35a9dae4288542eae50:archive/plans/THE_PHOENIX_REBIRTH_LIFTS_INHERITED_HEXIS_AND_RETURNS_A_NATIVE_EXECUTABLE_ECOLOGY.md	Inbound count is citation evidence, not proof of current authority or duplicate content. Resolve each cite in its owning source, extract any live definition to the named guide, otherwise replace with this immutable source coordinate. Existing whole-plan schedule is not current order; docs/plans/THE_ROADMAP.md governs.
archive/plans/THE_PRESENTATION_ORGAN.md	263	8	unresolved	docs/THE_MACHINE.md; docs/plans/THE_ATHENA_ALPHA_CULTIVATES_GENERAL_CONVERSATION_THROUGH_NATIVE_CONTEXTUAL_TRANSPORT.md	d17910d36ec72954c756f35a9dae4288542eae50:archive/plans/THE_PRESENTATION_ORGAN.md	Inbound count is citation evidence, not proof of current authority or duplicate content. Resolve each cite in its owning source, extract any live definition to the named guide, otherwise replace with this immutable source coordinate. Existing whole-plan schedule is not current order; docs/plans/THE_ROADMAP.md governs.
archive/plans/THE_SEAM_HAS_A_FIRST_TIME_BY_DE_BRUIJN_AND_THE_THRESHOLD_IS_RH_WITH_NO_PORT.md	245	4	unresolved	docs/RH_CENTERED_CURRENT_UPPER_BOUND.md; docs/plans/THE_ROADMAP.md	d17910d36ec72954c756f35a9dae4288542eae50:archive/plans/THE_SEAM_HAS_A_FIRST_TIME_BY_DE_BRUIJN_AND_THE_THRESHOLD_IS_RH_WITH_NO_PORT.md	Inbound count is citation evidence, not proof of current authority or duplicate content. Resolve each cite in its owning source, extract any live definition to the named guide, otherwise replace with this immutable source coordinate. Existing whole-plan schedule is not current order; docs/plans/THE_ROADMAP.md governs.
archive/plans/THE_SINGLE_CARD_PASSAGE_CARRIES_PHOENIX_AND_THE_MATHEMATICS_CODEC.md	1311	49	unresolved	docs/THE_MACHINE.md; docs/plans/THE_ATHENA_ALPHA_CULTIVATES_GENERAL_CONVERSATION_THROUGH_NATIVE_CONTEXTUAL_TRANSPORT.md	d17910d36ec72954c756f35a9dae4288542eae50:archive/plans/THE_SINGLE_CARD_PASSAGE_CARRIES_PHOENIX_AND_THE_MATHEMATICS_CODEC.md	Inbound count is citation evidence, not proof of current authority or duplicate content. Resolve each cite in its owning source, extract any live definition to the named guide, otherwise replace with this immutable source coordinate. Existing whole-plan schedule is not current order; docs/plans/THE_ROADMAP.md governs.
archive/plans/THE_SITUATED_DIFFERENCE_RETURNS_THROUGH_PERSPECTIVE_CHARTS_AND_ATHENA_CULTIVATES_PROSE_MATHEMATICS_AND_CODE_AS_ONE_CAUSAL_ECOLOGY.md	450	1	unresolved	docs/THE_MACHINE.md; docs/plans/THE_ATHENA_ALPHA_CULTIVATES_GENERAL_CONVERSATION_THROUGH_NATIVE_CONTEXTUAL_TRANSPORT.md	d17910d36ec72954c756f35a9dae4288542eae50:archive/plans/THE_SITUATED_DIFFERENCE_RETURNS_THROUGH_PERSPECTIVE_CHARTS_AND_ATHENA_CULTIVATES_PROSE_MATHEMATICS_AND_CODE_AS_ONE_CAUSAL_ECOLOGY.md	Inbound count is citation evidence, not proof of current authority or duplicate content. Resolve each cite in its owning source, extract any live definition to the named guide, otherwise replace with this immutable source coordinate. Existing whole-plan schedule is not current order; docs/plans/THE_ROADMAP.md governs.
archive/plans/THE_SOULKILLER_EXCITES_THE_RESIDENT_REALIZATION_AND_RETURNS_THE_RECEIVER_FAMILY_QUOTIENT_AS_CONE_RESTRICTED_ECOLOGIES.md	142	8	unresolved	docs/HARDWARE_AND_MODALITY_BOUNDARIES.md; docs/plans/THE_EXACT_DEVICE_LAW_IS_CONSTRUCTED.md	d17910d36ec72954c756f35a9dae4288542eae50:archive/plans/THE_SOULKILLER_EXCITES_THE_RESIDENT_REALIZATION_AND_RETURNS_THE_RECEIVER_FAMILY_QUOTIENT_AS_CONE_RESTRICTED_ECOLOGIES.md	Inbound count is citation evidence, not proof of current authority or duplicate content. Resolve each cite in its owning source, extract any live definition to the named guide, otherwise replace with this immutable source coordinate. Existing whole-plan schedule is not current order; docs/plans/THE_ROADMAP.md governs.
archive/plans/THE_SOULKILLER_RETURNS_NATIVE_PARAMETRON_SPOOLS_AND_EROS_CULTIVATES_ONE_CONNECTED_ATHENA_ECOLOGY.md	248	0	unresolved	docs/THE_MACHINE.md; docs/plans/THE_ATHENA_ALPHA_CULTIVATES_GENERAL_CONVERSATION_THROUGH_NATIVE_CONTEXTUAL_TRANSPORT.md	d17910d36ec72954c756f35a9dae4288542eae50:archive/plans/THE_SOULKILLER_RETURNS_NATIVE_PARAMETRON_SPOOLS_AND_EROS_CULTIVATES_ONE_CONNECTED_ATHENA_ECOLOGY.md	Zero inbound links is not evidence of safe deletion. Compare any unique definition/result with the named guide and research source; if historical scheduling only, classify duplicate after confirming no sole law/receipt.
archive/plans/THE_STATEMENT_IS_A_CROSSING_WORD_AND_THE_SEPARATOR_IS_ORIENTED.md	283	1	unresolved	docs/plans/THE_ROADMAP.md; docs/REPOSITORY.md	d17910d36ec72954c756f35a9dae4288542eae50:archive/plans/THE_STATEMENT_IS_A_CROSSING_WORD_AND_THE_SEPARATOR_IS_ORIENTED.md	Inbound count is citation evidence, not proof of current authority or duplicate content. Resolve each cite in its owning source, extract any live definition to the named guide, otherwise replace with this immutable source coordinate. Existing whole-plan schedule is not current order; docs/plans/THE_ROADMAP.md governs.
archive/plans/THE_TRAVERSIBLE_CHAIN.md	830	3	unresolved	docs/ELEMENTARY_OBJECTS.md; docs/HOLON.md; docs/WINDING_CARRY_AND_PLACEMENT.md	d17910d36ec72954c756f35a9dae4288542eae50:archive/plans/THE_TRAVERSIBLE_CHAIN.md	Inbound count is citation evidence, not proof of current authority or duplicate content. Resolve each cite in its owning source, extract any live definition to the named guide, otherwise replace with this immutable source coordinate. Existing whole-plan schedule is not current order; docs/plans/THE_ROADMAP.md governs.
archive/plans/THE_TYPED_TRANSPORT_ATLAS.md	360	5	unresolved	docs/ELEMENTARY_OBJECTS.md; docs/HOLON.md; docs/WINDING_CARRY_AND_PLACEMENT.md	d17910d36ec72954c756f35a9dae4288542eae50:archive/plans/THE_TYPED_TRANSPORT_ATLAS.md	Inbound count is citation evidence, not proof of current authority or duplicate content. Resolve each cite in its owning source, extract any live definition to the named guide, otherwise replace with this immutable source coordinate. Existing whole-plan schedule is not current order; docs/plans/THE_ROADMAP.md governs.
archive/plans/THE_UNIFIED_ATHENA_BODY_RETURNS_TECHNICAL_CONDUCT_AND_BRANDON_THROUGH_COMPLETE_CULTIVATED_HISTORY.md	282	1	unresolved	docs/THE_MACHINE.md; docs/plans/THE_ATHENA_ALPHA_CULTIVATES_GENERAL_CONVERSATION_THROUGH_NATIVE_CONTEXTUAL_TRANSPORT.md	d17910d36ec72954c756f35a9dae4288542eae50:archive/plans/THE_UNIFIED_ATHENA_BODY_RETURNS_TECHNICAL_CONDUCT_AND_BRANDON_THROUGH_COMPLETE_CULTIVATED_HISTORY.md	Inbound count is citation evidence, not proof of current authority or duplicate content. Resolve each cite in its owning source, extract any live definition to the named guide, otherwise replace with this immutable source coordinate. Existing whole-plan schedule is not current order; docs/plans/THE_ROADMAP.md governs.
archive/plans/THE_VARIANT_WORKSPACE_APPLICATION_RETURNS_ACTUAL_LIFTS_EXPERIMENT_CIRCULATION_CULTIVATION_EVALUATION_AND_EXPLICIT_ARTIFACTS.md	285	0	unresolved	docs/THE_MACHINE.md; docs/plans/THE_ATHENA_ALPHA_CULTIVATES_GENERAL_CONVERSATION_THROUGH_NATIVE_CONTEXTUAL_TRANSPORT.md	d17910d36ec72954c756f35a9dae4288542eae50:archive/plans/THE_VARIANT_WORKSPACE_APPLICATION_RETURNS_ACTUAL_LIFTS_EXPERIMENT_CIRCULATION_CULTIVATION_EVALUATION_AND_EXPLICIT_ARTIFACTS.md	Zero inbound links is not evidence of safe deletion. Compare any unique definition/result with the named guide and research source; if historical scheduling only, classify duplicate after confirming no sole law/receipt.
archive/plans/THE_WORK_VECTOR_THE_HANDS_POLARITY_AND_THE_COMMITTED_STEP.md	314	3	unresolved	docs/plans/THE_ROADMAP.md; docs/REPOSITORY.md	d17910d36ec72954c756f35a9dae4288542eae50:archive/plans/THE_WORK_VECTOR_THE_HANDS_POLARITY_AND_THE_COMMITTED_STEP.md	Inbound count is citation evidence, not proof of current authority or duplicate content. Resolve each cite in its owning source, extract any live definition to the named guide, otherwise replace with this immutable source coordinate. Existing whole-plan schedule is not current order; docs/plans/THE_ROADMAP.md governs.
archive/plans/THE_WORLD_RETURN_DEPOSITS_ON_THE_ROUTE_IT_CROSSED_AND_THE_LEAN_KERNEL_IS_THE_FIRST_WORLD.md	247	0	unresolved	docs/THE_MACHINE.md; docs/plans/THE_ATHENA_ALPHA_CULTIVATES_GENERAL_CONVERSATION_THROUGH_NATIVE_CONTEXTUAL_TRANSPORT.md	d17910d36ec72954c756f35a9dae4288542eae50:archive/plans/THE_WORLD_RETURN_DEPOSITS_ON_THE_ROUTE_IT_CROSSED_AND_THE_LEAN_KERNEL_IS_THE_FIRST_WORLD.md	Zero inbound links is not evidence of safe deletion. Compare any unique definition/result with the named guide and research source; if historical scheduling only, classify duplicate after confirming no sole law/receipt.
archive/plans/THE_WORLD_RETURN_IS_MODALITY_NEUTRAL_AND_EVERY_LANGUAGE_IS_AN_APPLICATION.md	181	1	unresolved	docs/THE_MACHINE.md; docs/plans/THE_ATHENA_ALPHA_CULTIVATES_GENERAL_CONVERSATION_THROUGH_NATIVE_CONTEXTUAL_TRANSPORT.md	d17910d36ec72954c756f35a9dae4288542eae50:archive/plans/THE_WORLD_RETURN_IS_MODALITY_NEUTRAL_AND_EVERY_LANGUAGE_IS_AN_APPLICATION.md	Inbound count is citation evidence, not proof of current authority or duplicate content. Resolve each cite in its owning source, extract any live definition to the named guide, otherwise replace with this immutable source coordinate. Existing whole-plan schedule is not current order; docs/plans/THE_ROADMAP.md governs.
archive/plans/legacy/ARCHIVE_BANNER.md	43	0	duplicate historical scheduler	docs/plans/THE_ROADMAP.md; docs/REPOSITORY.md	d17910d36ec72954c756f35a9dae4288542eae50:archive/plans/legacy/ARCHIVE_BANNER.md	The file is explicitly superseded historical planning/provenance; current order is docs/plans/THE_ROADMAP.md and current repository map is docs/REPOSITORY.md. Replace live path references with guide owner plus this immutable source coordinate; old phase sequence does not transfer.
archive/plans/legacy/BUILD_AND_GRADE.md	33	0	duplicate historical scheduler	docs/plans/THE_ROADMAP.md; docs/REPOSITORY.md	d17910d36ec72954c756f35a9dae4288542eae50:archive/plans/legacy/BUILD_AND_GRADE.md	The file is explicitly superseded historical planning/provenance; current order is docs/plans/THE_ROADMAP.md and current repository map is docs/REPOSITORY.md. Replace live path references with guide owner plus this immutable source coordinate; old phase sequence does not transfer.
archive/plans/legacy/COMPLETE_CPP_ENGINE_ROADMAP.md	3726	0	duplicate historical scheduler	docs/plans/THE_ROADMAP.md; docs/REPOSITORY.md	d17910d36ec72954c756f35a9dae4288542eae50:archive/plans/legacy/COMPLETE_CPP_ENGINE_ROADMAP.md	The file is explicitly superseded historical planning/provenance; current order is docs/plans/THE_ROADMAP.md and current repository map is docs/REPOSITORY.md. Replace live path references with guide owner plus this immutable source coordinate; old phase sequence does not transfer.
archive/plans/legacy/CPP_GPU_FOUNDATION.md	204	1	unique live definition	docs/HARDWARE_AND_MODALITY_BOUNDARIES.md; docs/plans/THE_EXACT_DEVICE_LAW_IS_CONSTRUCTED.md	d17910d36ec72954c756f35a9dae4288542eae50:archive/plans/legacy/CPP_GPU_FOUNDATION.md	Its banner explicitly says purity, ownership, no-float and grading requirements survive. Transfer the surviving requirements into docs/HARDWARE_AND_MODALITY_BOUNDARIES.md and docs/plans/THE_EXACT_DEVICE_LAW_IS_CONSTRUCTED.md, then update docs/canon/THE_QUOTE_NETWORK.md citation; distinguish Rust/CUDA current contract from obsolete C++ apparatus/version constants.
archive/plans/legacy/EROS_EMBODIMENT_ROADMAP.md	695	1	duplicate historical scheduler	docs/THE_MACHINE.md; docs/plans/THE_ATHENA_ALPHA_CULTIVATES_GENERAL_CONVERSATION_THROUGH_NATIVE_CONTEXTUAL_TRANSPORT.md	d17910d36ec72954c756f35a9dae4288542eae50:archive/plans/legacy/EROS_EMBODIMENT_ROADMAP.md	The file is explicitly superseded historical planning/provenance; current order is docs/plans/THE_ROADMAP.md and current repository map is docs/REPOSITORY.md. Replace live path references with guide owner plus this immutable source coordinate; old phase sequence does not transfer.
archive/plans/legacy/EROS_MATHEMATICS_PRODUCTION_FLOOR.md	392	2	unresolved	docs/THE_MACHINE.md; docs/plans/THE_ATHENA_ALPHA_CULTIVATES_GENERAL_CONVERSATION_THROUGH_NATIVE_CONTEXTUAL_TRANSPORT.md	d17910d36ec72954c756f35a9dae4288542eae50:archive/plans/legacy/EROS_MATHEMATICS_PRODUCTION_FLOOR.md	Live canon/quote sources still cite this plan as a standing contract or claim; inspect each cited clause against current elementary-object and Athena guides before folding. Do not preserve historical product schedule as current authority.
archive/plans/legacy/REALIZATION_AND_HARDWARE.md	111	1	unique live definition	docs/HARDWARE_AND_MODALITY_BOUNDARIES.md; docs/plans/THE_EXACT_DEVICE_LAW_IS_CONSTRUCTED.md	d17910d36ec72954c756f35a9dae4288542eae50:archive/plans/legacy/REALIZATION_AND_HARDWARE.md	Its own banner says apparatus laws survive; its program/apparatus distinction, decoded semantic parity, full boundary/lineage agreement, logical resource agreement, and lifecycle criteria are not all stated together in current guide. Transfer a concise admission checklist to docs/plans/THE_EXACT_DEVICE_LAW_IS_CONSTRUCTED.md, with apparatus-neutral interpretation in docs/HARDWARE_AND_MODALITY_BOUNDARIES.md; then replace historical canon citations.
archive/plans/legacy/THE_FOUNDATION_REMAINDER.md	164	0	duplicate historical scheduler	docs/plans/THE_ROADMAP.md; docs/REPOSITORY.md	d17910d36ec72954c756f35a9dae4288542eae50:archive/plans/legacy/THE_FOUNDATION_REMAINDER.md	The file is explicitly superseded historical planning/provenance; current order is docs/plans/THE_ROADMAP.md and current repository map is docs/REPOSITORY.md. Replace live path references with guide owner plus this immutable source coordinate; old phase sequence does not transfer.
archive/plans/legacy/THE_GROWN_CIRCUIT.md	181	1	unresolved	docs/plans/THE_ROADMAP.md; docs/REPOSITORY.md	d17910d36ec72954c756f35a9dae4288542eae50:archive/plans/legacy/THE_GROWN_CIRCUIT.md	Live canon/quote sources still cite this plan as a standing contract or claim; inspect each cited clause against current elementary-object and Athena guides before folding. Do not preserve historical product schedule as current authority.
archive/plans/legacy/THE_ORDER_OF_WORK.md	255	0	duplicate historical scheduler	docs/plans/THE_ROADMAP.md; docs/REPOSITORY.md	d17910d36ec72954c756f35a9dae4288542eae50:archive/plans/legacy/THE_ORDER_OF_WORK.md	The file is explicitly superseded historical planning/provenance; current order is docs/plans/THE_ROADMAP.md and current repository map is docs/REPOSITORY.md. Replace live path references with guide owner plus this immutable source coordinate; old phase sequence does not transfer.
archive/plans/legacy/THE_SPINE.md	153	0	duplicate historical scheduler	docs/plans/THE_ROADMAP.md; docs/REPOSITORY.md	d17910d36ec72954c756f35a9dae4288542eae50:archive/plans/legacy/THE_SPINE.md	The file is explicitly superseded historical planning/provenance; current order is docs/plans/THE_ROADMAP.md and current repository map is docs/REPOSITORY.md. Replace live path references with guide owner plus this immutable source coordinate; old phase sequence does not transfer.
archive/plans/legacy/THE_SPINE_THE_CUT_AND_THE_TERRAIN.md	368	0	duplicate historical scheduler	docs/plans/THE_ROADMAP.md; docs/REPOSITORY.md	d17910d36ec72954c756f35a9dae4288542eae50:archive/plans/legacy/THE_SPINE_THE_CUT_AND_THE_TERRAIN.md	The file is explicitly superseded historical planning/provenance; current order is docs/plans/THE_ROADMAP.md and current repository map is docs/REPOSITORY.md. Replace live path references with guide owner plus this immutable source coordinate; old phase sequence does not transfer.

# Snapshot and disposition notes
# DOCS_R0.tsv snapshot revision: d17910d36ec72954c756f35a9dae4288542eae50; 73 tracked files under archive/plans/; inbound counts sum to 208 across 45 paths. These are source-count/path counts from that census, not 208 unique mathematical claims.
# Counts do not justify deletion: even zero-link plans may contain the only statement of a construction; cited files may be historical witness links rather than current authority. Exact citation replacements use immutable <revision>:<path> for historical testimony; any live definition must first move to its named current guide.
# First safe fold candidate (not yet executed): archive/plans/legacy/REALIZATION_AND_HARDWARE.md at immutable source d17910d36ec72954c756f35a9dae4288542eae50:archive/plans/legacy/REALIZATION_AND_HARDWARE.md. Transfer its specific apparatus-admission criteria (decoded semantic identity and per-element result/multiplicity, boundary/obstruction/lineage, deterministic logical resource obligation, and rest/remount agreement) into docs/plans/THE_EXACT_DEVICE_LAW_IS_CONSTRUCTED.md, and its apparatus-vs-semantic boundary into docs/HARDWARE_AND_MODALITY_BOUNDARIES.md. Update historical pointers in docs/canon/THE_QUOTE_NETWORK.md to those guide sections while retaining the immutable source coordinate for the original C++ contract. Existing docs/THE_MACHINE.md states full read/write, lineage, obstruction and resource commutation for parallel composition, but does not currently collect this backend admission checklist; preserve all listed hypotheses before the archived file is folded.
# The CPP_GPU_FOUNDATION.md row is also retained as a unique-live-definition candidate until the current guide transfer is checked. Its own banner claims the surviving purity/ownership/no-float/grading requirements are carried by CLAUDE.md and architecture lint; this audit does not treat that historical assertion as proof that every clause is present in the present Codex guide.
