path	lines	DOCS_R0_inbound_sources	classification	current_guide_or_consumer_owner	immutable_revision_coordinate	audit_evidence_and_required_citation_action
archive/equation-atlas/README.md	64	2	unique source fixture/law	research/records/2026-08-19_THE_FILLED_POLYGON_IS_A_TWO_CHAIN_THE_COSMOLOGICAL_FLOW_IS_A_SYMMETRY_QUOTIENT_AND_THE_EQUATION_ATLAS_RETAINS_ITS_FIBRES.md; research/records/2026-08-20_*; crates/holonic-life/examples/the_mathematical_source_circulates_without_a_grammar.rs; crates/holonic-life/examples/r0/source.rs	0e860129d1c8cece4295efa0c2695a003e87d0ee:archive/equation-atlas/README.md	Curated equations/relations and their schema are unique historical research fixtures; live Rust examples open equations.jsonl, relations.jsonl and manifest.json, and dated records cite specific equation rows. Do not fold until both callers are updated and record citations become immutable revision/line coordinates.
archive/equation-atlas/equations.jsonl	210	1	unique source fixture/law	research/records/2026-08-19_THE_FILLED_POLYGON_IS_A_TWO_CHAIN_THE_COSMOLOGICAL_FLOW_IS_A_SYMMETRY_QUOTIENT_AND_THE_EQUATION_ATLAS_RETAINS_ITS_FIBRES.md; research/records/2026-08-20_*; crates/holonic-life/examples/the_mathematical_source_circulates_without_a_grammar.rs; crates/holonic-life/examples/r0/source.rs	0e860129d1c8cece4295efa0c2695a003e87d0ee:archive/equation-atlas/equations.jsonl	Curated equations/relations and their schema are unique historical research fixtures; live Rust examples open equations.jsonl, relations.jsonl and manifest.json, and dated records cite specific equation rows. Do not fold until both callers are updated and record citations become immutable revision/line coordinates.
archive/equation-atlas/manifest.json	55	0	unique source fixture/law	research/records/2026-08-19_THE_FILLED_POLYGON_IS_A_TWO_CHAIN_THE_COSMOLOGICAL_FLOW_IS_A_SYMMETRY_QUOTIENT_AND_THE_EQUATION_ATLAS_RETAINS_ITS_FIBRES.md; research/records/2026-08-20_*; crates/holonic-life/examples/the_mathematical_source_circulates_without_a_grammar.rs; crates/holonic-life/examples/r0/source.rs	0e860129d1c8cece4295efa0c2695a003e87d0ee:archive/equation-atlas/manifest.json	Curated equations/relations and their schema are unique historical research fixtures; live Rust examples open equations.jsonl, relations.jsonl and manifest.json, and dated records cite specific equation rows. Do not fold until both callers are updated and record citations become immutable revision/line coordinates.
archive/equation-atlas/relations.jsonl	194	0	unique source fixture/law	research/records/2026-08-19_THE_FILLED_POLYGON_IS_A_TWO_CHAIN_THE_COSMOLOGICAL_FLOW_IS_A_SYMMETRY_QUOTIENT_AND_THE_EQUATION_ATLAS_RETAINS_ITS_FIBRES.md; research/records/2026-08-20_*; crates/holonic-life/examples/the_mathematical_source_circulates_without_a_grammar.rs; crates/holonic-life/examples/r0/source.rs	0e860129d1c8cece4295efa0c2695a003e87d0ee:archive/equation-atlas/relations.jsonl	Curated equations/relations and their schema are unique historical research fixtures; live Rust examples open equations.jsonl, relations.jsonl and manifest.json, and dated records cite specific equation rows. Do not fold until both callers are updated and record citations become immutable revision/line coordinates.
archive/equation-atlas/schema.json	131	0	unique source fixture/law	research/records/2026-08-19_THE_FILLED_POLYGON_IS_A_TWO_CHAIN_THE_COSMOLOGICAL_FLOW_IS_A_SYMMETRY_QUOTIENT_AND_THE_EQUATION_ATLAS_RETAINS_ITS_FIBRES.md; research/records/2026-08-20_*; crates/holonic-life/examples/the_mathematical_source_circulates_without_a_grammar.rs; crates/holonic-life/examples/r0/source.rs	0e860129d1c8cece4295efa0c2695a003e87d0ee:archive/equation-atlas/schema.json	Curated equations/relations and their schema are unique historical research fixtures; live Rust examples open equations.jsonl, relations.jsonl and manifest.json, and dated records cite specific equation rows. Do not fold until both callers are updated and record citations become immutable revision/line coordinates.
archive/experiments/2026-09-04-additive-equalization/README.md	28	0	unique experiment fixture	research/records/2026-09-04_HNP1_ADDITIVE_EQUALIZATION_CHANGED_CONDUCT_BUT_DID_NOT_FOUND_A_LEARNING_COMPARISON.md; docs/RETRACTIONS.md	0e860129d1c8cece4295efa0c2695a003e87d0ee:archive/experiments/2026-09-04-additive-equalization/README.md	Rejected attempt source/patch retained to distinguish observed effects from unjustified Add equalization. The HNP1 record preserves interpretation but not every reconstruction byte; retain immutable source coordinate in the record.
archive/experiments/2026-09-04-additive-equalization/integration.patch	107	0	unique experiment fixture	research/records/2026-09-04_HNP1_ADDITIVE_EQUALIZATION_CHANGED_CONDUCT_BUT_DID_NOT_FOUND_A_LEARNING_COMPARISON.md; docs/RETRACTIONS.md	0e860129d1c8cece4295efa0c2695a003e87d0ee:archive/experiments/2026-09-04-additive-equalization/integration.patch	Rejected attempt source/patch retained to distinguish observed effects from unjustified Add equalization. The HNP1 record preserves interpretation but not every reconstruction byte; retain immutable source coordinate in the record.
archive/experiments/2026-09-04-additive-equalization/junction_return_hnp1.rs	155	0	unique experiment fixture	research/records/2026-09-04_HNP1_ADDITIVE_EQUALIZATION_CHANGED_CONDUCT_BUT_DID_NOT_FOUND_A_LEARNING_COMPARISON.md; docs/RETRACTIONS.md	0e860129d1c8cece4295efa0c2695a003e87d0ee:archive/experiments/2026-09-04-additive-equalization/junction_return_hnp1.rs	Rejected attempt source/patch retained to distinguish observed effects from unjustified Add equalization. The HNP1 record preserves interpretation but not every reconstruction byte; retain immutable source coordinate in the record.
archive/experiments/2026-09-04-additive-equalization/native-control.json	12300	0	unique measured receipt	research/records/2026-09-04_HNP1_ADDITIVE_EQUALIZATION_CHANGED_CONDUCT_BUT_DID_NOT_FOUND_A_LEARNING_COMPARISON.md; docs/RETRACTIONS.md	0e860129d1c8cece4295efa0c2695a003e87d0ee:archive/experiments/2026-09-04-additive-equalization/native-control.json	README marks this JSON as the unchanged measured actual receipt (127 contacts, factor ranks 0→1778→3556→5334, withdrawal/restoration controls); cited by the HNP1 research record. Preserve exact input/output file coordinate in that record before any fold.
archive/experiments/2026-09-04-additive-equalization/operative_contact.rs	517	0	unique experiment fixture	research/records/2026-09-04_HNP1_ADDITIVE_EQUALIZATION_CHANGED_CONDUCT_BUT_DID_NOT_FOUND_A_LEARNING_COMPARISON.md; docs/RETRACTIONS.md	0e860129d1c8cece4295efa0c2695a003e87d0ee:archive/experiments/2026-09-04-additive-equalization/operative_contact.rs	Rejected attempt source/patch retained to distinguish observed effects from unjustified Add equalization. The HNP1 record preserves interpretation but not every reconstruction byte; retain immutable source coordinate in the record.
archive/experiments/2026-09-05-tied-next-arrival/README.md	24	5	unique experiment fixture	docs/plans/THE_NATIVE_HNA_FOUNDS_CONTEXTUAL_TRANSPORT_BEFORE_INHERITANCE.md; research/records/2026-09-05_NCF0_RECEIVER_TRANSPORT_KEEPS_ITS_DOMAIN_AND_ORIENTATION_IS_NOT_A_SCALAR_STATE.md; research/records/2026-09-05_HNP4_THE_NEXT_ARRIVAL_DEPOSITS_A_REUSABLE_CONTACT_AND_MATCHED_SELF_RETURN_IS_ZERO.md	0e860129d1c8cece4295efa0c2695a003e87d0ee:archive/experiments/2026-09-05-tied-next-arrival/README.md	README marks integration.patch against e92d24bc and three annotated Rust files as historical staged-draft fixtures; cited by NCF0/HNP4 and a Lean comment. Numerical/restart evidence is in HNP4 record, while the patch/source are needed only for reconstruction; replace these links with immutable 0e860129d1c8cece4295efa0c2695a003e87d0ee:<path> coordinates, and update the Lean comment before retiring.
archive/experiments/2026-09-05-tied-next-arrival/boundary_contact_hnp4.rs	112	0	unique experiment fixture	docs/plans/THE_NATIVE_HNA_FOUNDS_CONTEXTUAL_TRANSPORT_BEFORE_INHERITANCE.md; research/records/2026-09-05_NCF0_RECEIVER_TRANSPORT_KEEPS_ITS_DOMAIN_AND_ORIENTATION_IS_NOT_A_SCALAR_STATE.md; research/records/2026-09-05_HNP4_THE_NEXT_ARRIVAL_DEPOSITS_A_REUSABLE_CONTACT_AND_MATCHED_SELF_RETURN_IS_ZERO.md	0e860129d1c8cece4295efa0c2695a003e87d0ee:archive/experiments/2026-09-05-tied-next-arrival/boundary_contact_hnp4.rs	README marks integration.patch against e92d24bc and three annotated Rust files as historical staged-draft fixtures; cited by NCF0/HNP4 and a Lean comment. Numerical/restart evidence is in HNP4 record, while the patch/source are needed only for reconstruction; replace these links with immutable 0e860129d1c8cece4295efa0c2695a003e87d0ee:<path> coordinates, and update the Lean comment before retiring.
archive/experiments/2026-09-05-tied-next-arrival/boundary_restart_hnp4.rs	65	0	unique experiment fixture	docs/plans/THE_NATIVE_HNA_FOUNDS_CONTEXTUAL_TRANSPORT_BEFORE_INHERITANCE.md; research/records/2026-09-05_NCF0_RECEIVER_TRANSPORT_KEEPS_ITS_DOMAIN_AND_ORIENTATION_IS_NOT_A_SCALAR_STATE.md; research/records/2026-09-05_HNP4_THE_NEXT_ARRIVAL_DEPOSITS_A_REUSABLE_CONTACT_AND_MATCHED_SELF_RETURN_IS_ZERO.md	0e860129d1c8cece4295efa0c2695a003e87d0ee:archive/experiments/2026-09-05-tied-next-arrival/boundary_restart_hnp4.rs	README marks integration.patch against e92d24bc and three annotated Rust files as historical staged-draft fixtures; cited by NCF0/HNP4 and a Lean comment. Numerical/restart evidence is in HNP4 record, while the patch/source are needed only for reconstruction; replace these links with immutable 0e860129d1c8cece4295efa0c2695a003e87d0ee:<path> coordinates, and update the Lean comment before retiring.
archive/experiments/2026-09-05-tied-next-arrival/integration.patch	2411	0	unique experiment fixture	docs/plans/THE_NATIVE_HNA_FOUNDS_CONTEXTUAL_TRANSPORT_BEFORE_INHERITANCE.md; research/records/2026-09-05_NCF0_RECEIVER_TRANSPORT_KEEPS_ITS_DOMAIN_AND_ORIENTATION_IS_NOT_A_SCALAR_STATE.md; research/records/2026-09-05_HNP4_THE_NEXT_ARRIVAL_DEPOSITS_A_REUSABLE_CONTACT_AND_MATCHED_SELF_RETURN_IS_ZERO.md	0e860129d1c8cece4295efa0c2695a003e87d0ee:archive/experiments/2026-09-05-tied-next-arrival/integration.patch	README marks integration.patch against e92d24bc and three annotated Rust files as historical staged-draft fixtures; cited by NCF0/HNP4 and a Lean comment. Numerical/restart evidence is in HNP4 record, while the patch/source are needed only for reconstruction; replace these links with immutable 0e860129d1c8cece4295efa0c2695a003e87d0ee:<path> coordinates, and update the Lean comment before retiring.
archive/experiments/2026-09-05-tied-next-arrival/operative_boundary_contact.rs	464	0	unique experiment fixture	docs/plans/THE_NATIVE_HNA_FOUNDS_CONTEXTUAL_TRANSPORT_BEFORE_INHERITANCE.md; research/records/2026-09-05_NCF0_RECEIVER_TRANSPORT_KEEPS_ITS_DOMAIN_AND_ORIENTATION_IS_NOT_A_SCALAR_STATE.md; research/records/2026-09-05_HNP4_THE_NEXT_ARRIVAL_DEPOSITS_A_REUSABLE_CONTACT_AND_MATCHED_SELF_RETURN_IS_ZERO.md	0e860129d1c8cece4295efa0c2695a003e87d0ee:archive/experiments/2026-09-05-tied-next-arrival/operative_boundary_contact.rs	README marks integration.patch against e92d24bc and three annotated Rust files as historical staged-draft fixtures; cited by NCF0/HNP4 and a Lean comment. Numerical/restart evidence is in HNP4 record, while the patch/source are needed only for reconstruction; replace these links with immutable 0e860129d1c8cece4295efa0c2695a003e87d0ee:<path> coordinates, and update the Lean comment before retiring.
archive/implementations/2026-09-09-byte-field-cultivation/README.md	19	7	historical duplicate	docs/HNN_COMPOSITION.md; docs/ARCHITECTURE_MAP.md; docs/RUST_FRAMEWORK.md; docs/ATHENA.md; docs/NATIVE_HNA.md; docs/RETRACTIONS.md; crates/holonics-hna/README.md	0e860129d1c8cece4295efa0c2695a003e87d0ee:archive/implementations/2026-09-09-byte-field-cultivation/README.md	README identifies this as byte-identical removed source from e2e4bebb, outside Cargo discovery; current owners supersede the removed SDK wrapper and records retain the representation audit. Any historical declaration/file citation must become e2e4bebb3d33f7b70a07218a8003f8c7ad127892:<original path>; no source is currently imported or executed.
archive/implementations/2026-09-09-byte-field-cultivation/crates/holonics-hna/examples/alpha_actuation_restart.rs	69	0	historical duplicate	docs/HNN_COMPOSITION.md; docs/ARCHITECTURE_MAP.md; docs/RUST_FRAMEWORK.md; docs/ATHENA.md; docs/NATIVE_HNA.md; docs/RETRACTIONS.md; crates/holonics-hna/README.md	0e860129d1c8cece4295efa0c2695a003e87d0ee:archive/implementations/2026-09-09-byte-field-cultivation/crates/holonics-hna/examples/alpha_actuation_restart.rs	README identifies this as byte-identical removed source from e2e4bebb, outside Cargo discovery; current owners supersede the removed SDK wrapper and records retain the representation audit. Any historical declaration/file citation must become e2e4bebb3d33f7b70a07218a8003f8c7ad127892:<original path>; no source is currently imported or executed.
archive/implementations/2026-09-09-byte-field-cultivation/crates/holonics-hna/examples/alpha_causal_propagation.rs	62	0	historical duplicate	docs/HNN_COMPOSITION.md; docs/ARCHITECTURE_MAP.md; docs/RUST_FRAMEWORK.md; docs/ATHENA.md; docs/NATIVE_HNA.md; docs/RETRACTIONS.md; crates/holonics-hna/README.md	0e860129d1c8cece4295efa0c2695a003e87d0ee:archive/implementations/2026-09-09-byte-field-cultivation/crates/holonics-hna/examples/alpha_causal_propagation.rs	README identifies this as byte-identical removed source from e2e4bebb, outside Cargo discovery; current owners supersede the removed SDK wrapper and records retain the representation audit. Any historical declaration/file citation must become e2e4bebb3d33f7b70a07218a8003f8c7ad127892:<original path>; no source is currently imported or executed.
archive/implementations/2026-09-09-byte-field-cultivation/crates/holonics-hna/examples/alpha_contextual_lift.rs	288	1	historical duplicate	docs/HNN_COMPOSITION.md; docs/ARCHITECTURE_MAP.md; docs/RUST_FRAMEWORK.md; docs/ATHENA.md; docs/NATIVE_HNA.md; docs/RETRACTIONS.md; crates/holonics-hna/README.md	0e860129d1c8cece4295efa0c2695a003e87d0ee:archive/implementations/2026-09-09-byte-field-cultivation/crates/holonics-hna/examples/alpha_contextual_lift.rs	README identifies this as byte-identical removed source from e2e4bebb, outside Cargo discovery; current owners supersede the removed SDK wrapper and records retain the representation audit. Any historical declaration/file citation must become e2e4bebb3d33f7b70a07218a8003f8c7ad127892:<original path>; no source is currently imported or executed.
archive/implementations/2026-09-09-byte-field-cultivation/crates/holonics-hna/examples/alpha_contextual_return.rs	141	0	historical duplicate	docs/HNN_COMPOSITION.md; docs/ARCHITECTURE_MAP.md; docs/RUST_FRAMEWORK.md; docs/ATHENA.md; docs/NATIVE_HNA.md; docs/RETRACTIONS.md; crates/holonics-hna/README.md	0e860129d1c8cece4295efa0c2695a003e87d0ee:archive/implementations/2026-09-09-byte-field-cultivation/crates/holonics-hna/examples/alpha_contextual_return.rs	README identifies this as byte-identical removed source from e2e4bebb, outside Cargo discovery; current owners supersede the removed SDK wrapper and records retain the representation audit. Any historical declaration/file citation must become e2e4bebb3d33f7b70a07218a8003f8c7ad127892:<original path>; no source is currently imported or executed.
archive/implementations/2026-09-09-byte-field-cultivation/crates/holonics-hna/examples/alpha_current_source.rs	167	0	historical duplicate	docs/HNN_COMPOSITION.md; docs/ARCHITECTURE_MAP.md; docs/RUST_FRAMEWORK.md; docs/ATHENA.md; docs/NATIVE_HNA.md; docs/RETRACTIONS.md; crates/holonics-hna/README.md	0e860129d1c8cece4295efa0c2695a003e87d0ee:archive/implementations/2026-09-09-byte-field-cultivation/crates/holonics-hna/examples/alpha_current_source.rs	README identifies this as byte-identical removed source from e2e4bebb, outside Cargo discovery; current owners supersede the removed SDK wrapper and records retain the representation audit. Any historical declaration/file citation must become e2e4bebb3d33f7b70a07218a8003f8c7ad127892:<original path>; no source is currently imported or executed.
archive/implementations/2026-09-09-byte-field-cultivation/crates/holonics-hna/examples/alpha_internal_mode.rs	125	1	historical duplicate	docs/HNN_COMPOSITION.md; docs/ARCHITECTURE_MAP.md; docs/RUST_FRAMEWORK.md; docs/ATHENA.md; docs/NATIVE_HNA.md; docs/RETRACTIONS.md; crates/holonics-hna/README.md	0e860129d1c8cece4295efa0c2695a003e87d0ee:archive/implementations/2026-09-09-byte-field-cultivation/crates/holonics-hna/examples/alpha_internal_mode.rs	README identifies this as byte-identical removed source from e2e4bebb, outside Cargo discovery; current owners supersede the removed SDK wrapper and records retain the representation audit. Any historical declaration/file citation must become e2e4bebb3d33f7b70a07218a8003f8c7ad127892:<original path>; no source is currently imported or executed.
archive/implementations/2026-09-09-byte-field-cultivation/crates/holonics-hna/examples/alpha_material.rs	673	2	historical duplicate	docs/HNN_COMPOSITION.md; docs/ARCHITECTURE_MAP.md; docs/RUST_FRAMEWORK.md; docs/ATHENA.md; docs/NATIVE_HNA.md; docs/RETRACTIONS.md; crates/holonics-hna/README.md	0e860129d1c8cece4295efa0c2695a003e87d0ee:archive/implementations/2026-09-09-byte-field-cultivation/crates/holonics-hna/examples/alpha_material.rs	README identifies this as byte-identical removed source from e2e4bebb, outside Cargo discovery; current owners supersede the removed SDK wrapper and records retain the representation audit. Any historical declaration/file citation must become e2e4bebb3d33f7b70a07218a8003f8c7ad127892:<original path>; no source is currently imported or executed.
archive/implementations/2026-09-09-byte-field-cultivation/crates/holonics-hna/examples/alpha_text.rs	891	0	historical duplicate	docs/HNN_COMPOSITION.md; docs/ARCHITECTURE_MAP.md; docs/RUST_FRAMEWORK.md; docs/ATHENA.md; docs/NATIVE_HNA.md; docs/RETRACTIONS.md; crates/holonics-hna/README.md	0e860129d1c8cece4295efa0c2695a003e87d0ee:archive/implementations/2026-09-09-byte-field-cultivation/crates/holonics-hna/examples/alpha_text.rs	README identifies this as byte-identical removed source from e2e4bebb, outside Cargo discovery; current owners supersede the removed SDK wrapper and records retain the representation audit. Any historical declaration/file citation must become e2e4bebb3d33f7b70a07218a8003f8c7ad127892:<original path>; no source is currently imported or executed.
archive/implementations/2026-09-09-byte-field-cultivation/crates/holonics-hna/examples/alpha_text/tests.rs	253	0	historical duplicate	docs/HNN_COMPOSITION.md; docs/ARCHITECTURE_MAP.md; docs/RUST_FRAMEWORK.md; docs/ATHENA.md; docs/NATIVE_HNA.md; docs/RETRACTIONS.md; crates/holonics-hna/README.md	0e860129d1c8cece4295efa0c2695a003e87d0ee:archive/implementations/2026-09-09-byte-field-cultivation/crates/holonics-hna/examples/alpha_text/tests.rs	README identifies this as byte-identical removed source from e2e4bebb, outside Cargo discovery; current owners supersede the removed SDK wrapper and records retain the representation audit. Any historical declaration/file citation must become e2e4bebb3d33f7b70a07218a8003f8c7ad127892:<original path>; no source is currently imported or executed.
archive/implementations/2026-09-09-byte-field-cultivation/crates/holonics-hna/src/alpha.rs	13	0	historical duplicate	docs/HNN_COMPOSITION.md; docs/ARCHITECTURE_MAP.md; docs/RUST_FRAMEWORK.md; docs/ATHENA.md; docs/NATIVE_HNA.md; docs/RETRACTIONS.md; crates/holonics-hna/README.md	0e860129d1c8cece4295efa0c2695a003e87d0ee:archive/implementations/2026-09-09-byte-field-cultivation/crates/holonics-hna/src/alpha.rs	README identifies this as byte-identical removed source from e2e4bebb, outside Cargo discovery; current owners supersede the removed SDK wrapper and records retain the representation audit. Any historical declaration/file citation must become e2e4bebb3d33f7b70a07218a8003f8c7ad127892:<original path>; no source is currently imported or executed.
archive/implementations/2026-09-09-byte-field-cultivation/crates/holonics-hna/src/alpha/checkpoint.rs	391	0	historical duplicate	docs/HNN_COMPOSITION.md; docs/ARCHITECTURE_MAP.md; docs/RUST_FRAMEWORK.md; docs/ATHENA.md; docs/NATIVE_HNA.md; docs/RETRACTIONS.md; crates/holonics-hna/README.md	0e860129d1c8cece4295efa0c2695a003e87d0ee:archive/implementations/2026-09-09-byte-field-cultivation/crates/holonics-hna/src/alpha/checkpoint.rs	README identifies this as byte-identical removed source from e2e4bebb, outside Cargo discovery; current owners supersede the removed SDK wrapper and records retain the representation audit. Any historical declaration/file citation must become e2e4bebb3d33f7b70a07218a8003f8c7ad127892:<original path>; no source is currently imported or executed.
archive/implementations/2026-09-09-byte-field-cultivation/crates/holonics-hna/src/alpha/checkpoint/tests.rs	143	0	historical duplicate	docs/HNN_COMPOSITION.md; docs/ARCHITECTURE_MAP.md; docs/RUST_FRAMEWORK.md; docs/ATHENA.md; docs/NATIVE_HNA.md; docs/RETRACTIONS.md; crates/holonics-hna/README.md	0e860129d1c8cece4295efa0c2695a003e87d0ee:archive/implementations/2026-09-09-byte-field-cultivation/crates/holonics-hna/src/alpha/checkpoint/tests.rs	README identifies this as byte-identical removed source from e2e4bebb, outside Cargo discovery; current owners supersede the removed SDK wrapper and records retain the representation audit. Any historical declaration/file citation must become e2e4bebb3d33f7b70a07218a8003f8c7ad127892:<original path>; no source is currently imported or executed.
archive/implementations/2026-09-09-byte-field-cultivation/crates/holonics-hna/src/alpha/material.rs	251	1	historical duplicate	docs/HNN_COMPOSITION.md; docs/ARCHITECTURE_MAP.md; docs/RUST_FRAMEWORK.md; docs/ATHENA.md; docs/NATIVE_HNA.md; docs/RETRACTIONS.md; crates/holonics-hna/README.md	0e860129d1c8cece4295efa0c2695a003e87d0ee:archive/implementations/2026-09-09-byte-field-cultivation/crates/holonics-hna/src/alpha/material.rs	README identifies this as byte-identical removed source from e2e4bebb, outside Cargo discovery; current owners supersede the removed SDK wrapper and records retain the representation audit. Any historical declaration/file citation must become e2e4bebb3d33f7b70a07218a8003f8c7ad127892:<original path>; no source is currently imported or executed.
archive/implementations/2026-09-09-byte-field-cultivation/crates/holonics-hna/src/alpha/text_codec.rs	347	0	historical duplicate	docs/HNN_COMPOSITION.md; docs/ARCHITECTURE_MAP.md; docs/RUST_FRAMEWORK.md; docs/ATHENA.md; docs/NATIVE_HNA.md; docs/RETRACTIONS.md; crates/holonics-hna/README.md	0e860129d1c8cece4295efa0c2695a003e87d0ee:archive/implementations/2026-09-09-byte-field-cultivation/crates/holonics-hna/src/alpha/text_codec.rs	README identifies this as byte-identical removed source from e2e4bebb, outside Cargo discovery; current owners supersede the removed SDK wrapper and records retain the representation audit. Any historical declaration/file citation must become e2e4bebb3d33f7b70a07218a8003f8c7ad127892:<original path>; no source is currently imported or executed.
archive/implementations/2026-09-09-byte-field-cultivation/crates/holonics-hna/src/alpha/text_session.rs	506	0	historical duplicate	docs/HNN_COMPOSITION.md; docs/ARCHITECTURE_MAP.md; docs/RUST_FRAMEWORK.md; docs/ATHENA.md; docs/NATIVE_HNA.md; docs/RETRACTIONS.md; crates/holonics-hna/README.md	0e860129d1c8cece4295efa0c2695a003e87d0ee:archive/implementations/2026-09-09-byte-field-cultivation/crates/holonics-hna/src/alpha/text_session.rs	README identifies this as byte-identical removed source from e2e4bebb, outside Cargo discovery; current owners supersede the removed SDK wrapper and records retain the representation audit. Any historical declaration/file citation must become e2e4bebb3d33f7b70a07218a8003f8c7ad127892:<original path>; no source is currently imported or executed.
archive/implementations/2026-09-09-byte-field-cultivation/crates/holonics-hna/src/alpha/text_session/native_tests.rs	400	0	historical duplicate	docs/HNN_COMPOSITION.md; docs/ARCHITECTURE_MAP.md; docs/RUST_FRAMEWORK.md; docs/ATHENA.md; docs/NATIVE_HNA.md; docs/RETRACTIONS.md; crates/holonics-hna/README.md	0e860129d1c8cece4295efa0c2695a003e87d0ee:archive/implementations/2026-09-09-byte-field-cultivation/crates/holonics-hna/src/alpha/text_session/native_tests.rs	README identifies this as byte-identical removed source from e2e4bebb, outside Cargo discovery; current owners supersede the removed SDK wrapper and records retain the representation audit. Any historical declaration/file citation must become e2e4bebb3d33f7b70a07218a8003f8c7ad127892:<original path>; no source is currently imported or executed.
archive/implementations/2026-09-09-byte-field-cultivation/crates/holonics-hna/src/native/field.rs	133	0	historical duplicate	docs/HNN_COMPOSITION.md; docs/ARCHITECTURE_MAP.md; docs/RUST_FRAMEWORK.md; docs/ATHENA.md; docs/NATIVE_HNA.md; docs/RETRACTIONS.md; crates/holonics-hna/README.md	0e860129d1c8cece4295efa0c2695a003e87d0ee:archive/implementations/2026-09-09-byte-field-cultivation/crates/holonics-hna/src/native/field.rs	README identifies this as byte-identical removed source from e2e4bebb, outside Cargo discovery; current owners supersede the removed SDK wrapper and records retain the representation audit. Any historical declaration/file citation must become e2e4bebb3d33f7b70a07218a8003f8c7ad127892:<original path>; no source is currently imported or executed.
archive/implementations/2026-09-09-byte-field-cultivation/crates/holonics-hna/src/native/field/checkpoint.rs	134	0	historical duplicate	docs/HNN_COMPOSITION.md; docs/ARCHITECTURE_MAP.md; docs/RUST_FRAMEWORK.md; docs/ATHENA.md; docs/NATIVE_HNA.md; docs/RETRACTIONS.md; crates/holonics-hna/README.md	0e860129d1c8cece4295efa0c2695a003e87d0ee:archive/implementations/2026-09-09-byte-field-cultivation/crates/holonics-hna/src/native/field/checkpoint.rs	README identifies this as byte-identical removed source from e2e4bebb, outside Cargo discovery; current owners supersede the removed SDK wrapper and records retain the representation audit. Any historical declaration/file citation must become e2e4bebb3d33f7b70a07218a8003f8c7ad127892:<original path>; no source is currently imported or executed.
archive/implementations/2026-09-09-byte-field-cultivation/crates/holonics-hna/src/native/field/tests.rs	308	0	historical duplicate	docs/HNN_COMPOSITION.md; docs/ARCHITECTURE_MAP.md; docs/RUST_FRAMEWORK.md; docs/ATHENA.md; docs/NATIVE_HNA.md; docs/RETRACTIONS.md; crates/holonics-hna/README.md	0e860129d1c8cece4295efa0c2695a003e87d0ee:archive/implementations/2026-09-09-byte-field-cultivation/crates/holonics-hna/src/native/field/tests.rs	README identifies this as byte-identical removed source from e2e4bebb, outside Cargo discovery; current owners supersede the removed SDK wrapper and records retain the representation audit. Any historical declaration/file citation must become e2e4bebb3d33f7b70a07218a8003f8c7ad127892:<original path>; no source is currently imported or executed.
archive/implementations/2026-09-09-byte-field-cultivation/docs/NATIVE_HNA.md	643	1	historical duplicate	docs/HNN_COMPOSITION.md; docs/ARCHITECTURE_MAP.md; docs/RUST_FRAMEWORK.md; docs/ATHENA.md; docs/NATIVE_HNA.md; docs/RETRACTIONS.md; crates/holonics-hna/README.md	0e860129d1c8cece4295efa0c2695a003e87d0ee:archive/implementations/2026-09-09-byte-field-cultivation/docs/NATIVE_HNA.md	README identifies this as byte-identical removed source from e2e4bebb, outside Cargo discovery; current owners supersede the removed SDK wrapper and records retain the representation audit. Any historical declaration/file citation must become e2e4bebb3d33f7b70a07218a8003f8c7ad127892:<original path>; no source is currently imported or executed.
archive/implementations/2026-09-13-fitted-wave-adapter/README.md	14	1	unique experiment fixture	research/records/2026-09-13_CONDITIONED_PREDICTION_AND_DYNAMIC_INTERIOR_RETURN.md; docs/plans/THE_ATHENA_ALPHA_CULTIVATES_GENERAL_CONVERSATION_THROUGH_NATIVE_CONTEXTUAL_TRANSPORT.md; docs/plans/THE_EXACT_DEVICE_LAW_IS_CONSTRUCTED.md	0e860129d1c8cece4295efa0c2695a003e87d0ee:archive/implementations/2026-09-13-fitted-wave-adapter/README.md	README identifies a withdrawn caller-configured wave path; adapter.patch is the removed delta against b823d5e8 and two snapshots retain an unused helper pair. Record preserves measured attempt files separately. Keep source fixtures recoverable by 0e860129d1c8cece4295efa0c2695a003e87d0ee:<path>; update any citation before fold.
archive/implementations/2026-09-13-fitted-wave-adapter/adapter.patch	804	0	unique experiment fixture	research/records/2026-09-13_CONDITIONED_PREDICTION_AND_DYNAMIC_INTERIOR_RETURN.md; docs/plans/THE_ATHENA_ALPHA_CULTIVATES_GENERAL_CONVERSATION_THROUGH_NATIVE_CONTEXTUAL_TRANSPORT.md; docs/plans/THE_EXACT_DEVICE_LAW_IS_CONSTRUCTED.md	0e860129d1c8cece4295efa0c2695a003e87d0ee:archive/implementations/2026-09-13-fitted-wave-adapter/adapter.patch	README identifies a withdrawn caller-configured wave path; adapter.patch is the removed delta against b823d5e8 and two snapshots retain an unused helper pair. Record preserves measured attempt files separately. Keep source fixtures recoverable by 0e860129d1c8cece4295efa0c2695a003e87d0ee:<path>; update any citation before fold.
archive/implementations/2026-09-13-fitted-wave-adapter/normal_applied_relation.cuh.snapshot	82	0	unique experiment fixture	research/records/2026-09-13_CONDITIONED_PREDICTION_AND_DYNAMIC_INTERIOR_RETURN.md; docs/plans/THE_ATHENA_ALPHA_CULTIVATES_GENERAL_CONVERSATION_THROUGH_NATIVE_CONTEXTUAL_TRANSPORT.md; docs/plans/THE_EXACT_DEVICE_LAW_IS_CONSTRUCTED.md	0e860129d1c8cece4295efa0c2695a003e87d0ee:archive/implementations/2026-09-13-fitted-wave-adapter/normal_applied_relation.cuh.snapshot	README identifies a withdrawn caller-configured wave path; adapter.patch is the removed delta against b823d5e8 and two snapshots retain an unused helper pair. Record preserves measured attempt files separately. Keep source fixtures recoverable by 0e860129d1c8cece4295efa0c2695a003e87d0ee:<path>; update any citation before fold.
archive/implementations/2026-09-13-fitted-wave-adapter/surface_normal_relation.rs.snapshot	48	0	unique experiment fixture	research/records/2026-09-13_CONDITIONED_PREDICTION_AND_DYNAMIC_INTERIOR_RETURN.md; docs/plans/THE_ATHENA_ALPHA_CULTIVATES_GENERAL_CONVERSATION_THROUGH_NATIVE_CONTEXTUAL_TRANSPORT.md; docs/plans/THE_EXACT_DEVICE_LAW_IS_CONSTRUCTED.md	0e860129d1c8cece4295efa0c2695a003e87d0ee:archive/implementations/2026-09-13-fitted-wave-adapter/surface_normal_relation.rs.snapshot	README identifies a withdrawn caller-configured wave path; adapter.patch is the removed delta against b823d5e8 and two snapshots retain an unused helper pair. Record preserves measured attempt files separately. Keep source fixtures recoverable by 0e860129d1c8cece4295efa0c2695a003e87d0ee:<path>; update any citation before fold.
archive/operations/2026-09-12_INFORMATION_ENGINE_BEFORE_FRONTIER_CONSOLIDATION.md	529	4	historical duplicate	docs/AGENT_PROTOCOL.md; docs/canon/THE_DOCUMENT_LAW.md; docs/DEVELOPMENT.md; research/README.md; research/experiments/README.md; applications/holonics-workbench/WORKBENCH.md; docs/canon/THE_INFORMATION_ENGINE.md	0e860129d1c8cece4295efa0c2695a003e87d0ee:archive/operations/2026-09-12_INFORMATION_ENGINE_BEFORE_FRONTIER_CONSOLIDATION.md	Pre-consolidation operating/navigation snapshot; current named guide is governing and Sept 20 audit record explains the move. It is history, not another procedure. Replace direct consumer links with the current guide and immutable source coordinate 0e860129d1c8cece4295efa0c2695a003e87d0ee:archive/operations/2026-09-12_INFORMATION_ENGINE_BEFORE_FRONTIER_CONSOLIDATION.md.
archive/operations/AGENT_PROTOCOL_BEFORE_PORTABLE_EVIDENCE.md	115	1	historical duplicate	docs/AGENT_PROTOCOL.md; docs/canon/THE_DOCUMENT_LAW.md; docs/DEVELOPMENT.md; research/README.md; research/experiments/README.md; applications/holonics-workbench/WORKBENCH.md; docs/canon/THE_INFORMATION_ENGINE.md	0e860129d1c8cece4295efa0c2695a003e87d0ee:archive/operations/AGENT_PROTOCOL_BEFORE_PORTABLE_EVIDENCE.md	Pre-consolidation operating/navigation snapshot; current named guide is governing and Sept 20 audit record explains the move. It is history, not another procedure. Replace direct consumer links with the current guide and immutable source coordinate 0e860129d1c8cece4295efa0c2695a003e87d0ee:archive/operations/AGENT_PROTOCOL_BEFORE_PORTABLE_EVIDENCE.md.
archive/operations/DOCUMENT_LAW_BEFORE_HNA_CONSOLIDATION.md	758	1	historical duplicate	docs/AGENT_PROTOCOL.md; docs/canon/THE_DOCUMENT_LAW.md; docs/DEVELOPMENT.md; research/README.md; research/experiments/README.md; applications/holonics-workbench/WORKBENCH.md; docs/canon/THE_INFORMATION_ENGINE.md	0e860129d1c8cece4295efa0c2695a003e87d0ee:archive/operations/DOCUMENT_LAW_BEFORE_HNA_CONSOLIDATION.md	Pre-consolidation operating/navigation snapshot; current named guide is governing and Sept 20 audit record explains the move. It is history, not another procedure. Replace direct consumer links with the current guide and immutable source coordinate 0e860129d1c8cece4295efa0c2695a003e87d0ee:archive/operations/DOCUMENT_LAW_BEFORE_HNA_CONSOLIDATION.md.
archive/operations/EXPERIMENT_READING_RULES_BEFORE_2026-09-20.md	54	1	unique measured receipt	research/experiments/README.md; research/records/2026-09-20_THE_OPERATING_GUIDES_CARRY_THE_MACHINE_AND_RESEARCH_INTO_THE_CONSUMER.md	0e860129d1c8cece4295efa0c2695a003e87d0ee:archive/operations/EXPERIMENT_READING_RULES_BEFORE_2026-09-20.md	One current inbound from research/experiments/README.md. Snapshot reports a unique 179-instrument audit (19 duplicated mathematics, 15 floating) and one 84-vs-336 GQA erratum; the deposited-map record independently preserves the latter, but not the audit count. Add a one-line scoped summary to the Sept 20 operating-guides record with source coordinate 76234843410b4529eae038ff111392d69e6fbe4e:archive/operations/EXPERIMENT_READING_RULES_BEFORE_2026-09-20.md; then edit research/experiments/README.md to point to that record plus immutable source citation.
archive/operations/OPERATING_CONTRACT_BEFORE_HNA_CONSOLIDATION.md	890	0	historical duplicate	docs/AGENT_PROTOCOL.md; docs/canon/THE_DOCUMENT_LAW.md; docs/DEVELOPMENT.md; research/README.md; research/experiments/README.md; applications/holonics-workbench/WORKBENCH.md; docs/canon/THE_INFORMATION_ENGINE.md	0e860129d1c8cece4295efa0c2695a003e87d0ee:archive/operations/OPERATING_CONTRACT_BEFORE_HNA_CONSOLIDATION.md	Pre-consolidation operating/navigation snapshot; current named guide is governing and Sept 20 audit record explains the move. It is history, not another procedure. Replace direct consumer links with the current guide and immutable source coordinate 0e860129d1c8cece4295efa0c2695a003e87d0ee:archive/operations/OPERATING_CONTRACT_BEFORE_HNA_CONSOLIDATION.md.
archive/operations/RESEARCH_NAVIGATION_BEFORE_2026-09-20.md	355	1	historical duplicate	docs/AGENT_PROTOCOL.md; docs/canon/THE_DOCUMENT_LAW.md; docs/DEVELOPMENT.md; research/README.md; research/experiments/README.md; applications/holonics-workbench/WORKBENCH.md; docs/canon/THE_INFORMATION_ENGINE.md	0e860129d1c8cece4295efa0c2695a003e87d0ee:archive/operations/RESEARCH_NAVIGATION_BEFORE_2026-09-20.md	Pre-consolidation operating/navigation snapshot; current named guide is governing and Sept 20 audit record explains the move. It is history, not another procedure. Replace direct consumer links with the current guide and immutable source coordinate 0e860129d1c8cece4295efa0c2695a003e87d0ee:archive/operations/RESEARCH_NAVIGATION_BEFORE_2026-09-20.md.
archive/operations/WORKBENCH_BEFORE_HNA_CONSOLIDATION.md	131	1	historical duplicate	docs/AGENT_PROTOCOL.md; docs/canon/THE_DOCUMENT_LAW.md; docs/DEVELOPMENT.md; research/README.md; research/experiments/README.md; applications/holonics-workbench/WORKBENCH.md; docs/canon/THE_INFORMATION_ENGINE.md	0e860129d1c8cece4295efa0c2695a003e87d0ee:archive/operations/WORKBENCH_BEFORE_HNA_CONSOLIDATION.md	Pre-consolidation operating/navigation snapshot; current named guide is governing and Sept 20 audit record explains the move. It is history, not another procedure. Replace direct consumer links with the current guide and immutable source coordinate 0e860129d1c8cece4295efa0c2695a003e87d0ee:archive/operations/WORKBENCH_BEFORE_HNA_CONSOLIDATION.md.
archive/tooling/CLAIM_INDEX_SNAPSHOT.md	1183	0	historical duplicate	docs/REPOSITORY.md; research/papers/source/mathematics/README.md; current research routes	0e860129d1c8cece4295efa0c2695a003e87d0ee:archive/tooling/CLAIM_INDEX_SNAPSHOT.md	Generated index/baseline or validator, not a mathematical owner; the active equation atlas is already declared retired and is only historical input. Preserve snapshot/source revision coordinate 0e860129d1c8cece4295efa0c2695a003e87d0ee:archive/tooling/CLAIM_INDEX_SNAPSHOT.md wherever testimony depends on it.
archive/tooling/README.md	19	1	historical duplicate	tools/README.md; docs/REPOSITORY.md	0e860129d1c8cece4295efa0c2695a003e87d0ee:archive/tooling/README.md	Retired-tool inventory, no unique receipt/law. Current tools/README.md carries opt-in/no-blanket-gate policy and docs/REPOSITORY.md maps remaining archived tools. One current inbound consumer is tools/README.md:10; replace that link with 0e860129d1c8cece4295efa0c2695a003e87d0ee:archive/tooling/README.md.
archive/tooling/baselines/SOURCE_SHAPE_BASELINE.tsv	448	0	historical duplicate	docs/REPOSITORY.md; research/papers/source/mathematics/README.md; current research routes	0e860129d1c8cece4295efa0c2695a003e87d0ee:archive/tooling/baselines/SOURCE_SHAPE_BASELINE.tsv	Generated index/baseline or validator, not a mathematical owner; the active equation atlas is already declared retired and is only historical input. Preserve snapshot/source revision coordinate 0e860129d1c8cece4295efa0c2695a003e87d0ee:archive/tooling/baselines/SOURCE_SHAPE_BASELINE.tsv wherever testimony depends on it.
archive/tooling/build_m0_source_fixture.sh	110	0	historical duplicate	tools/README.md; docs/REPOSITORY.md; relevant source README	0e860129d1c8cece4295efa0c2695a003e87d0ee:archive/tooling/build_m0_source_fixture.sh	Retired navigation/validation utility; no current source call found for this file (claim_index.py is separately retained as a source fixture). Citation replacement: 0e860129d1c8cece4295efa0c2695a003e87d0ee:archive/tooling/build_m0_source_fixture.sh; current owner is the actual source/research guide, not a regenerated blanket index.
archive/tooling/claim_index.py	430	1	unique source fixture	crates/holonic-life/examples/the_code_material_returns_its_world_line.rs; docs/REPOSITORY.md	0e860129d1c8cece4295efa0c2695a003e87d0ee:archive/tooling/claim_index.py	Current life example includes this exact source in PYTHON_FAMILY and reads its bytes as material; it is not executing the tool. Move the fixture into the example’s committed fixture/source family and update the path before fold, or pin 0e860129d1c8cece4295efa0c2695a003e87d0ee:archive/tooling/claim_index.py as the source coordinate. Other behavior of the claim index is retired.
archive/tooling/document_law.py	362	0	historical duplicate	tools/README.md; docs/REPOSITORY.md; relevant source README	0e860129d1c8cece4295efa0c2695a003e87d0ee:archive/tooling/document_law.py	Retired navigation/validation utility; no current source call found for this file (claim_index.py is separately retained as a source fixture). Citation replacement: 0e860129d1c8cece4295efa0c2695a003e87d0ee:archive/tooling/document_law.py; current owner is the actual source/research guide, not a regenerated blanket index.
archive/tooling/epistemic_tags.py	96	0	historical duplicate	tools/README.md; docs/REPOSITORY.md; relevant source README	0e860129d1c8cece4295efa0c2695a003e87d0ee:archive/tooling/epistemic_tags.py	Retired navigation/validation utility; no current source call found for this file (claim_index.py is separately retained as a source fixture). Citation replacement: 0e860129d1c8cece4295efa0c2695a003e87d0ee:archive/tooling/epistemic_tags.py; current owner is the actual source/research guide, not a regenerated blanket index.
archive/tooling/equation_atlas.py	217	0	historical duplicate	docs/REPOSITORY.md; research/papers/source/mathematics/README.md; current research routes	0e860129d1c8cece4295efa0c2695a003e87d0ee:archive/tooling/equation_atlas.py	Generated index/baseline or validator, not a mathematical owner; the active equation atlas is already declared retired and is only historical input. Preserve snapshot/source revision coordinate 0e860129d1c8cece4295efa0c2695a003e87d0ee:archive/tooling/equation_atlas.py wherever testimony depends on it.
archive/tooling/gates.sh	452	0	historical duplicate	tools/README.md; docs/REPOSITORY.md; relevant source README	0e860129d1c8cece4295efa0c2695a003e87d0ee:archive/tooling/gates.sh	Retired navigation/validation utility; no current source call found for this file (claim_index.py is separately retained as a source fixture). Citation replacement: 0e860129d1c8cece4295efa0c2695a003e87d0ee:archive/tooling/gates.sh; current owner is the actual source/research guide, not a regenerated blanket index.
archive/tooling/record-index/Cargo.toml	8	0	historical duplicate	tools/README.md; docs/REPOSITORY.md; relevant source README	0e860129d1c8cece4295efa0c2695a003e87d0ee:archive/tooling/record-index/Cargo.toml	Retired navigation/validation utility; no current source call found for this file (claim_index.py is separately retained as a source fixture). Citation replacement: 0e860129d1c8cece4295efa0c2695a003e87d0ee:archive/tooling/record-index/Cargo.toml; current owner is the actual source/research guide, not a regenerated blanket index.
archive/tooling/record-index/README.md	22	0	historical duplicate	tools/README.md; docs/REPOSITORY.md; relevant source README	0e860129d1c8cece4295efa0c2695a003e87d0ee:archive/tooling/record-index/README.md	Retired navigation/validation utility; no current source call found for this file (claim_index.py is separately retained as a source fixture). Citation replacement: 0e860129d1c8cece4295efa0c2695a003e87d0ee:archive/tooling/record-index/README.md; current owner is the actual source/research guide, not a regenerated blanket index.
archive/tooling/record-index/allocations.tsv	297	0	historical duplicate	tools/README.md; docs/REPOSITORY.md; relevant source README	0e860129d1c8cece4295efa0c2695a003e87d0ee:archive/tooling/record-index/allocations.tsv	Retired navigation/validation utility; no current source call found for this file (claim_index.py is separately retained as a source fixture). Citation replacement: 0e860129d1c8cece4295efa0c2695a003e87d0ee:archive/tooling/record-index/allocations.tsv; current owner is the actual source/research guide, not a regenerated blanket index.
archive/tooling/record-index/src/lib.rs	353	0	historical duplicate	tools/README.md; docs/REPOSITORY.md; relevant source README	0e860129d1c8cece4295efa0c2695a003e87d0ee:archive/tooling/record-index/src/lib.rs	Retired navigation/validation utility; no current source call found for this file (claim_index.py is separately retained as a source fixture). Citation replacement: 0e860129d1c8cece4295efa0c2695a003e87d0ee:archive/tooling/record-index/src/lib.rs; current owner is the actual source/research guide, not a regenerated blanket index.
archive/tooling/record-index/src/main.rs	108	0	historical duplicate	tools/README.md; docs/REPOSITORY.md; relevant source README	0e860129d1c8cece4295efa0c2695a003e87d0ee:archive/tooling/record-index/src/main.rs	Retired navigation/validation utility; no current source call found for this file (claim_index.py is separately retained as a source fixture). Citation replacement: 0e860129d1c8cece4295efa0c2695a003e87d0ee:archive/tooling/record-index/src/main.rs; current owner is the actual source/research guide, not a regenerated blanket index.
archive/tooling/record-index/src/model.rs	110	0	historical duplicate	tools/README.md; docs/REPOSITORY.md; relevant source README	0e860129d1c8cece4295efa0c2695a003e87d0ee:archive/tooling/record-index/src/model.rs	Retired navigation/validation utility; no current source call found for this file (claim_index.py is separately retained as a source fixture). Citation replacement: 0e860129d1c8cece4295efa0c2695a003e87d0ee:archive/tooling/record-index/src/model.rs; current owner is the actual source/research guide, not a regenerated blanket index.
archive/tooling/record-index/src/render.rs	319	0	historical duplicate	tools/README.md; docs/REPOSITORY.md; relevant source README	0e860129d1c8cece4295efa0c2695a003e87d0ee:archive/tooling/record-index/src/render.rs	Retired navigation/validation utility; no current source call found for this file (claim_index.py is separately retained as a source fixture). Citation replacement: 0e860129d1c8cece4295efa0c2695a003e87d0ee:archive/tooling/record-index/src/render.rs; current owner is the actual source/research guide, not a regenerated blanket index.
archive/tooling/record-index/src/scan.rs	1215	0	historical duplicate	tools/README.md; docs/REPOSITORY.md; relevant source README	0e860129d1c8cece4295efa0c2695a003e87d0ee:archive/tooling/record-index/src/scan.rs	Retired navigation/validation utility; no current source call found for this file (claim_index.py is separately retained as a source fixture). Citation replacement: 0e860129d1c8cece4295efa0c2695a003e87d0ee:archive/tooling/record-index/src/scan.rs; current owner is the actual source/research guide, not a regenerated blanket index.
archive/tooling/record-index/src/sha256.rs	165	0	historical duplicate	tools/README.md; docs/REPOSITORY.md; relevant source README	0e860129d1c8cece4295efa0c2695a003e87d0ee:archive/tooling/record-index/src/sha256.rs	Retired navigation/validation utility; no current source call found for this file (claim_index.py is separately retained as a source fixture). Citation replacement: 0e860129d1c8cece4295efa0c2695a003e87d0ee:archive/tooling/record-index/src/sha256.rs; current owner is the actual source/research guide, not a regenerated blanket index.
archive/tooling/record-index/src/tests.rs	195	0	historical duplicate	tools/README.md; docs/REPOSITORY.md; relevant source README	0e860129d1c8cece4295efa0c2695a003e87d0ee:archive/tooling/record-index/src/tests.rs	Retired navigation/validation utility; no current source call found for this file (claim_index.py is separately retained as a source fixture). Citation replacement: 0e860129d1c8cece4295efa0c2695a003e87d0ee:archive/tooling/record-index/src/tests.rs; current owner is the actual source/research guide, not a regenerated blanket index.
archive/tooling/source_shape.py	151	0	historical duplicate	tools/README.md; docs/REPOSITORY.md; relevant source README	0e860129d1c8cece4295efa0c2695a003e87d0ee:archive/tooling/source_shape.py	Retired navigation/validation utility; no current source call found for this file (claim_index.py is separately retained as a source fixture). Citation replacement: 0e860129d1c8cece4295efa0c2695a003e87d0ee:archive/tooling/source_shape.py; current owner is the actual source/research guide, not a regenerated blanket index.
archive/tooling/tracked_authority.py	89	0	historical duplicate	tools/README.md; docs/REPOSITORY.md; relevant source README	0e860129d1c8cece4295efa0c2695a003e87d0ee:archive/tooling/tracked_authority.py	Retired navigation/validation utility; no current source call found for this file (claim_index.py is separately retained as a source fixture). Citation replacement: 0e860129d1c8cece4295efa0c2695a003e87d0ee:archive/tooling/tracked_authority.py; current owner is the actual source/research guide, not a regenerated blanket index.

# Subtree summary
# archive/equation-atlas: 5 files, 3 DOCS_R0 inbound sources on README/equations; source data/schema are retained inputs, and two live Rust examples consume the data. Do not fold this subtree before those consumers are migrated.
# archive/experiments: 10 files, 5 DOCS_R0 inbound sources, all on tied-next-arrival README. Two experiments preserve separate scopes: additive equalization is a rejected inference with a unique measured JSON receipt; tied-next-arrival is a withdrawn foundation draft whose patch/source are distinct reconstruction fixtures.
# archive/implementations: 25 files, 14 inbound sources across seven cited paths. Byte-field cultivation is a superseded source snapshot pinned at e2e4bebb; fitted-wave adapter retains a withdrawn patch/snapshots and record-scoped measurement. These are historical fixtures, not current executable APIs.
# archive/operations: 7 files, 9 inbound sources across six files. They are pre-consolidation guides; the experiment-reading snapshot has unique 179-instrument audit evidence. The 84/336 GQA correction is repeated in the deposited-map research record.
# archive/tooling: 21 files, 2 inbound sources across README and claim_index.py. claim_index.py is consumed as literal input data by a current life example, so move that source fixture or preserve its pinned coordinate; other validators/indexes are retired.
# First safe file-level fold candidate: archive/tooling/README.md (19 lines; immutable source 0e860129d1c8cece4295efa0c2695a003e87d0ee:archive/tooling/README.md). It contains only the retired tooling map, with no distinct measurement or mathematical law. Exact consumer edit: in tools/README.md:10 replace [archive/tooling](../archive/tooling/README.md) with a reference to docs/REPOSITORY.md for current archived-tool paths and the immutable source coordinate 0e860129d1c8cece4295efa0c2695a003e87d0ee:archive/tooling/README.md for historical inventory. `docs/REPOSITORY.md` already gives the retired record-index, baseline and claim-index mapping, and tools/README.md already states the no-blanket-gate policy; no other consumer of the README itself was found. This folds only the README, not archive/tooling/claim_index.py, which remains a source fixture.
# Snapshot scope: DOCS_R0.tsv was built at d17910d36ec72954c756f35a9dae4288542eae50; these 68 archive file rows have 33 inbound sources across 18 paths. The immutable revision coordinate in each row is the main checkout HEAD used for this audit (0e860129d1c8cece4295efa0c2695a003e87d0ee), with source history references retained where they are more specific.
