kind	head	detail	form	witness
symmetry	betaIntegral	degree 2 order 2 abelian true	[2 1]	
symmetry	ordinaryHypergeometricSeries	degree 4 order 2 abelian true	[1 3 2 4]	
transport	CFC.sqrt	symmetry 0 substitution 0 arity 0	CFC.sqrt x0 = cfcₙ x1 x0	
transport	Complex.Gamma	symmetry 0 substitution 0 arity 0	Complex.Gamma x0 = Gamma x1	
transport	Complex.exp	symmetry 0 substitution 0 arity 0	Complex.exp  = NormedSpace.exp 	
transport	Complex.polarCoord.source	symmetry 0 substitution 0 arity 0	Complex.polarCoord.source  = slitPlane 	
transport	Gamma	symmetry 0 substitution 0 arity 0	Gamma x0 = 0 	
transport	Gamma	symmetry 0 substitution 0 arity 0	Gamma x0 = 1 	
transport	Gamma	symmetry 0 substitution 0 arity 0	Gamma x0 = GammaAux x1 x0	
transport	Gamma	symmetry 0 substitution 0 arity 0	Gamma x0 = GammaIntegral x0	
transport	Gamma	symmetry 0 substitution 0 arity 0	Gamma x0 = conj x1	
transport	GammaAux	symmetry 0 substitution 1 arity 0	GammaAux x0 x1 = GammaAux x2 x1	
transport	GammaIntegral	symmetry 0 substitution 0 arity 0	GammaIntegral x0 = 1 	
transport	GammaIntegral	symmetry 0 substitution 0 arity 0	GammaIntegral x0 = conj x1	
transport	Gammaℝ	symmetry 0 substitution 0 arity 0	Gammaℝ x0 = 1 	
transport	L.G	symmetry 0 substitution 0 arity 0	L.G x0 = 0 	
transport	L.basis	symmetry 0 substitution 0 arity 0	L.basis x0 = L.ω₁ 	
transport	L.basis	symmetry 0 substitution 0 arity 0	L.basis x0 = L.ω₂ 	
transport	L.lattice	symmetry 0 substitution 0 arity 0	L.lattice  = Submodule.span x0 x1	
transport	L.latticeBasis	symmetry 0 substitution 0 arity 0	L.latticeBasis x0 = L.ω₁ 	
transport	L.latticeBasis	symmetry 0 substitution 0 arity 0	L.latticeBasis x0 = L.ω₂ 	
transport	L.relation	symmetry 0 substitution 3 arity 0	L.relation  = 0 	
transport	L.relation	symmetry 0 substitution 3 arity 0	L.relation x0 = L.relation x1	
transport	L.sumInvPow	symmetry 0 substitution 0 arity 0	L.sumInvPow x0 = L.G 	
transport	L.weierstrassPExceptSeries	symmetry 0 substitution 0 arity 0	L.weierstrassPExceptSeries x0 = L.weierstrassPSeries 	
transport	L.weierstrassPExceptSummand	symmetry 0 substitution 0 arity 0	L.weierstrassPExceptSummand x0 = L.weierstrassPSummand 	
transport	Real.cos	symmetry 0 substitution 0 arity 0	Real.cos x0 = cos x1	
transport	Real.exp	symmetry 0 substitution 0 arity 0	Real.exp  = NormedSpace.exp 	
transport	Real.log	symmetry 0 substitution 0 arity 0	Real.log x0 = log x0	
transport	Real.log	symmetry 0 substitution 0 arity 0	Real.log x0 x1 = log x2	
transport	Real.sin	symmetry 0 substitution 0 arity 0	Real.sin x0 = sin x1	
transport	Real.tan	symmetry 0 substitution 0 arity 0	Real.tan x0 = tan x1	
transport	Set.range	symmetry 0 substitution 0 arity 0	Set.range x0 = Set.Ioc x1 x2	
transport	Set.range	symmetry 0 substitution 0 arity 0	Set.range x0 = Set.univ 	
transport	SignType.sign	symmetry 0 substitution 0 arity 0	SignType.sign x0 = θ.sign 	
transport	a	symmetry 0 substitution 0 arity 0	a  = b 	
transport	abs	symmetry 0 substitution 3 arity 0	abs x0 = 0 	
transport	abs	symmetry 0 substitution 3 arity 0	abs x0 = 1 	
transport	abs	symmetry 0 substitution 3 arity 0	abs x0 = a 	
transport	abs	symmetry 0 substitution 3 arity 0	abs x0 = abs x1	
transport	abs	symmetry 0 substitution 3 arity 0	abs x0 = cfc x1 x0	
transport	abs	symmetry 0 substitution 3 arity 0	abs x0 = cfcₙ x1 x0	
transport	abs	symmetry 0 substitution 3 arity 0	abs x0 = n 	
transport	abs	symmetry 0 substitution 3 arity 0	abs x0 = ofNat x1	
transport	arccos	symmetry 0 substitution 0 arity 0	arccos x0 = 0 	
transport	arccos	symmetry 0 substitution 0 arity 0	arccos x0 = arcsin x1	
transport	arccos	symmetry 0 substitution 0 arity 0	arccos x0 = arctan x1	
transport	arccos	symmetry 0 substitution 0 arity 0	arccos x0 = x 	
transport	arccos	symmetry 0 substitution 0 arity 0	arccos x0 = y 	
transport	arccos	symmetry 0 substitution 0 arity 0	arccos x0 = π 	
transport	arcosh	symmetry 0 substitution 0 arity 0	arcosh x0 = 0 	
transport	arcosh	symmetry 0 substitution 0 arity 0	arcosh x0 = x 	
transport	arcsin	symmetry 0 substitution 1 arity 0	arcsin x0 = 0 	
transport	arcsin	symmetry 0 substitution 1 arity 0	arcsin x0 = arccos x1	
transport	arcsin	symmetry 0 substitution 1 arity 0	arcsin x0 = arcsin x1	
transport	arcsin	symmetry 0 substitution 1 arity 0	arcsin x0 = arctan x1	
transport	arcsin	symmetry 0 substitution 1 arity 0	arcsin x0 = x 	
transport	arctan	symmetry 0 substitution 0 arity 0	arctan x0 = 0 	
transport	arctan	symmetry 0 substitution 0 arity 0	arctan x0 = arcsin x1	
transport	arctan	symmetry 0 substitution 0 arity 0	arctan x0 = x 	
transport	arctan	symmetry 0 substitution 0 arity 0	arctan x0 = z 	
transport	arg	symmetry 0 substitution 2 arity 0	arg x0 = 0 	
transport	arg	symmetry 0 substitution 2 arity 0	arg x0 = Real.arccos x1	
transport	arg	symmetry 0 substitution 2 arity 0	arg x0 = Real.arcsin x1	
transport	arg	symmetry 0 substitution 2 arity 0	arg x0 = arg x1	
transport	arg	symmetry 0 substitution 2 arity 0	arg x0 = toIocMod x1 x2 x3	
transport	arg	symmetry 0 substitution 2 arity 0	arg x0 = x 	
transport	arg	symmetry 0 substitution 2 arity 0	arg x0 = θ 	
transport	arg	symmetry 0 substitution 2 arity 0	arg x0 = π 	
transport	arg	symmetry 0 substitution 2 arity 0	arg x0 x1 = 0 	
transport	arsinh	symmetry 0 substitution 0 arity 0	arsinh x0 = 0 	
transport	arsinh	symmetry 0 substitution 0 arity 0	arsinh x0 = x 	
transport	artanh	symmetry 0 substitution 0 arity 0	artanh x0 = 0 	
transport	artanh	symmetry 0 substitution 0 arity 0	artanh x0 = x 	
transport	bernsteinApproximation	symmetry 0 substitution 0 arity 0	bernsteinApproximation x0 x1 x2 = f x2	
transport	betaIntegral	symmetry 1 substitution 0 arity 0	betaIntegral x0 x1 = betaIntegral x1 x0	
transport	binEntropy	symmetry 0 substitution 2 arity 0	binEntropy x0 = 0 	
transport	binEntropy	symmetry 0 substitution 2 arity 0	binEntropy x0 = binEntropy x1	
transport	cfc	symmetry 0 substitution 1 arity 0	cfc x0 x1 = cfc x2 x3	
transport	cfc	symmetry 0 substitution 1 arity 0	cfc x0 x1 = exp x1	
transport	cfcₙ	symmetry 0 substitution 1 arity 0	cfcₙ x0 x1 = cfcₙ x2 x3	
transport	circleAverage	symmetry 0 substitution 0 arity 0	circleAverage x0 x1 x2 = 0 	
transport	circleAverage	symmetry 0 substitution 0 arity 0	circleAverage x0 x1 x2 = log x2	
transport	circleMap	symmetry 0 substitution 0 arity 0	circleMap x0 x1 = const x2 x0	
transport	comap	symmetry 0 substitution 3 arity 0	comap x0 x1 = atBot 	
transport	comap	symmetry 0 substitution 3 arity 0	comap x0 x1 = atTop 	
transport	comap	symmetry 0 substitution 3 arity 0	comap x0 x1 = comap x2 x3	
transport	comap	symmetry 0 substitution 3 arity 0	comap x0 x1 = 𝓝 x2	
transport	cos	symmetry 0 substitution 7 arity 0	cos x0 = 0 	
transport	cos	symmetry 0 substitution 7 arity 0	cos x0 = 1 	
transport	cos	symmetry 0 substitution 7 arity 0	cos x0 = Real.cos x1	
transport	cos	symmetry 0 substitution 7 arity 0	cos x0 = cos x1	
transport	cos	symmetry 0 substitution 7 arity 0	cos x0 = sin x1	
transport	cos	symmetry 0 substitution 7 arity 0	cos x0 = x 	
transport	cosh	symmetry 0 substitution 0 arity 0	cosh x0 = x 	
transport	deriv	symmetry 0 substitution 0 arity 0	deriv x0 = Inv.inv 	
transport	deriv	symmetry 0 substitution 0 arity 0	deriv x0 = cos 	
transport	deriv	symmetry 0 substitution 0 arity 0	deriv x0 = cosh 	
transport	deriv	symmetry 0 substitution 0 arity 0	deriv x0 = exp 	
transport	deriv	symmetry 0 substitution 0 arity 0	deriv x0 = sinh 	
transport	deriv	symmetry 0 substitution 0 arity 0	deriv x0 x1 = 0 	
transport	deriv	symmetry 0 substitution 0 arity 0	deriv x0 x1 = logDeriv x2 x1	
transport	doublingGamma	symmetry 0 substitution 0 arity 0	doublingGamma x0 = 1 	
transport	doublingGamma	symmetry 0 substitution 0 arity 0	doublingGamma x0 = Gamma x0	
transport	exp	symmetry 0 substitution 2 arity 0	exp x0 = 1 	
transport	exp	symmetry 0 substitution 2 arity 0	exp x0 = ENNReal.ofReal x1	
transport	exp	symmetry 0 substitution 2 arity 0	exp x0 = I 	
transport	exp	symmetry 0 substitution 2 arity 0	exp x0 = a 	
transport	exp	symmetry 0 substitution 2 arity 0	exp x0 = exp x1	
transport	exp	symmetry 0 substitution 2 arity 0	exp x0 = x 	
transport	exp	symmetry 0 substitution 2 arity 0	exp x0 = z 	
transport	expHomeomorph	symmetry 0 substitution 0 arity 0	expHomeomorph x0 = exp x0	
transport	expHomeomorph.symm	symmetry 0 substitution 0 arity 0	expHomeomorph.symm  = logHomeomorph 	
transport	expNegInvGlue	symmetry 0 substitution 0 arity 0	expNegInvGlue x0 = 0 	
transport	expOrderIso	symmetry 0 substitution 0 arity 0	expOrderIso x0 = exp x0	
transport	expOrderIso.symm	symmetry 0 substitution 0 arity 0	expOrderIso.symm  = logOrderIso 	
transport	finrank	symmetry 0 substitution 0 arity 0	finrank x0 x1 = 2 	
transport	homeomorphCircle	symmetry 0 substitution 0 arity 0	homeomorphCircle x0 x1 = toCircle x1	
transport	iteratedDeriv	symmetry 0 substitution 3 arity 0	iteratedDeriv x0 x1 = cosh 	
transport	iteratedDeriv	symmetry 0 substitution 3 arity 0	iteratedDeriv x0 x1 = iteratedDeriv x2 x3	
transport	iteratedDeriv	symmetry 0 substitution 3 arity 0	iteratedDeriv x0 x1 = sinh 	
transport	iteratedDeriv	symmetry 0 substitution 3 arity 0	iteratedDeriv x0 x1 x2 = 0 	
transport	iteratedDerivWithin	symmetry 0 substitution 0 arity 0	iteratedDerivWithin x0 x1 x2 x3 = iteratedDeriv x0 x1 x3	
transport	log	symmetry 0 substitution 1 arity 0	log  = o x0 x1	
transport	log	symmetry 0 substitution 1 arity 0	log x0 = 0 	
transport	log	symmetry 0 substitution 1 arity 0	log x0 = Real.log x1	
transport	log	symmetry 0 substitution 1 arity 0	log x0 = a 	
transport	log	symmetry 0 substitution 1 arity 0	log x0 = algebraMap x1 x2 x3	
transport	log	symmetry 0 substitution 1 arity 0	log x0 = conj x1	
transport	log	symmetry 0 substitution 1 arity 0	log x0 = expOrderIso.symm x1	
transport	log	symmetry 0 substitution 1 arity 0	log x0 = log x1	
transport	log	symmetry 0 substitution 1 arity 0	log x0 = x 	
transport	logDeriv	symmetry 0 substitution 0 arity 0	logDeriv x0 = 1 	
transport	logDeriv	symmetry 0 substitution 0 arity 0	logDeriv x0 = Complex.cot 	
transport	logDeriv	symmetry 0 substitution 0 arity 0	logDeriv x0 = Complex.tanh 	
transport	logDeriv	symmetry 0 substitution 0 arity 0	logDeriv x0 = Real.cot 	
transport	logDeriv	symmetry 0 substitution 0 arity 0	logDeriv x0 = Real.tanh 	
transport	logDeriv	symmetry 0 substitution 0 arity 0	logDeriv x0 x1 = cotTerm x1 x2	
transport	logHomeomorph	symmetry 0 substitution 0 arity 0	logHomeomorph x0 = log x0	
transport	logHomeomorph.symm	symmetry 0 substitution 0 arity 0	logHomeomorph.symm  = expHomeomorph 	
transport	logOrderIso	symmetry 0 substitution 0 arity 0	logOrderIso x0 = log x0	
transport	logOrderIso.symm	symmetry 0 substitution 0 arity 0	logOrderIso.symm  = expOrderIso 	
transport	logTaylor	symmetry 0 substitution 0 arity 0	logTaylor x0 x1 = 0 	
transport	logb	symmetry 0 substitution 2 arity 0	logb x0 = 0 	
transport	logb	symmetry 0 substitution 2 arity 0	logb x0 = o x1 x2	
transport	logb	symmetry 0 substitution 2 arity 0	logb x0 x0 = 1 	
transport	logb	symmetry 0 substitution 2 arity 0	logb x0 x1 = 0 	
transport	logb	symmetry 0 substitution 2 arity 0	logb x0 x1 = logb x0 x2	
transport	logb	symmetry 0 substitution 2 arity 0	logb x0 x1 = logb x2 x1	
transport	logb	symmetry 0 substitution 2 arity 0	logb x0 x1 = x 	
transport	map	symmetry 0 substitution 0 arity 0	map x0 x1 = atTop 	
transport	map	symmetry 0 substitution 0 arity 0	map x0 x1 = cobounded x2	
transport	map	symmetry 0 substitution 0 arity 0	map x0 x1 = 𝓝 x2	
transport	map	symmetry 0 substitution 0 arity 0	map x0 x1 = 𝓝 x2 x3	
transport	negMulLog	symmetry 0 substitution 0 arity 0	negMulLog x0 = 0 	
transport	node	symmetry 0 substitution 0 arity 0	node x0 x1 = 1 	
transport	nthRoot	symmetry 0 substitution 0 arity 0	nthRoot x0 = id 	
transport	nthRoot	symmetry 0 substitution 0 arity 0	nthRoot x0 x1 = 0 	
transport	nthRoot	symmetry 0 substitution 0 arity 0	nthRoot x0 x1 = 1 	
transport	nthRoot	symmetry 0 substitution 0 arity 0	nthRoot x0 x1 = a 	
transport	ordinaryHypergeometricSeries	symmetry 1 substitution 0 arity 0	ordinaryHypergeometricSeries x0 x1 x2 x3 = ordinaryHypergeometricSeries x0 x2 x1 x3	
transport	ordinaryHypergeometricSeries	symmetry 1 substitution 0 arity 0	ordinaryHypergeometricSeries x0 x1 x2 x3 x4 = 0 	
transport	ordinaryHypergeometricSeries	symmetry 1 substitution 0 arity 0	ordinaryHypergeometricSeries x0 x1 x2 x3 x4 x5 = Pi.single x6 x7 x8 x4	
transport	polarCoord.source	symmetry 0 substitution 0 arity 0	polarCoord.source  = ᵐ x0 x1	
transport	qaryEntropy	symmetry 0 substitution 0 arity 0	qaryEntropy x0 = binEntropy 	
transport	qaryEntropy	symmetry 0 substitution 0 arity 0	qaryEntropy x0 x1 = 0 	
transport	qaryEntropy	symmetry 0 substitution 0 arity 0	qaryEntropy x0 x1 = log x2	
transport	range	symmetry 0 substitution 0 arity 0	range x0 = Icc x1 x2	
transport	range	symmetry 0 substitution 0 arity 0	range x0 = Ioo x1 x2	
transport	range	symmetry 0 substitution 0 arity 0	range x0 = Set.Ioi x1	
transport	range	symmetry 0 substitution 0 arity 0	range x0 = univ 	
transport	rpow	symmetry 0 substitution 0 arity 0	rpow x0 x1 = 0 	
transport	rpowIntegrand₀₁	symmetry 0 substitution 0 arity 0	rpowIntegrand₀₁ x0 x1 x2 = 0 	
transport	sigmoid	symmetry 0 substitution 0 arity 0	sigmoid x0 = σ x1	
transport	sin	symmetry 0 substitution 5 arity 0	sin x0 = 0 	
transport	sin	symmetry 0 substitution 5 arity 0	sin x0 = 1 	
transport	sin	symmetry 0 substitution 5 arity 0	sin x0 = Real.sin x1	
transport	sin	symmetry 0 substitution 5 arity 0	sin x0 = cos x1	
transport	sin	symmetry 0 substitution 5 arity 0	sin x0 = sin x1	
transport	sin	symmetry 0 substitution 5 arity 0	sin x0 = x 	
transport	sinc	symmetry 0 substitution 1 arity 0	sinc  = dslope x0 x1	
transport	sinc	symmetry 0 substitution 1 arity 0	sinc x0 = 1 	
transport	sinc	symmetry 0 substitution 1 arity 0	sinc x0 = sinc x1	
transport	sinh	symmetry 0 substitution 0 arity 0	sinh x0 = x 	
transport	smoothTransition	symmetry 0 substitution 1 arity 0	smoothTransition x0 = 0 	
transport	smoothTransition	symmetry 0 substitution 1 arity 0	smoothTransition x0 = 1 	
transport	smoothTransition	symmetry 0 substitution 1 arity 0	smoothTransition x0 = smoothTransition x1	
transport	sqrt	symmetry 0 substitution 0 arity 0	sqrt x0 = 0 	
transport	sqrt	symmetry 0 substitution 0 arity 0	sqrt x0 = 1 	
transport	sqrt	symmetry 0 substitution 0 arity 0	sqrt x0 = a 	
transport	sqrt	symmetry 0 substitution 0 arity 0	sqrt x0 = b 	
transport	sqrt	symmetry 0 substitution 0 arity 0	sqrt x0 = cfc x1 x0	
transport	sqrtTwoAddSeries	symmetry 0 substitution 0 arity 0	sqrtTwoAddSeries x0 x1 = x 	
transport	stdAddChar	symmetry 0 substitution 0 arity 0	stdAddChar x0 = exp x1	
transport	stirlingSeq	symmetry 0 substitution 0 arity 0	stirlingSeq x0 = 0 	
transport	sumNodes	symmetry 0 substitution 0 arity 0	sumNodes x0 x1 x2 = P.coeff x0	
transport	tan	symmetry 0 substitution 7 arity 0	tan x0 = 0 	
transport	tan	symmetry 0 substitution 7 arity 0	tan x0 = 1 	
transport	tan	symmetry 0 substitution 7 arity 0	tan x0 = Real.tan x1	
transport	tan	symmetry 0 substitution 7 arity 0	tan x0 = tan x1	
transport	tan	symmetry 0 substitution 7 arity 0	tan x0 = x 	
transport	tan	symmetry 0 substitution 7 arity 0	tan x0 = z 	
transport	tanh	symmetry 0 substitution 0 arity 0	tanh x0 = x 	
transport	toCircle	symmetry 0 substitution 0 arity 0	toCircle x0 = .exp x0	
transport	toCircle	symmetry 0 substitution 0 arity 0	toCircle x0 = 1 	
transport	toCircle	symmetry 0 substitution 0 arity 0	toCircle x0 = Circle.exp x1	
transport	toCircle	symmetry 0 substitution 0 arity 0	toCircle x0 = exp x1	
transport	toIocMod	symmetry 0 substitution 0 arity 0	toIocMod x0 x1 x2 = z.arg 	
transport	toIocMod	symmetry 0 substitution 0 arity 0	toIocMod x0 x1 x2 = θ.toReal 	
transport	x	symmetry 0 substitution 0 arity 0	x  = 1 	
transport	x	symmetry 0 substitution 0 arity 0	x  = y 	
transport	x.log.im	symmetry 0 substitution 0 arity 0	x.log.im  = x.arg 	
transport	₂F₁	symmetry 0 substitution 0 arity 0	₂F₁ x0 x1 x2 x3 = 1 	
edge	Complex.Gamma	Gamma	Complex.Gamma x0 = Gamma x1	
edge	Complex.exp	NormedSpace.exp	Complex.exp  = NormedSpace.exp 	
edge	Complex.polarCoord.source	slitPlane	Complex.polarCoord.source  = slitPlane 	
edge	Gamma	0	Gamma x0 = 0 	
edge	Gamma	1	Gamma x0 = 1 	
edge	Gamma	GammaAux	Gamma x0 = GammaAux x1 x0	
edge	Gamma	GammaIntegral	Gamma x0 = GammaIntegral x0	
edge	GammaIntegral	1	GammaIntegral x0 = 1 	
edge	GammaIntegral	conj	GammaIntegral x0 = conj x1	
edge	Gammaℝ	1	Gammaℝ x0 = 1 	
edge	L.G	0	L.G x0 = 0 	
edge	L.basis	L.ω₁	L.basis x0 = L.ω₁ 	
edge	L.basis	L.ω₂	L.basis x0 = L.ω₂ 	
edge	L.lattice	Submodule.span	L.lattice  = Submodule.span x0 x1	
edge	L.latticeBasis	L.ω₁	L.latticeBasis x0 = L.ω₁ 	
edge	L.latticeBasis	L.ω₂	L.latticeBasis x0 = L.ω₂ 	
edge	L.relation	0	L.relation  = 0 	
edge	L.sumInvPow	L.G	L.sumInvPow x0 = L.G 	
edge	L.weierstrassPExceptSeries	L.weierstrassPSeries	L.weierstrassPExceptSeries x0 = L.weierstrassPSeries 	
edge	L.weierstrassPExceptSummand	L.weierstrassPSummand	L.weierstrassPExceptSummand x0 = L.weierstrassPSummand 	
edge	Real.cos	cos	Real.cos x0 = cos x1	
edge	Real.exp	NormedSpace.exp	Real.exp  = NormedSpace.exp 	
edge	Real.log	log	Real.log x0 = log x0	
edge	Real.log	log	Real.log x0 x1 = log x2	
edge	Real.sin	sin	Real.sin x0 = sin x1	
edge	Real.tan	tan	Real.tan x0 = tan x1	
edge	Set.range	Set.Ioc	Set.range x0 = Set.Ioc x1 x2	
edge	Set.range	Set.univ	Set.range x0 = Set.univ 	
edge	SignType.sign	θ.sign	SignType.sign x0 = θ.sign 	
edge	abs	0	abs x0 = 0 	
edge	abs	1	abs x0 = 1 	
edge	abs	cfc	abs x0 = cfc x1 x0	
edge	abs	cfcₙ	abs x0 = cfcₙ x1 x0	
edge	abs	ofNat	abs x0 = ofNat x1	
edge	arccos	0	arccos x0 = 0 	
edge	arccos	arcsin	arccos x0 = arcsin x1	
edge	arccos	arctan	arccos x0 = arctan x1	
edge	arccos	π	arccos x0 = π 	
edge	arcosh	0	arcosh x0 = 0 	
edge	arcsin	0	arcsin x0 = 0 	
edge	arcsin	arccos	arcsin x0 = arccos x1	
edge	arcsin	arctan	arcsin x0 = arctan x1	
edge	arctan	0	arctan x0 = 0 	
edge	arctan	arcsin	arctan x0 = arcsin x1	
edge	arg	0	arg x0 = 0 	
edge	arg	0	arg x0 x1 = 0 	
edge	arg	Real.arccos	arg x0 = Real.arccos x1	
edge	arg	Real.arcsin	arg x0 = Real.arcsin x1	
edge	arg	toIocMod	arg x0 = toIocMod x1 x2 x3	
edge	arg	π	arg x0 = π 	
edge	arsinh	0	arsinh x0 = 0 	
edge	artanh	0	artanh x0 = 0 	
edge	binEntropy	0	binEntropy x0 = 0 	
edge	cfc	exp	cfc x0 x1 = exp x1	
edge	circleAverage	0	circleAverage x0 x1 x2 = 0 	
edge	circleAverage	log	circleAverage x0 x1 x2 = log x2	
edge	circleMap	const	circleMap x0 x1 = const x2 x0	
edge	comap	atBot	comap x0 x1 = atBot 	
edge	comap	atTop	comap x0 x1 = atTop 	
edge	comap	𝓝	comap x0 x1 = 𝓝 x2	
edge	cos	0	cos x0 = 0 	
edge	cos	1	cos x0 = 1 	
edge	cos	Real.cos	cos x0 = Real.cos x1	
edge	cos	sin	cos x0 = sin x1	
edge	deriv	0	deriv x0 x1 = 0 	
edge	deriv	Inv.inv	deriv x0 = Inv.inv 	
edge	deriv	cos	deriv x0 = cos 	
edge	deriv	cosh	deriv x0 = cosh 	
edge	deriv	exp	deriv x0 = exp 	
edge	deriv	logDeriv	deriv x0 x1 = logDeriv x2 x1	
edge	deriv	sinh	deriv x0 = sinh 	
edge	doublingGamma	1	doublingGamma x0 = 1 	
edge	doublingGamma	Gamma	doublingGamma x0 = Gamma x0	
edge	exp	1	exp x0 = 1 	
edge	exp	ENNReal.ofReal	exp x0 = ENNReal.ofReal x1	
edge	exp	I	exp x0 = I 	
edge	expHomeomorph	exp	expHomeomorph x0 = exp x0	
edge	expHomeomorph.symm	logHomeomorph	expHomeomorph.symm  = logHomeomorph 	
edge	expNegInvGlue	0	expNegInvGlue x0 = 0 	
edge	expOrderIso	exp	expOrderIso x0 = exp x0	
edge	expOrderIso.symm	logOrderIso	expOrderIso.symm  = logOrderIso 	
edge	finrank	2	finrank x0 x1 = 2 	
edge	homeomorphCircle	toCircle	homeomorphCircle x0 x1 = toCircle x1	
edge	iteratedDeriv	0	iteratedDeriv x0 x1 x2 = 0 	
edge	iteratedDeriv	cosh	iteratedDeriv x0 x1 = cosh 	
edge	iteratedDeriv	sinh	iteratedDeriv x0 x1 = sinh 	
edge	iteratedDerivWithin	iteratedDeriv	iteratedDerivWithin x0 x1 x2 x3 = iteratedDeriv x0 x1 x3	
edge	log	0	log x0 = 0 	
edge	log	Real.log	log x0 = Real.log x1	
edge	log	algebraMap	log x0 = algebraMap x1 x2 x3	
edge	log	conj	log x0 = conj x1	
edge	log	expOrderIso.symm	log x0 = expOrderIso.symm x1	
edge	log	o	log  = o x0 x1	
edge	logDeriv	1	logDeriv x0 = 1 	
edge	logDeriv	Complex.cot	logDeriv x0 = Complex.cot 	
edge	logDeriv	Complex.tanh	logDeriv x0 = Complex.tanh 	
edge	logDeriv	Real.cot	logDeriv x0 = Real.cot 	
edge	logDeriv	Real.tanh	logDeriv x0 = Real.tanh 	
edge	logDeriv	cotTerm	logDeriv x0 x1 = cotTerm x1 x2	
edge	logHomeomorph	log	logHomeomorph x0 = log x0	
edge	logHomeomorph.symm	expHomeomorph	logHomeomorph.symm  = expHomeomorph 	
edge	logOrderIso	log	logOrderIso x0 = log x0	
edge	logOrderIso.symm	expOrderIso	logOrderIso.symm  = expOrderIso 	
edge	logTaylor	0	logTaylor x0 x1 = 0 	
edge	logb	0	logb x0 = 0 	
edge	logb	0	logb x0 x1 = 0 	
edge	logb	1	logb x0 x0 = 1 	
edge	logb	o	logb x0 = o x1 x2	
edge	map	atTop	map x0 x1 = atTop 	
edge	map	cobounded	map x0 x1 = cobounded x2	
edge	map	𝓝	map x0 x1 = 𝓝 x2	
edge	map	𝓝	map x0 x1 = 𝓝 x2 x3	
edge	negMulLog	0	negMulLog x0 = 0 	
edge	node	1	node x0 x1 = 1 	
edge	nthRoot	1	nthRoot x0 x1 = 1 	
edge	nthRoot	id	nthRoot x0 = id 	
edge	ordinaryHypergeometricSeries	0	ordinaryHypergeometricSeries x0 x1 x2 x3 x4 = 0 	
edge	ordinaryHypergeometricSeries	Pi.single	ordinaryHypergeometricSeries x0 x1 x2 x3 x4 x5 = Pi.single x6 x7 x8 x4	
edge	polarCoord.source	ᵐ	polarCoord.source  = ᵐ x0 x1	
edge	qaryEntropy	0	qaryEntropy x0 x1 = 0 	
edge	qaryEntropy	binEntropy	qaryEntropy x0 = binEntropy 	
edge	qaryEntropy	log	qaryEntropy x0 x1 = log x2	
edge	range	Icc	range x0 = Icc x1 x2	
edge	range	Ioo	range x0 = Ioo x1 x2	
edge	range	Set.Ioi	range x0 = Set.Ioi x1	
edge	range	univ	range x0 = univ 	
edge	rpow	0	rpow x0 x1 = 0 	
edge	rpowIntegrand₀₁	0	rpowIntegrand₀₁ x0 x1 x2 = 0 	
edge	sigmoid	σ	sigmoid x0 = σ x1	
edge	sin	0	sin x0 = 0 	
edge	sin	1	sin x0 = 1 	
edge	sin	Real.sin	sin x0 = Real.sin x1	
edge	sin	cos	sin x0 = cos x1	
edge	sinc	1	sinc x0 = 1 	
edge	sinc	dslope	sinc  = dslope x0 x1	
edge	smoothTransition	0	smoothTransition x0 = 0 	
edge	smoothTransition	1	smoothTransition x0 = 1 	
edge	sqrt	0	sqrt x0 = 0 	
edge	sqrt	1	sqrt x0 = 1 	
edge	sqrt	cfc	sqrt x0 = cfc x1 x0	
edge	stdAddChar	exp	stdAddChar x0 = exp x1	
edge	stirlingSeq	0	stirlingSeq x0 = 0 	
edge	sumNodes	P.coeff	sumNodes x0 x1 x2 = P.coeff x0	
edge	tan	0	tan x0 = 0 	
edge	tan	1	tan x0 = 1 	
edge	tan	Real.tan	tan x0 = Real.tan x1	
edge	toCircle	.exp	toCircle x0 = .exp x0	
edge	toCircle	1	toCircle x0 = 1 	
edge	toCircle	Circle.exp	toCircle x0 = Circle.exp x1	
edge	toCircle	exp	toCircle x0 = exp x1	
edge	toIocMod	z.arg	toIocMod x0 x1 x2 = z.arg 	
edge	toIocMod	θ.toReal	toIocMod x0 x1 x2 = θ.toReal 	
edge	x.log.im	x.arg	x.log.im  = x.arg 	
edge	₂F₁	1	₂F₁ x0 x1 x2 x3 = 1 	
identity	CFC.sqrt		CFC.sqrt x0 = cfcₙ x1 x0	(a : A) (ha : 0 ≤ a := by cfc_tac) : CFC.sqrt a = cfcₙ Real.sqrt a
identity	Complex.Gamma		Complex.Gamma x0 = Gamma x1	(s : ℝ) : Complex.Gamma (s : ℂ) = Gamma s
identity	Complex.exp		Complex.exp  = NormedSpace.exp 	: Complex.exp = NormedSpace.exp
identity	Complex.polarCoord.source		Complex.polarCoord.source  = slitPlane 	: Complex.polarCoord.source = slitPlane
identity	Gamma		Gamma x0 = 0 	(n : ℕ) : Gamma (-n) = 0
identity	Gamma		Gamma x0 = 0 	: Gamma 0 = 0
identity	Gamma		Gamma x0 = 1 	: Gamma 1 = 1
identity	Gamma		Gamma x0 = 1 	: Gamma 2 = 1
identity	Gamma		Gamma x0 = GammaAux x1 x0	(s : ℂ) (n : ℕ) (h1 : -s.re < ↑n) : Gamma s = GammaAux n s
identity	Gamma		Gamma x0 = GammaIntegral x0	{s : ℂ} (hs : 0 < s.re) : Gamma s = GammaIntegral s
identity	Gamma		Gamma x0 = conj x1	(s : ℂ) : Gamma (conj s) = conj (Gamma s)
identity	GammaAux		GammaAux x0 x1 = GammaAux x2 x1	(s : ℂ) (n : ℕ) (h1 : -s.re < ↑n) : GammaAux n s = GammaAux (n + 1) s
identity	GammaIntegral		GammaIntegral x0 = 1 	: GammaIntegral 1 = 1
identity	GammaIntegral		GammaIntegral x0 = conj x1	(s : ℂ) : GammaIntegral (conj s) = conj (GammaIntegral s)
identity	Gammaℝ		Gammaℝ x0 = 1 	: Gammaℝ 1 = 1
identity	L.G		L.G x0 = 0 	(n : ℕ) (hn : Odd n) : L.G n = 0
identity	L.basis		L.basis x0 = L.ω₁ 	: L.basis 0 = L.ω₁
identity	L.basis		L.basis x0 = L.ω₂ 	: L.basis 1 = L.ω₂
identity	L.lattice		L.lattice  = Submodule.span x0 x1	: L.lattice = Submodule.span ℤ (Set.range L.basis)
identity	L.latticeBasis		L.latticeBasis x0 = L.ω₁ 	: L.latticeBasis 0 = L.ω₁
identity	L.latticeBasis		L.latticeBasis x0 = L.ω₂ 	: L.latticeBasis 1 = L.ω₂
identity	L.relation		L.relation  = 0 	: L.relation = 0
identity	L.relation		L.relation x0 = L.relation x1	(x) : L.relation (-x) = L.relation x
identity	L.relation		L.relation x0 = L.relation x1	(x : ℂ) (l : L.lattice) : L.relation (x + l) = L.relation x
identity	L.relation		L.relation x0 = L.relation x1	(x : ℂ) (l : L.lattice) : L.relation (x - l) = L.relation x
identity	L.sumInvPow		L.sumInvPow x0 = L.G 	: L.sumInvPow 0 = L.G
identity	L.weierstrassPExceptSeries		L.weierstrassPExceptSeries x0 = L.weierstrassPSeries 	(l₀ : ℂ) (hl₀ : l₀ ∉ L.lattice) : L.weierstrassPExceptSeries l₀ = L.weierstrassPSeries
identity	L.weierstrassPExceptSummand		L.weierstrassPExceptSummand x0 = L.weierstrassPSummand 	(l₀ : ℂ) (hl₀ : l₀ ∉ L.lattice) : L.weierstrassPExceptSummand l₀ = L.weierstrassPSummand
identity	Real.cos		Real.cos x0 = cos x1	(θ : Angle) : Real.cos θ.toReal = cos θ
identity	Real.exp		Real.exp  = NormedSpace.exp 	: Real.exp = NormedSpace.exp
identity	Real.log		Real.log x0 = log x0	{n : ℕ} : Real.log n = log n
identity	Real.log		Real.log x0 x1 = log x2	{n : ℕ} [n.AtLeastTwo] : Real.log ofNat(n) = log (OfNat.ofNat n)
identity	Real.sin		Real.sin x0 = sin x1	(θ : Angle) : Real.sin θ.toReal = sin θ
identity	Real.tan		Real.tan x0 = tan x1	(θ : Angle) : Real.tan θ.toReal = tan θ
identity	Set.range		Set.range x0 = Set.Ioc x1 x2	: Set.range arg = Set.Ioc (-π) π
identity	Set.range		Set.range x0 = Set.univ 	: Set.range cos = Set.univ
identity	Set.range		Set.range x0 = Set.univ 	: Set.range sin = Set.univ
identity	SignType.sign		SignType.sign x0 = θ.sign 	{θ : Angle} (h : θ ≠ π) : SignType.sign θ.toReal = θ.sign
identity	a		a  = b 	{a b R : ℝ} {c : ℂ} (h_R : R ≠ 0) (h_dist : |a - b| < 2 * π) (h : circleMap c R a = circleMap c R b) : a = b
identity	abs		abs x0 = 0 	: abs (0 : A) = 0
identity	abs		abs x0 = 1 	: abs (1 : A) = 1
identity	abs		abs x0 = a 	(a : A) (ha : 0 ≤ a := by cfc_tac) : abs a = a
identity	abs		abs x0 = abs x1	(a : A) : abs (-a) = abs a
identity	abs		abs x0 = abs x1	(a : A) : abs (abs a) = abs a
identity	abs		abs x0 = abs x1	(a : A) (ha : IsStarNormal a := by cfc_tac) : abs (star a) = abs a
identity	abs		abs x0 = cfc x1 x0	(a : A) (ha : IsSelfAdjoint a := by cfc_tac) : abs a = cfc (‖·‖) a
identity	abs		abs x0 = cfcₙ x1 x0	(a : A) (ha : p a := by cfc_tac) : abs a = cfcₙ (fun z : 𝕜 ↦ (‖z‖ : 𝕜)) a
identity	abs		abs x0 = cfcₙ x1 x0	(a : A) (ha : IsSelfAdjoint a := by cfc_tac) : abs a = cfcₙ (‖·‖) a
identity	abs		abs x0 = n 	(n : ℕ) : abs (n : A) = n
identity	abs		abs x0 = ofNat x1	(n : ℕ) [n.AtLeastTwo] : abs (ofNat(n) : A) = ofNat(n)
identity	arccos		arccos x0 = 0 	: arccos 1 = 0
identity	arccos		arccos x0 = 0 	{x : ℝ} (hx : 1 ≤ x) : arccos x = 0
identity	arccos		arccos x0 = arcsin x1	{x : ℝ} (h : 0 ≤ x) : arccos x = arcsin (√(1 - x ^ 2))
identity	arccos		arccos x0 = arctan x1	(h : 0 < x) : arccos x = arctan (√(1 - x ^ 2) / x)
identity	arccos		arccos x0 = x 	{x : ℝ} (hx₁ : 0 ≤ x) (hx₂ : x ≤ π) : arccos (cos x) = x
identity	arccos		arccos x0 = y 	(hy₀ : 0 ≤ y) (hy₁ : y ≤ π) (hxy : x = cos y) : arccos x = y
identity	arccos		arccos x0 = π 	: arccos (-1) = π
identity	arccos		arccos x0 = π 	{x : ℝ} (hx : x ≤ -1) : arccos x = π
identity	arcosh		arcosh x0 = 0 	: arcosh 1 = 0
identity	arcosh		arcosh x0 = x 	{x : ℝ} (hx : 0 ≤ x) : arcosh (cosh x) = x
identity	arcsin		arcsin x0 = 0 	: arcsin 0 = 0
identity	arcsin		arcsin x0 = arccos x1	{x : ℝ} (h : 0 ≤ x) : arcsin x = arccos (√(1 - x ^ 2))
identity	arcsin		arcsin x0 = arcsin x1	(x : ℝ) : arcsin (projIcc (-1) 1 (neg_le_self zero_le_one) x) = arcsin x
identity	arcsin		arcsin x0 = arctan x1	(h : x ∈ Ioo (-(1 : ℝ)) 1) : arcsin x = arctan (x / √(1 - x ^ 2))
identity	arcsin		arcsin x0 = x 	{x : ℝ} (hx : x ∈ Icc (-(π / 2)) (π / 2)) : arcsin (sin x) = x
identity	arcsin		arcsin x0 = x 	{x y : ℝ} (h₁ : sin x = y) (h₂ : x ∈ Icc (-(π / 2)) (π / 2)) : arcsin y = x
identity	arctan		arctan x0 = 0 	: arctan 0 = 0
identity	arctan		arctan x0 = arcsin x1	(x : ℝ) : arctan x = arcsin (x / √(1 + x ^ 2))
identity	arctan		arctan x0 = x 	(hx₁ : -(π / 2) < x) (hx₂ : x < π / 2) : arctan (tan x) = x
identity	arctan		arctan x0 = x 	(h : tan x = y) (hx : x ∈ Ioo (-(π / 2)) (π / 2)) : arctan y = x
identity	arctan		arctan x0 = z 	{z : ℂ} (h₀ : z ≠ π / 2) (h₁ : -(π / 2) < z.re) (h₂ : z.re ≤ π / 2) : arctan (tan z) = z
identity	arg		arg x0 = 0 	(x : ℂ) : arg (x / x) = 0
identity	arg		arg x0 = 0 	: arg 0 = 0
identity	arg		arg x0 = 0 	: arg 1 = 0
identity	arg		arg x0 = 0 	{n : ℕ} : arg n = 0
identity	arg		arg x0 = 0 	{x : ℝ} (hx : 0 ≤ x) : arg x = 0
identity	arg		arg x0 = Real.arccos x1	{z : ℂ} (hz : 0 < z.im) : arg z = Real.arccos (z.re / ‖z‖)
identity	arg		arg x0 = Real.arcsin x1	{x : ℂ} (hx : 0 ≤ x.re) : arg x = Real.arcsin (x.im / ‖x‖)
identity	arg		arg x0 = arg x1	(x : ℂ) {r : ℝ} (hr : 0 < r) : arg (r * x) = arg x
identity	arg		arg x0 = arg x1	{r : ℝ} (hr : 0 < r) (x : ℂ) : arg (x * r) = arg x
identity	arg		arg x0 = toIocMod x1 x2 x3	(θ : ℝ) : arg (cos θ + sin θ * I) = toIocMod Real.two_pi_pos (-π) θ
identity	arg		arg x0 = toIocMod x1 x2 x3	(θ : ℝ) : arg (exp (θ * I)) = toIocMod Real.two_pi_pos (-π) θ
identity	arg		arg x0 = toIocMod x1 x2 x3	(z : ℂ) : arg (exp z) = toIocMod Real.two_pi_pos (-π) z.im
identity	arg		arg x0 = toIocMod x1 x2 x3	{r : ℝ} (hr : 0 < r) (θ : ℝ) : arg (r * (cos θ + sin θ * I)) = toIocMod Real.two_pi_pos (-π) θ
identity	arg		arg x0 = x 	{x : ℝ} (h₁ : -π < x) (h₂ : x ≤ π) : arg (exp x) = x
identity	arg		arg x0 = θ 	{θ : ℝ} (hθ : θ ∈ Set.Ioc (-π) π) : arg (cos θ + sin θ * I) = θ
identity	arg		arg x0 = θ 	{r : ℝ} (hr : 0 < r) {θ : ℝ} (hθ : θ ∈ Set.Ioc (-π) π) : arg (r * (cos θ + sin θ * I)) = θ
identity	arg		arg x0 = π 	: arg (-1) = π
identity	arg		arg x0 = π 	{x : ℝ} (hx : x < 0) : arg x = π
identity	arg		arg x0 x1 = 0 	{n : ℕ} [n.AtLeastTwo] : arg ofNat(n) = 0
identity	arsinh		arsinh x0 = 0 	: arsinh 0 = 0
identity	arsinh		arsinh x0 = x 	(x : ℝ) : arsinh (sinh x) = x
identity	artanh		artanh x0 = 0 	: artanh 0 = 0
identity	artanh		artanh x0 = x 	(x : ℝ) : artanh (tanh x) = x
identity	bernsteinApproximation		bernsteinApproximation x0 x1 x2 = f x2	(n : ℕ) (f : C(I, E)) : bernsteinApproximation n f 0 = f 0
identity	bernsteinApproximation		bernsteinApproximation x0 x1 x2 = f x2	{n : ℕ} (hn : n ≠ 0) (f : C(I, E)) : bernsteinApproximation n f 1 = f 1
identity	betaIntegral		betaIntegral x0 x1 = betaIntegral x1 x0	(u v : ℂ) : betaIntegral v u = betaIntegral u v
identity	binEntropy		binEntropy x0 = 0 	: binEntropy 0 = 0
identity	binEntropy		binEntropy x0 = 0 	: binEntropy 1 = 0
identity	binEntropy		binEntropy x0 = binEntropy x1	(p : ℝ) : binEntropy (1 - p) = binEntropy p
identity	binEntropy		binEntropy x0 = binEntropy x1	(p : ℝ) : binEntropy (2⁻¹ + p) = binEntropy (2⁻¹ - p)
identity	cfc		cfc x0 x1 = cfc x2 x3	(f : 𝕜 → 𝕜) (a : A) (ha : p a := by cfc_tac) (hf : ContinuousOn f ((fun z ↦ (‖z‖ : 𝕜)) '' spectrum 𝕜 a) := by cfc_cont_tac) : cfc (f ‖·‖) a = cfc f (abs a)
identity	cfc		cfc x0 x1 = exp x1	{a : A} (ha : p a := by cfc_tac) : cfc (exp : 𝕜 → 𝕜) a = exp a
identity	cfc		cfc x0 x1 = exp x1	{a : A} (ha : p a := by cfc_tac) : cfc Complex.exp a = exp a
identity	cfc		cfc x0 x1 = exp x1	{a : A} (ha : IsSelfAdjoint a := by cfc_tac) : cfc Real.exp a = exp a
identity	cfcₙ		cfcₙ x0 x1 = cfcₙ x2 x3	(f : 𝕜 → 𝕜) (a : A) (ha : p a := by cfc_tac) (hf : ContinuousOn f ((fun z ↦ (‖z‖ : 𝕜)) '' quasispectrum 𝕜 a) := by cfc_cont_tac) : cfcₙ (f ‖·‖) a = cfcₙ f (abs a)
identity	circleAverage		circleAverage x0 x1 x2 = 0 	(h : ‖a‖ < 1) : circleAverage (log ‖· - a‖) 0 1 = 0
identity	circleAverage		circleAverage x0 x1 x2 = log x2	(hu : a ∈ closedBall c |R|) : circleAverage (log ‖· - a‖) c R = log R
identity	circleMap		circleMap x0 x1 = const x2 x0	(c : ℂ) : circleMap c 0 = const ℝ c
identity	comap		comap x0 x1 = atBot 	: comap exp (𝓝 0) = atBot
identity	comap		comap x0 x1 = atBot 	: comap exp (𝓝[>] 0) = atBot
identity	comap		comap x0 x1 = atTop 	: comap exp atTop = atTop
identity	comap		comap x0 x1 = comap x2 x3	: comap exp (cobounded ℂ) = comap re atTop
identity	comap		comap x0 x1 = comap x2 x3	: comap exp (𝓝 0) = comap re atBot
identity	comap		comap x0 x1 = comap x2 x3	: comap exp (𝓝[≠] 0) = comap re atBot
identity	comap		comap x0 x1 = 𝓝 x2	(x : ℝ) : comap exp (𝓝 (exp x)) = 𝓝 x
identity	cos		cos x0 = 0 	: cos (π / 2) = 0
identity	cos		cos x0 = 1 	: cos (0 : Angle) = 1
identity	cos		cos x0 = 1 	: cos (2 * π) = 1
identity	cos		cos x0 = 1 	(n : ℕ) : cos (n * (2 * π)) = 1
identity	cos		cos x0 = Real.cos x1	(x : ℝ) : cos (x : Angle) = Real.cos x
identity	cos		cos x0 = cos x1	(θ : Angle) : cos (-θ) = cos θ
identity	cos		cos x0 = cos x1	(x : ℂ) : cos (2 * π - x) = cos x
identity	cos		cos x0 = cos x1	(x : ℂ) (n : ℕ) : cos (n * (2 * π) - x) = cos x
identity	cos		cos x0 = cos x1	(x : ℂ) : cos (x + 2 * π) = cos x
identity	cos		cos x0 = cos x1	(x : ℂ) (n : ℕ) : cos (x + n * (2 * π)) = cos x
identity	cos		cos x0 = cos x1	(x : ℂ) : cos (x - 2 * π) = cos x
identity	cos		cos x0 = cos x1	(x : ℂ) (n : ℕ) : cos (x - n * (2 * π)) = cos x
identity	cos		cos x0 = sin x1	(x : ℂ) : cos (x - π / 2) = sin x
identity	cos		cos x0 = sin x1	(θ : Angle) : cos (θ - ↑(π / 2)) = sin θ
identity	cos		cos x0 = sin x1	(x : ℂ) : cos (π / 2 - x) = sin x
identity	cos		cos x0 = sin x1	(θ : Angle) : cos (↑(π / 2) - θ) = sin θ
identity	cos		cos x0 = x 	{x : ℝ} (hx₁ : -1 ≤ x) (hx₂ : x ≤ 1) : cos (arccos x) = x
identity	cosh		cosh x0 = x 	{x : ℝ} (hx : 1 ≤ x) : cosh (arcosh x) = x
identity	deriv		deriv x0 = Inv.inv 	: deriv log = Inv.inv
identity	deriv		deriv x0 = cos 	: deriv sin = cos
identity	deriv		deriv x0 = cosh 	: deriv sinh = cosh
identity	deriv		deriv x0 = exp 	: deriv exp = exp
identity	deriv		deriv x0 = sinh 	: deriv cosh = sinh
identity	deriv		deriv x0 x1 = 0 	: deriv (fun x ↦ x * log x) 0 = 0
identity	deriv		deriv x0 x1 = logDeriv x2 x1	{f : ℂ → ℂ} {x : ℂ} (h₁ : DifferentiableAt ℂ f x) (h₂ : f x ∈ Complex.slitPlane) : deriv (Complex.log ∘ f) x = logDeriv f x
identity	deriv		deriv x0 x1 = logDeriv x2 x1	{f : ℝ → ℝ} {x : ℝ} (h₁ : DifferentiableAt ℝ f x) (h₂ : f x ≠ 0) : deriv (log ∘ f) x = logDeriv f x
identity	doublingGamma		doublingGamma x0 = 1 	: doublingGamma 1 = 1
identity	doublingGamma		doublingGamma x0 = Gamma x0	{s : ℝ} (hs : 0 < s) : doublingGamma s = Gamma s
identity	exp		exp x0 = 1 	: exp (2 * π * I) = 1
identity	exp		exp x0 = 1 	(n : ℤ) : exp (2 * π * n) = 1
identity	exp		exp x0 = 1 	: exp (2 * π) = 1
identity	exp		exp x0 = 1 	(n : ℕ) : exp (n * (2 * π * I)) = 1
identity	exp		exp x0 = 1 	(n : ℤ) : exp (n * (2 * π)) = 1
identity	exp		exp x0 = 1 	: exp 0 = 1
identity	exp		exp x0 = ENNReal.ofReal x1	(x : ℝ) : exp x = ENNReal.ofReal (Real.exp x)
identity	exp		exp x0 = I 	: exp (π / 2 * I) = I
identity	exp		exp x0 = a 	[PartialOrder A] [StarOrderedRing A] [NonnegSpectrumClass ℝ A] (a : A) (ha : IsStrictlyPositive a := by cfc_tac) : exp (log a) = a
identity	exp		exp x0 = exp x1	(x : ℝ) : exp (x + 2 * π) = exp x
identity	exp		exp x0 = exp x1	(x : ℝ) : exp (x - 2 * π) = exp x
identity	exp		exp x0 = x 	(hx : 0 < x) : exp (log x) = x
identity	exp		exp x0 = z 	(z : Circle) : exp (arg z) = z
identity	expHomeomorph		expHomeomorph x0 = exp x0	(x : EReal) : expHomeomorph x = exp x
identity	expHomeomorph.symm		expHomeomorph.symm  = logHomeomorph 	: expHomeomorph.symm = logHomeomorph
identity	expNegInvGlue		expNegInvGlue x0 = 0 	: expNegInvGlue 0 = 0
identity	expNegInvGlue		expNegInvGlue x0 = 0 	{x : ℝ} (hx : x ≤ 0) : expNegInvGlue x = 0
identity	expOrderIso		expOrderIso x0 = exp x0	(x : EReal) : expOrderIso x = exp x
identity	expOrderIso.symm		expOrderIso.symm  = logOrderIso 	: expOrderIso.symm = logOrderIso
identity	finrank		finrank x0 x1 = 2 	: finrank ℤ L.lattice = 2
identity	homeomorphCircle		homeomorphCircle x0 x1 = toCircle x1	(hT : T ≠ 0) (x : AddCircle T) : homeomorphCircle hT x = toCircle x
identity	iteratedDeriv		iteratedDeriv x0 x1 = cosh 	(n : ℕ) : iteratedDeriv (2 * n + 1) sinh = cosh
identity	iteratedDeriv		iteratedDeriv x0 x1 = cosh 	(n : ℕ) : iteratedDeriv (2 * n) cosh = cosh
identity	iteratedDeriv		iteratedDeriv x0 x1 = iteratedDeriv x2 x3	(n : ℕ) : iteratedDeriv (n + 1) cosh = iteratedDeriv n sinh
identity	iteratedDeriv		iteratedDeriv x0 x1 = iteratedDeriv x2 x3	(n : ℕ) : iteratedDeriv (n + 1) sin = iteratedDeriv n cos
identity	iteratedDeriv		iteratedDeriv x0 x1 = iteratedDeriv x2 x3	(n : ℕ) : iteratedDeriv (n + 1) sinh = iteratedDeriv n cosh
identity	iteratedDeriv		iteratedDeriv x0 x1 = sinh 	(n : ℕ) : iteratedDeriv (2 * n + 1) cosh = sinh
identity	iteratedDeriv		iteratedDeriv x0 x1 = sinh 	(n : ℕ) : iteratedDeriv (2 * n) sinh = sinh
identity	iteratedDeriv		iteratedDeriv x0 x1 x2 = 0 	: iteratedDeriv 6 (L.relation * id ^ 6) 0 = 0
identity	iteratedDerivWithin		iteratedDerivWithin x0 x1 x2 x3 = iteratedDeriv x0 x1 x3	(n : ℕ) {a b : ℝ} (h : a < b) {x : ℝ} (hx : x ∈ Icc a b) : iteratedDerivWithin n cos (Icc a b) x = iteratedDeriv n cos x
identity	iteratedDerivWithin		iteratedDerivWithin x0 x1 x2 x3 = iteratedDeriv x0 x1 x3	(n : ℕ) {a b x : ℝ} (hx : x ∈ Ioo a b) : iteratedDerivWithin n cos (Ioo a b) x = iteratedDeriv n cos x
identity	iteratedDerivWithin		iteratedDerivWithin x0 x1 x2 x3 = iteratedDeriv x0 x1 x3	(n : ℕ) {a b : ℝ} (h : a < b) {x : ℝ} (hx : x ∈ Icc a b) : iteratedDerivWithin n cosh (Icc a b) x = iteratedDeriv n cosh x
identity	iteratedDerivWithin		iteratedDerivWithin x0 x1 x2 x3 = iteratedDeriv x0 x1 x3	(n : ℕ) {a b x : ℝ} (hx : x ∈ Ioo a b) : iteratedDerivWithin n cosh (Ioo a b) x = iteratedDeriv n cosh x
identity	iteratedDerivWithin		iteratedDerivWithin x0 x1 x2 x3 = iteratedDeriv x0 x1 x3	(n : ℕ) {a b : ℝ} (h : a < b) {x : ℝ} (hx : x ∈ Icc a b) : iteratedDerivWithin n sin (Icc a b) x = iteratedDeriv n sin x
identity	iteratedDerivWithin		iteratedDerivWithin x0 x1 x2 x3 = iteratedDeriv x0 x1 x3	(n : ℕ) {a b x : ℝ} (hx : x ∈ Ioo a b) : iteratedDerivWithin n sin (Ioo a b) x = iteratedDeriv n sin x
identity	iteratedDerivWithin		iteratedDerivWithin x0 x1 x2 x3 = iteratedDeriv x0 x1 x3	(n : ℕ) {a b : ℝ} (h : a < b) {x : ℝ} (hx : x ∈ Icc a b) : iteratedDerivWithin n sinh (Icc a b) x = iteratedDeriv n sinh x
identity	iteratedDerivWithin		iteratedDerivWithin x0 x1 x2 x3 = iteratedDeriv x0 x1 x3	(n : ℕ) {a b x : ℝ} (hx : x ∈ Ioo a b) : iteratedDerivWithin n sinh (Ioo a b) x = iteratedDeriv n sinh x
identity	log		log  = o x0 x1	: log =o[atTop] id
identity	log		log x0 = 0 	: log (0 : A) = 0
identity	log		log x0 = 0 	: log (1 : A) = 0
identity	log		log x0 = 0 	(x : ℂ) : log (x / x) = 0
identity	log		log x0 = 0 	: log 0 = 0
identity	log		log x0 = 0 	: log 1 = 0
identity	log		log x0 = Real.log x1	{x : ℝ} (hx : 0 < x) : log (ENNReal.ofReal x) = Real.log x
identity	log		log x0 = Real.log x1	{x : ℝ≥0} (h : x ≠ 0) : log (x : ℝ≥0∞) = Real.log x
identity	log		log x0 = Real.log x1	{x : ℝ≥0∞} (h : 0 < x.toReal) : log x = Real.log (ENNReal.toReal x)
identity	log		log x0 = a 	(a : A) (ha : IsSelfAdjoint a := by cfc_tac) : log (exp a) = a
identity	log		log x0 = algebraMap x1 x2 x3	{r : ℝ} : log (algebraMap ℝ A r) = algebraMap ℝ A (Real.log r)
identity	log		log x0 = conj x1	(x : ℂ) (h : x.arg ≠ π) : log (conj x) = conj (log x)
identity	log		log x0 = expOrderIso.symm x1	(hx : 0 < x) : log x = expOrderIso.symm ⟨x, hx⟩
identity	log		log x0 = expOrderIso.symm x1	(hx : x ≠ 0) : log x = expOrderIso.symm ⟨|x|, abs_pos.2 hx⟩
identity	log		log x0 = log x1	(x : ℝ) : log (-x) = log x
identity	log		log x0 = x 	(x : EReal) : log (exp x) = x
identity	logDeriv		logDeriv x0 = 1 	: logDeriv (Complex.exp) = 1
identity	logDeriv		logDeriv x0 = 1 	: logDeriv (Real.exp) = 1
identity	logDeriv		logDeriv x0 = Complex.cot 	: logDeriv (Complex.sin) = Complex.cot
identity	logDeriv		logDeriv x0 = Complex.tanh 	: logDeriv (Complex.cosh) = Complex.tanh
identity	logDeriv		logDeriv x0 = Real.cot 	: logDeriv (Real.sin) = Real.cot
identity	logDeriv		logDeriv x0 = Real.tanh 	: logDeriv (Real.cosh) = Real.tanh
identity	logDeriv		logDeriv x0 x1 = cotTerm x1 x2	(hx : x ∈ ℂ_ℤ) (i : ℕ) : logDeriv (fun (z : ℂ) ↦ 1 + sineTerm z i) x = cotTerm x i
identity	logHomeomorph		logHomeomorph x0 = log x0	(x : ℝ≥0∞) : logHomeomorph x = log x
identity	logHomeomorph.symm		logHomeomorph.symm  = expHomeomorph 	: logHomeomorph.symm = expHomeomorph
identity	logOrderIso		logOrderIso x0 = log x0	(x : ℝ≥0∞) : logOrderIso x = log x
identity	logOrderIso.symm		logOrderIso.symm  = expOrderIso 	: logOrderIso.symm = expOrderIso
identity	logTaylor		logTaylor x0 x1 = 0 	(n : ℕ) : logTaylor n 0 = 0
identity	logb		logb x0 = 0 	: logb 0 = 0
identity	logb		logb x0 = 0 	: logb 1 = 0
identity	logb		logb x0 = o x1 x2	: logb b =o[atTop] id
identity	logb		logb x0 x0 = 1 	(hb : 1 < b) : logb b b = 1
identity	logb		logb x0 x1 = 0 	: logb 0 x = 0
identity	logb		logb x0 x1 = 0 	: logb 1 x = 0
identity	logb		logb x0 x1 = 0 	: logb b 0 = 0
identity	logb		logb x0 x1 = 0 	: logb b 1 = 0
identity	logb		logb x0 x1 = logb x0 x2	(b x : ℝ) : logb b (-x) = logb b x
identity	logb		logb x0 x1 = logb x2 x1	(b x : ℝ) : logb (-b) x = logb b x
identity	logb		logb x0 x1 = x 	: logb b (b ^ x) = x
identity	map		map x0 x1 = atTop 	: map exp atTop = atTop
identity	map		map x0 x1 = cobounded x2	: map exp (comap re atTop) = cobounded ℂ
identity	map		map x0 x1 = 𝓝 x2	(x : ℝ) : map exp (𝓝 x) = 𝓝 (exp x)
identity	map		map x0 x1 = 𝓝 x2 x3	: map exp (comap re atBot) = 𝓝[≠] 0
identity	map		map x0 x1 = 𝓝 x2 x3	: map exp atBot = 𝓝[>] 0
identity	negMulLog		negMulLog x0 = 0 	: negMulLog (0 : ℝ) = 0
identity	negMulLog		negMulLog x0 = 0 	: negMulLog (1 : ℝ) = 0
identity	node		node x0 x1 = 1 	{n : ℕ} : node n 0 = 1
identity	nthRoot		nthRoot x0 = id 	: nthRoot 1 = id
identity	nthRoot		nthRoot x0 x1 = 0 	(h : n ≠ 0) : nthRoot n 0 = 0
identity	nthRoot		nthRoot x0 x1 = 1 	(a : ℕ) : nthRoot 0 a = 1
identity	nthRoot		nthRoot x0 x1 = 1 	: nthRoot n 1 = 1
identity	nthRoot		nthRoot x0 x1 = a 	(hn : n ≠ 0) (a : ℕ) : nthRoot n (a ^ n) = a
identity	nthRoot		nthRoot x0 x1 = a 	(h₁ : a ^ n ≤ b) (h₂ : b < (a + 1) ^ n) : nthRoot n b = a
identity	ordinaryHypergeometricSeries		ordinaryHypergeometricSeries x0 x1 x2 x3 = ordinaryHypergeometricSeries x0 x2 x1 x3	: ordinaryHypergeometricSeries 𝔸 a b c = ordinaryHypergeometricSeries 𝔸 b a c
identity	ordinaryHypergeometricSeries		ordinaryHypergeometricSeries x0 x1 x2 x3 x4 = 0 	{n k : ℕ} (habc : k = -a ∨ k = -b ∨ k = -c) (hk : k < n) : ordinaryHypergeometricSeries 𝔸 a b c n = 0
identity	ordinaryHypergeometricSeries		ordinaryHypergeometricSeries x0 x1 x2 x3 x4 x5 = Pi.single x6 x7 x8 x4	(n : ℕ) : ordinaryHypergeometricSeries 𝔸 a b c n (fun _ => 0) = Pi.single (M := fun _ => 𝔸) 0 1 n
identity	polarCoord.source		polarCoord.source  = ᵐ x0 x1	: polarCoord.source =ᵐ[volume] univ
identity	qaryEntropy		qaryEntropy x0 = binEntropy 	: qaryEntropy 2 = binEntropy
identity	qaryEntropy		qaryEntropy x0 x1 = 0 	(q : ℕ) : qaryEntropy q 0 = 0
identity	qaryEntropy		qaryEntropy x0 x1 = log x2	(q : ℕ) : qaryEntropy q 1 = log (q - 1 : ℤ)
identity	range		range x0 = Icc x1 x2	: range arcsin = Icc (-(π / 2)) (π / 2)
identity	range		range x0 = Ioo x1 x2	: range Real.sigmoid = Ioo 0 1
identity	range		range x0 = Ioo x1 x2	: range arctan = Ioo (-(π / 2)) (π / 2)
identity	range		range x0 = Ioo x1 x2	: range unitInterval.sigmoid = Ioo 0 1
identity	range		range x0 = Set.Ioi x1	: range exp = Set.Ioi 0
identity	range		range x0 = univ 	: range (logb b) = univ
identity	range		range x0 = univ 	: range log = univ
identity	rpow		rpow x0 x1 = 0 	{x : ℝ} (hx : x ≠ 0) : rpow (0 : A) x = 0
identity	rpowIntegrand₀₁		rpowIntegrand₀₁ x0 x1 x2 = 0 	(hp : 0 < p) : rpowIntegrand₀₁ p 0 x = 0
identity	rpowIntegrand₀₁		rpowIntegrand₀₁ x0 x1 x2 = 0 	: rpowIntegrand₀₁ p t 0 = 0
identity	sigmoid		sigmoid x0 = σ x1	(x : ℝ) : sigmoid (-x) = σ (sigmoid x)
identity	sin		sin x0 = 0 	: sin (0 : Angle) = 0
identity	sin		sin x0 = 0 	: sin (2 * π) = 0
identity	sin		sin x0 = 0 	(n : ℕ) : sin (n * π) = 0
identity	sin		sin x0 = 0 	: sin (π : Angle) = 0
identity	sin		sin x0 = 0 	: sin π = 0
identity	sin		sin x0 = 1 	: sin (π / 2) = 1
identity	sin		sin x0 = Real.sin x1	(x : ℝ) : sin (x : Angle) = Real.sin x
identity	sin		sin x0 = cos x1	(x : ℂ) : sin (x + π / 2) = cos x
identity	sin		sin x0 = cos x1	(θ : Angle) : sin (θ + ↑(π / 2)) = cos θ
identity	sin		sin x0 = cos x1	(x : ℂ) : sin (π / 2 - x) = cos x
identity	sin		sin x0 = cos x1	(θ : Angle) : sin (↑(π / 2) - θ) = cos θ
identity	sin		sin x0 = sin x1	(x : ℂ) : sin (x + 2 * π) = sin x
identity	sin		sin x0 = sin x1	(x : ℂ) (n : ℕ) : sin (x + n * (2 * π)) = sin x
identity	sin		sin x0 = sin x1	(x : ℂ) : sin (x - 2 * π) = sin x
identity	sin		sin x0 = sin x1	(x : ℂ) (n : ℕ) : sin (x - n * (2 * π)) = sin x
identity	sin		sin x0 = sin x1	(x : ℂ) : sin (π - x) = sin x
identity	sin		sin x0 = x 	{x : ℝ} (hx : x ∈ Icc (-1 : ℝ) 1) : sin (arcsin x) = x
identity	sinc		sinc  = dslope x0 x1	: sinc = dslope sin 0
identity	sinc		sinc x0 = 1 	: sinc 0 = 1
identity	sinc		sinc x0 = sinc x1	(x : ℝ) : sinc (-x) = sinc x
identity	sinh		sinh x0 = x 	(x : ℝ) : sinh (arsinh x) = x
identity	smoothTransition		smoothTransition x0 = 0 	: smoothTransition 0 = 0
identity	smoothTransition		smoothTransition x0 = 0 	(h : x ≤ 0) : smoothTransition x = 0
identity	smoothTransition		smoothTransition x0 = 1 	: smoothTransition 1 = 1
identity	smoothTransition		smoothTransition x0 = 1 	(h : 1 ≤ x) : smoothTransition x = 1
identity	smoothTransition		smoothTransition x0 = smoothTransition x1	: smoothTransition (projIcc (0 : ℝ) 1 zero_le_one x) = smoothTransition x
identity	sqrt		sqrt x0 = 0 	: sqrt (0 : A) = 0
identity	sqrt		sqrt x0 = 1 	: sqrt (1 : A) = 1
identity	sqrt		sqrt x0 = a 	(a : A) (ha : 0 ≤ a := by cfc_tac) : sqrt (a * a) = a
identity	sqrt		sqrt x0 = a 	(a : A) (ha : 0 ≤ a := by cfc_tac) : sqrt (a ^ (2 : ℝ≥0)) = a
identity	sqrt		sqrt x0 = a 	(a : A) (ha : 0 ≤ a := by cfc_tac) : sqrt (a ^ 2) = a
identity	sqrt		sqrt x0 = b 	{a b : A} (h : b * b = a) (hb : 0 ≤ b := by cfc_tac) : sqrt a = b
identity	sqrt		sqrt x0 = cfc x1 x0	{a : A} : sqrt a = cfc NNReal.sqrt a
identity	sqrtTwoAddSeries		sqrtTwoAddSeries x0 x1 = x 	: sqrtTwoAddSeries x 0 = x
identity	stdAddChar		stdAddChar x0 = exp x1	(j : ℤ) : stdAddChar (j : ZMod N) = exp (2 * π * I * j / N)
identity	stirlingSeq		stirlingSeq x0 = 0 	: stirlingSeq 0 = 0
identity	sumNodes		sumNodes x0 x1 x2 = P.coeff x0	{n : ℕ} {P : ℝ[X]} (hP : P.degree ≤ n) : sumNodes n (leadingCoeffC n) P = P.coeff n
identity	tan		tan x0 = 0 	: tan (0 : Angle) = 0
identity	tan		tan x0 = 0 	(n : ℤ) : tan (n * π / 2) = 0
identity	tan		tan x0 = 0 	(n : ℕ) : tan (n * π) = 0
identity	tan		tan x0 = 0 	: tan (π / 2) = 0
identity	tan		tan x0 = 0 	: tan (π : Angle) = 0
identity	tan		tan x0 = 0 	{x} (h : cos x = 0) : tan x = 0
identity	tan		tan x0 = 0 	: tan π = 0
identity	tan		tan x0 = 1 	: tan (π / 4) = 1
identity	tan		tan x0 = Real.tan x1	(x : ℝ) : tan (x : Angle) = Real.tan x
identity	tan		tan x0 = tan x1	(x : ℂ) (n : ℕ) : tan (x + n * π) = tan x
identity	tan		tan x0 = tan x1	(x : ℂ) : tan (x + π) = tan x
identity	tan		tan x0 = tan x1	(x : ℂ) (n : ℕ) : tan (x - n * π) = tan x
identity	tan		tan x0 = tan x1	(x : ℂ) : tan (x - π) = tan x
identity	tan		tan x0 = tan x1	(θ : Angle) : tan (θ + π) = tan θ
identity	tan		tan x0 = tan x1	(θ : Angle) : tan (θ - π) = tan θ
identity	tan		tan x0 = tan x1	{θ ψ : Angle} (h : (2 : ℕ) • θ = (2 : ℕ) • ψ) : tan θ = tan ψ
identity	tan		tan x0 = x 	(x : ℝ) : tan (arctan x) = x
identity	tan		tan x0 = z 	{z : ℂ} (h₁ : z ≠ I) (h₂ : z ≠ -I) : tan (arctan z) = z
identity	tanh		tanh x0 = x 	{x : ℝ} (hx : x ∈ Ioo (-1) 1) : tanh (artanh x) = x
identity	toCircle		toCircle x0 = .exp x0	(x : ℝ) : toCircle x = .exp x
identity	toCircle		toCircle x0 = 1 	: toCircle (0 : AddCircle T) = 1
identity	toCircle		toCircle x0 = 1 	: toCircle 0 = 1
identity	toCircle		toCircle x0 = Circle.exp x1	(j : ZMod N) : toCircle j = Circle.exp (2 * π * (j.val / N))
identity	toCircle		toCircle x0 = exp x1	(j : ℕ) : toCircle (j : ZMod N) = exp (2 * π * I * j / N)
identity	toCircle		toCircle x0 = exp x1	(j : ZMod N) : toCircle j = exp (2 * π * I * j.val / N)
identity	toIocMod		toIocMod x0 x1 x2 = z.arg 	(z : ℂ) : toIocMod Real.two_pi_pos (-π) z.arg = z.arg
identity	toIocMod		toIocMod x0 x1 x2 = θ.toReal 	(θ : Angle) : toIocMod two_pi_pos (-π) θ.toReal = θ.toReal
identity	x		x  = 1 	(h₁ : 0 < x) (h₂ : logb b x = 0) : x = 1
identity	x		x  = y 	{x y : ℂ} (hx₁ : -π < x.im) (hx₂ : x.im ≤ π) (hy₁ : -π < y.im) (hy₂ : y.im ≤ π) (hxy : exp x = exp y) : x = y
identity	x.log.im		x.log.im  = x.arg 	(x : ℂ) : x.log.im = x.arg
identity	₂F₁		₂F₁ x0 x1 x2 x3 = 1 	: ₂F₁ a b c (0 : 𝔸) = 1
