id	file	grade	cited_from_rust	depends
H.0120	algebra-combinatorics.typ	definition	0	H.0020
H.0121	algebra-combinatorics.typ	proved-standard	0	H.0120
H.0122	algebra-combinatorics.typ	proved-standard	0	H.0120
H.0123	algebra-combinatorics.typ	proved-standard	0	H.0016;H.0122
H.0124	algebra-combinatorics.typ	proved-standard	0	H.0123
H.0125	algebra-combinatorics.typ	proved-standard	0	H.0029;H.0122
H.0126	algebra-combinatorics.typ	proved-standard	0	H.0122
H.0127	algebra-combinatorics.typ	proved-standard	1	H.0126
H.0128	algebra-combinatorics.typ	proved-standard	0	H.0120;H.0123
H.0129	algebra-combinatorics.typ	proved-standard	0	H.0128
H.0130	algebra-combinatorics.typ	proved-standard	0	H.0128
H.0131	algebra-combinatorics.typ	proved-standard	0	H.0121;H.0130
H.0132	algebra-combinatorics.typ	proved-standard	0	H.0121;H.0122
H.0133	algebra-combinatorics.typ	proved-standard	0	H.0132;H.0124
H.0140	algebra-combinatorics.typ	definition	0	H.0010
H.0141	algebra-combinatorics.typ	proved-standard	0	H.0140
H.0142	algebra-combinatorics.typ	proved-standard	0	H.0140;H.0120
H.0143	algebra-combinatorics.typ	proved-standard	0	H.0109;H.0120
H.0144	algebra-combinatorics.typ	proved-standard	0	H.0122;H.0126
H.0145	algebra-combinatorics.typ	proved-standard	0	H.0140;H.0144
H.0146	algebra-combinatorics.typ	definition	0	H.0140
H.0147	algebra-combinatorics.typ	proved-standard	0	H.0142
H.0148	algebra-combinatorics.typ	proved-standard	0	H.0122;H.0143
H.0150	algebra-combinatorics.typ	proved-standard	1	H.0120;H.0126
H.0477	algebra-combinatorics.typ	proved-standard	0	H.0476
H.0479	algebra-combinatorics.typ	proved-standard	0	H.0150;H.0476
H.0320	algebraic-geometry.typ	proved-standard	0	H.0128;H.0220
H.0321	algebraic-geometry.typ	proved-standard	0	H.0120;H.0320
H.0322	algebraic-geometry.typ	proved-standard	0	H.0030;H.0321
H.0323	algebraic-geometry.typ	proved-standard	0	H.0025;H.0125;H.0321
H.0324	algebraic-geometry.typ	proved-standard	0	H.0273;H.0320
H.0325	algebraic-geometry.typ	proved-standard	0	H.0130;H.0320
H.0326	algebraic-geometry.typ	proved-standard	0	H.0122;H.0325
H.0327	algebraic-geometry.typ	proved-standard	0	H.0130;H.0322;H.0325
H.0328	algebraic-geometry.typ	proved-standard	0	H.0130;H.0321
H.0329	algebraic-geometry.typ	definition	0	H.0018;H.0323;H.0326
H.0330	algebraic-geometry.typ	proved-standard	0	H.0226;H.0327
H.0331	algebraic-geometry.typ	definition	0	H.0027;H.0121;H.0329
H.0100	algorithms.typ	definition	0	H.0010;H.0011;H.0012;H.0018
H.0101	algorithms.typ	definition	0	H.0100
H.0102	algorithms.typ	definition	0	H.0100;H.0101
H.0103	algorithms.typ	proved-derived	0	H.0100;H.0102
H.0104	algorithms.typ	definition	1	H.0100;H.0101;H.0102
H.0105	algorithms.typ	proved-derived	0	H.0100;H.0101;H.0102
H.0106	algorithms.typ	proved-derived	0	H.0100;H.0101;H.0102
H.0107	algorithms.typ	proved-derived	0	H.0016;H.0100;H.0102
H.0108	algorithms.typ	definition	0	H.0100;H.0101
H.0109	algorithms.typ	definition	0	H.0108;H.0017
H.0110	algorithms.typ	definition	0	H.0100;H.0103
H.0111	algorithms.typ	definition	0	H.0110
H.0300	arithmetic-analysis.typ	definition	0	H.0001
H.0301	arithmetic-analysis.typ	proved-standard	0	H.0300
H.0302	arithmetic-analysis.typ	proved-standard	0	H.0301
H.0303	arithmetic-analysis.typ	definition	0	H.0302
H.0304	arithmetic-analysis.typ	proved-standard	0	H.0303
H.0305	arithmetic-analysis.typ	proved-standard	0	H.0303
H.0306	arithmetic-analysis.typ	proved-standard	0	H.0302;H.0305
H.0307	arithmetic-analysis.typ	proved-standard	0	H.0306
H.0308	arithmetic-analysis.typ	proved-standard	0	H.0207;H.0212;H.0247
H.0309	arithmetic-analysis.typ	proved-standard	0	H.0249;H.0308
H.0310	arithmetic-analysis.typ	definition	0	H.0309
H.0311	arithmetic-analysis.typ	proved-standard	0	H.0309;H.0310
H.0312	arithmetic-analysis.typ	proved-standard	0	H.0307;H.0309;H.0311
H.0313	arithmetic-analysis.typ	definition	0	H.0213;H.0302
H.0314	arithmetic-analysis.typ	proved-derived	0	H.0215;H.0302;H.0313
H.0315	arithmetic-analysis.typ	computational-witness	0	H.0314
H.0400	computation-information.typ	definition	0	H.0100;H.0140
H.0401	computation-information.typ	definition	0	H.0103;H.0400
H.0402	computation-information.typ	project-postulate	0	H.0110;H.0401
H.0403	computation-information.typ	proved-standard	0	H.0401
H.0404	computation-information.typ	definition	0	H.0401
H.0405	computation-information.typ	proved-standard	0	H.0022;H.0021
H.0406	computation-information.typ	proved-standard	0	H.0020;H.0405
H.0407	computation-information.typ	proved-standard	0	H.0140;H.0406
H.0408	computation-information.typ	definition	0	H.0025;H.0294
H.0409	computation-information.typ	definition	0	H.0108;H.0294
H.0410	computation-information.typ	proved-standard	0	H.0111;H.0401
H.0411	computation-information.typ	definition	0	H.0019;H.0240
H.0412	computation-information.typ	proved-standard	0	H.0411
H.0413	computation-information.typ	proved-standard	0	H.0411;H.0412
H.0414	computation-information.typ	definition	0	H.0019;H.0240
H.0415	computation-information.typ	proved-standard	0	H.0140;H.0242
H.0416	computation-information.typ	proved-derived	0	H.0005;H.0251;H.0401
H.0417	computation-information.typ	definition	0	H.0029;H.0241
H.0418	computation-information.typ	definition	0	H.0019;H.0411;H.0415
H.0419	computation-information.typ	proved-standard	0	H.0106;H.0401;H.0403
H.0420	computation-information.typ	proved-derived	1	H.0012;H.0016;H.0104;H.0210;H.0219;H.0411
H.0480	computation-information.typ	proved-derived	0	H.0016;H.0104;H.0262;H.0420
H.0481	computation-information.typ	definition	0	H.0362
C.0001	counterexamples.typ	counterexample	0	RH.0010
C.0002	counterexamples.typ	counterexample	0	H.0013
C.0003	counterexamples.typ	counterexample	0	RH.0030;RH.0060;RH.0140
C.0004	counterexamples.typ	counterexample	0	RH.0040
C.0005	counterexamples.typ	counterexample	0	RH.0050
C.0006	counterexamples.typ	historical-toy	0	RH.0000
C.0007	counterexamples.typ	historical-toy	0	H.0001
C.0008	counterexamples.typ	counterexample	0	H.0015
C.0009	counterexamples.typ	counterexample	0	H.0262;H.0264
H.0001	foundations.typ	definition	0	
H.0002	foundations.typ	project-postulate	0	H.0001
H.0003	foundations.typ	project-postulate	0	H.0002
H.0004	foundations.typ	project-postulate	0	H.0002;H.0003
H.0005	foundations.typ	project-postulate	0	H.0001;H.0003;H.0004
H.0006	foundations.typ	definition	0	H.0002;H.0003;H.0004
H.0007	foundations.typ	definition	0	H.0003;H.0004;H.0006
H.0010	foundations.typ	definition	0	H.0001
H.0011	foundations.typ	definition	0	H.0002;H.0010
H.0012	foundations.typ	definition	0	H.0003;H.0010;H.0011
H.0013	foundations.typ	definition	0	H.0010;H.0012
H.0014	foundations.typ	definition	0	H.0010;H.0011
H.0015	foundations.typ	definition	0	H.0011;H.0013;H.0014
H.0016	foundations.typ	definition	1	H.0004;H.0012;H.0015
H.0017	foundations.typ	definition	0	H.0011;H.0016
H.0018	foundations.typ	definition	0	H.0010;H.0017
H.0019	foundations.typ	definition	0	H.0012;H.0013;H.0018
H.0476	foundations.typ	definition	0	H.0016
H.0200	geometry-calculus.typ	definition	0	H.0002;H.0003
H.0201	geometry-calculus.typ	definition	0	H.0200;H.0013
H.0202	geometry-calculus.typ	proved-standard	0	H.0201
H.0203	geometry-calculus.typ	proved-standard	0	H.0010
H.0204	geometry-calculus.typ	proved-standard	0	H.0203;H.0101
H.0205	geometry-calculus.typ	proved-standard	0	H.0204
H.0206	geometry-calculus.typ	proved-standard	0	H.0105
H.0207	geometry-calculus.typ	proved-standard	0	H.0206
H.0208	geometry-calculus.typ	proved-standard	0	H.0204;H.0206
H.0209	geometry-calculus.typ	proved-standard	0	H.0206;H.0208
H.0210	geometry-calculus.typ	definition	0	H.0018;H.0206
H.0211	geometry-calculus.typ	proved-standard	0	H.0109
H.0212	geometry-calculus.typ	proved-standard	0	H.0109;H.0206;H.0211
H.0213	geometry-calculus.typ	definition	0	H.0003;H.0018;H.0201;H.0210
H.0214	geometry-calculus.typ	proved-derived	0	H.0208;H.0213
H.0215	geometry-calculus.typ	proved-derived	0	H.0013;H.0210;H.0213;H.0214
H.0216	geometry-calculus.typ	proved-standard	1	H.0201;H.0212
H.0217	geometry-calculus.typ	proved-derived	0	H.0216;H.0019
H.0218	geometry-calculus.typ	proved-standard	0	H.0204;H.0205;H.0207;H.0208
H.0219	geometry-calculus.typ	proved-derived	1	H.0207;H.0218
H.0478	geometry-calculus.typ	proved-standard	0	H.0219;H.0477
H.0020	logic-category.typ	proved-standard	0	H.0001
H.0021	logic-category.typ	proved-standard	0	H.0020;H.0010
H.0022	logic-category.typ	definition	0	H.0010;H.0007
H.0023	logic-category.typ	definition	0	H.0022
H.0024	logic-category.typ	definition	0	H.0022;H.0023
H.0025	logic-category.typ	proved-standard	0	H.0024
H.0026	logic-category.typ	proved-standard	0	H.0025
H.0027	logic-category.typ	proved-standard	0	H.0023
H.0028	logic-category.typ	definition	0	H.0023
H.0029	logic-category.typ	definition	0	H.0022
H.0030	logic-category.typ	definition	0	H.0023;H.0025
H.0031	logic-category.typ	definition	0	H.0020;H.0023
H.0032	logic-category.typ	definition	0	H.0029
H.0033	logic-category.typ	definition	0	H.0023
H.0034	logic-category.typ	definition	0	H.0026;H.0029
H.0035	logic-category.typ	proved-standard	1	H.0030;H.0033
H.0036	logic-category.typ	definition	0	H.0021;H.0023
H.0270	manifold-knot-geometry.typ	definition	0	H.0206;H.0220
H.0271	manifold-knot-geometry.typ	proved-standard	0	H.0203;H.0270
H.0272	manifold-knot-geometry.typ	proved-standard	0	H.0208;H.0271
H.0273	manifold-knot-geometry.typ	proved-standard	0	H.0201;H.0202;H.0270
H.0274	manifold-knot-geometry.typ	proved-standard	0	H.0210;H.0270
H.0275	manifold-knot-geometry.typ	proved-standard	0	H.0252;H.0274
H.0276	manifold-knot-geometry.typ	proved-standard	0	H.0210;H.0274;H.0275
H.0277	manifold-knot-geometry.typ	proved-standard	0	H.0226;H.0271
H.0278	manifold-knot-geometry.typ	proved-standard	0	H.0226;H.0272;H.0274;H.0276
H.0279	manifold-knot-geometry.typ	proved-standard	0	H.0252;H.0274;H.0276
H.0280	manifold-knot-geometry.typ	proved-standard	0	H.0224;H.0279
H.0281	manifold-knot-geometry.typ	proved-standard	1	H.0271
H.0282	manifold-knot-geometry.typ	proved-standard	1	H.0281
H.0283	manifold-knot-geometry.typ	proved-standard	0	H.0224;H.0261;H.0270
H.0284	manifold-knot-geometry.typ	proved-standard	0	H.0202;H.0283
H.0285	manifold-knot-geometry.typ	proved-standard	0	H.0200;H.0274
H.0286	manifold-knot-geometry.typ	definition	0	H.0122;H.0126;H.0273
H.0287	manifold-knot-geometry.typ	definition	0	H.0220;H.0270
H.0288	manifold-knot-geometry.typ	proved-standard	0	H.0287
H.0289	manifold-knot-geometry.typ	proved-standard	0	H.0287
H.0290	manifold-knot-geometry.typ	proved-standard	0	H.0289
H.0291	manifold-knot-geometry.typ	proved-standard	0	H.0287
H.0292	manifold-knot-geometry.typ	definition	0	H.0025;H.0125;H.0288
H.0293	manifold-knot-geometry.typ	proved-derived	0	H.0003;H.0287
H.0294	manifold-knot-geometry.typ	definition	0	H.0203;H.0220
H.0295	manifold-knot-geometry.typ	definition	0	H.0223;H.0250
H.0471	manifold-knot-geometry.typ	proved-standard	0	H.0270;H.0274
H.0472	manifold-knot-geometry.typ	proved-standard	0	H.0270;H.0276
H.0473	manifold-knot-geometry.typ	proved-standard	0	H.0270;H.0271
H.0474	manifold-knot-geometry.typ	proved-standard	0	H.0274;H.0275;H.0282
H.0475	manifold-knot-geometry.typ	proved-standard	0	H.0278;H.0294
H.0450	mathematical-physics.typ	definition	0	H.0020;H.0200
H.0451	mathematical-physics.typ	proved-standard	0	H.0208;H.0252
H.0452	mathematical-physics.typ	proved-standard	0	H.0121;H.0272;H.0451
H.0453	mathematical-physics.typ	proved-standard	0	H.0208;H.0272
H.0454	mathematical-physics.typ	proved-standard	0	H.0205;H.0144;H.0453
H.0455	mathematical-physics.typ	definition	0	H.0125;H.0270;H.0453
H.0456	mathematical-physics.typ	definition	0	H.0208;H.0450
H.0457	mathematical-physics.typ	proved-standard	0	H.0019;H.0351;H.0411;H.0456
H.0458	mathematical-physics.typ	proved-standard	0	H.0271;H.0272;H.0450
H.0459	mathematical-physics.typ	definition	0	H.0270;H.0274
H.0460	mathematical-physics.typ	proved-standard	0	H.0276;H.0455;H.0459
H.0461	mathematical-physics.typ	definition	1	H.0121;H.0243;H.0417;H.0459
H.0462	mathematical-physics.typ	definition	0	H.0023;H.0243;H.0459;H.0461
H.0463	mathematical-physics.typ	proved-derived	0	H.0031;H.0452;H.0458;H.0460;H.0462
H.0464	mathematical-physics.typ	proved-derived	0	H.0241;H.0270;H.0294;H.0455;H.0459
H.0465	mathematical-physics.typ	proved-standard	0	H.0258;H.0271;H.0287;H.0451;H.0455
H.0466	mathematical-physics.typ	proved-derived	1	H.0258;H.0453;H.0458
H.0467	mathematical-physics.typ	proved-standard	0	H.0279;H.0451;H.0455;H.0460;H.0461
H.0468	mathematical-physics.typ	proved-standard	0	H.0459;H.0460;H.0461;H.0467
H.0469	mathematical-physics.typ	proved-standard	0	H.0210;H.0266
H.0470	mathematical-physics.typ	conditional	0	H.0150;H.0216;H.0469
RH.0000	rh-routes.typ	conjecture	0	H.0310
RH.0010	rh-routes.typ	proved-standard	0	H.0126;H.0244;H.0310;H.0311;RH.0000
RH.0020	rh-routes.typ	proved-standard	0	H.0126;H.0312;RH.0000
RH.0030	rh-routes.typ	proved-standard	0	H.0311;H.0212;RH.0000
RH.0040	rh-routes.typ	conditional	0	H.0126;H.0248;H.0311;RH.0010
RH.0050	rh-routes.typ	proved-standard	0	H.0250;H.0306;H.0309;RH.0000
RH.0060	rh-routes.typ	proved-standard	0	H.0109;H.0250;H.0310;RH.0000
RH.0070	rh-routes.typ	proved-standard	0	H.0018;H.0253;H.0308;H.0310;RH.0000
RH.0080	rh-routes.typ	proved-standard	0	H.0243;H.0310;RH.0000
RH.0090	rh-routes.typ	proved-standard	0	H.0210;H.0283;H.0309;RH.0000
RH.0100	rh-routes.typ	conjecture	0	H.0243;H.0311;RH.0000
RH.0110	rh-routes.typ	conditional	0	H.0312;RH.0100
RH.0120	rh-routes.typ	proved-standard	0	H.0312;H.0330
RH.0130	rh-routes.typ	proved-standard	0	H.0249;H.0261;H.0304;H.0312;RH.0000
RH.0140	rh-routes.typ	proved-standard	0	H.0302;RH.0000
RH.0150	rh-routes.typ	proved-standard	0	H.0019;H.0250;H.0254;H.0309;RH.0000
RH.0160	rh-routes.typ	proved-derived	0	H.0401;H.0403;H.0419;RH.0000;RH.0140
RH.0900	rh-routes.typ	proved-derived	0	RH.0010;RH.0020;RH.0030;RH.0040;RH.0050;RH.0060;RH.0070;RH.0080;RH.0090;RH.0100;RH.0110;RH.0120;RH.0130;RH.0140;RH.0150;RH.0160
H.0220	topology-analysis-dynamics.typ	definition	0	H.0001;H.0005
H.0221	topology-analysis-dynamics.typ	proved-standard	0	H.0016;H.0024;H.0220
H.0222	topology-analysis-dynamics.typ	proved-standard	0	H.0220
H.0223	topology-analysis-dynamics.typ	definition	0	H.0220
H.0224	topology-analysis-dynamics.typ	definition	0	H.0101;H.0220
H.0225	topology-analysis-dynamics.typ	proved-standard	0	H.0224
H.0226	topology-analysis-dynamics.typ	definition	0	H.0122;H.0203
H.0227	topology-analysis-dynamics.typ	proved-standard	0	H.0014;H.0124;H.0226
H.0240	topology-analysis-dynamics.typ	proved-standard	0	H.0019;H.0220
H.0241	topology-analysis-dynamics.typ	definition	0	H.0223;H.0240
H.0242	topology-analysis-dynamics.typ	proved-standard	0	H.0241
H.0243	topology-analysis-dynamics.typ	proved-standard	0	H.0242
H.0244	topology-analysis-dynamics.typ	proved-standard	0	H.0126;H.0242
H.0245	topology-analysis-dynamics.typ	definition	0	H.0240
H.0246	topology-analysis-dynamics.typ	proved-standard	0	H.0143;H.0207;H.0241
H.0247	topology-analysis-dynamics.typ	proved-standard	0	H.0246
H.0248	topology-analysis-dynamics.typ	proved-standard	0	H.0244;H.0246
H.0249	topology-analysis-dynamics.typ	definition	0	H.0207;H.0240
H.0250	topology-analysis-dynamics.typ	proved-derived	0	H.0005;H.0109;H.0220;H.0241
H.0251	topology-analysis-dynamics.typ	proved-standard	0	H.0222;H.0223;H.0250
H.0252	topology-analysis-dynamics.typ	proved-standard	0	H.0206;H.0223
H.0253	topology-analysis-dynamics.typ	definition	0	H.0106;H.0220
H.0254	topology-analysis-dynamics.typ	proved-standard	0	H.0019;H.0240;H.0253
H.0255	topology-analysis-dynamics.typ	proved-standard	0	H.0109;H.0254
H.0256	topology-analysis-dynamics.typ	proved-standard	1	H.0108;H.0223
H.0257	topology-analysis-dynamics.typ	proved-standard	0	H.0220;H.0253
H.0258	topology-analysis-dynamics.typ	definition	0	H.0245
H.0259	topology-analysis-dynamics.typ	proved-standard	0	H.0243;H.0258
H.0260	topology-analysis-dynamics.typ	proved-standard	0	H.0246;H.0258
H.0261	topology-analysis-dynamics.typ	definition	0	H.0005;H.0250
H.0262	topology-analysis-dynamics.typ	definition	0	H.0003;H.0012;H.0220;H.0250
H.0263	topology-analysis-dynamics.typ	definition	0	H.0003;H.0262
H.0264	topology-analysis-dynamics.typ	proved-derived	0	H.0012;H.0262
H.0265	topology-analysis-dynamics.typ	proved-derived	0	H.0262;H.0264
H.0266	topology-analysis-dynamics.typ	definition	0	H.0003;H.0012;H.0241
H.0350	transcendence-special-functions.typ	definition	0	H.0130
H.0351	transcendence-special-functions.typ	proved-standard	0	H.0109;H.0208;H.0212;H.0250
H.0352	transcendence-special-functions.typ	proved-standard	0	H.0109;H.0208;H.0240;H.0250
H.0353	transcendence-special-functions.typ	proved-standard	0	H.0212;H.0351;H.0352
H.0354	transcendence-special-functions.typ	proved-standard	0	H.0350;H.0353
H.0355	transcendence-special-functions.typ	proved-standard	0	H.0249;H.0283;H.0352
H.0356	transcendence-special-functions.typ	definition	0	H.0109;H.0252;H.0283
H.0357	transcendence-special-functions.typ	proved-standard	0	H.0250;H.0356
H.0358	transcendence-special-functions.typ	definition	0	H.0132;H.0284
H.0359	transcendence-special-functions.typ	proved-standard	0	H.0305;H.0306;H.0358
H.0360	transcendence-special-functions.typ	proved-standard	0	H.0148;H.0223
H.0361	transcendence-special-functions.typ	definition	0	H.0240;H.0320;H.0350
H.0362	transcendence-special-functions.typ	definition	1	H.0023;H.0100;H.0351;H.0352;H.0355;H.0356;H.0357;H.0360;H.0361
H.0363	transcendence-special-functions.typ	proved-derived	0	H.0302;H.0362
H.0364	transcendence-special-functions.typ	proved-derived	0	H.0313;H.0351;H.0352;H.0362;H.0363
