path	lines	public_items	kernels
crates/holonic-architecture-lint/src/lib.rs	1277	9	0
crates/holonic-architecture-lint/src/main.rs	96	0	0
crates/holonic-engine/kernels/exact_conic_support.cu	848	0	8
crates/holonic-engine/kernels/exact_embedding_fiber.cu	322	0	7
crates/holonic-engine/kernels/exact_relation_support.cu	472	0	8
crates/holonic-engine/kernels/exact_resident_section.cu	2000	0	27
crates/holonic-engine/kernels/refine_shell.cu	1785	0	26
crates/holonic-engine/src/algebraic.rs	2554	126	0
crates/holonic-engine/src/analytic_field.rs	3100	69	0
crates/holonic-engine/src/approach_front.rs	484	14	0
crates/holonic-engine/src/arithmetic_dimensional.rs	1275	21	0
crates/holonic-engine/src/arithmetic_fiber.rs	2487	69	0
crates/holonic-engine/src/arithmetic_monodromy.rs	2327	54	0
crates/holonic-engine/src/arithmetic_phase.rs	404	19	0
crates/holonic-engine/src/athena.rs	529	17	0
crates/holonic-engine/src/atlas.rs	422	17	0
crates/holonic-engine/src/atmospheric_inverse.rs	1622	44	0
crates/holonic-engine/src/basin.rs	431	16	0
crates/holonic-engine/src/bit_causal.rs	1826	62	0
crates/holonic-engine/src/category.rs	207	13	0
crates/holonic-engine/src/causal.rs	174	7	0
crates/holonic-engine/src/causal_body.rs	2115	39	0
crates/holonic-engine/src/causal_reflection.rs	2122	60	0
crates/holonic-engine/src/causal_state_grammar.rs	2351	65	0
crates/holonic-engine/src/causal_traversal.rs	1532	30	0
crates/holonic-engine/src/certified_face.rs	899	14	0
crates/holonic-engine/src/clifford.rs	1042	44	0
crates/holonic-engine/src/codec_recovery.rs	2808	44	0
crates/holonic-engine/src/codec_system.rs	2376	31	0
crates/holonic-engine/src/collocation.rs	1402	52	0
crates/holonic-engine/src/communication.rs	409	9	0
crates/holonic-engine/src/complex_system.rs	1657	9	0
crates/holonic-engine/src/conditioned_derivation.rs	3310	96	0
crates/holonic-engine/src/conic.rs	527	20	0
crates/holonic-engine/src/contact_gluing.rs	2733	50	0
crates/holonic-engine/src/corpus_census.rs	1372	55	0
crates/holonic-engine/src/coupled_informant.rs	1701	36	0
crates/holonic-engine/src/cross_chart.rs	1229	36	0
crates/holonic-engine/src/cuda_aperture.rs	2429	41	0
crates/holonic-engine/src/cuda_refine.rs	6522	73	0
crates/holonic-engine/src/cuda_relation.rs	1564	18	0
crates/holonic-engine/src/cultivated_rest/directory.rs	352	13	0
crates/holonic-engine/src/cultivated_rest/mod.rs	76	0	0
crates/holonic-engine/src/cultivated_rest/native_morphology.rs	417	7	0
crates/holonic-engine/src/cultivated_rest/schema.rs	555	38	0
crates/holonic-engine/src/cultivated_rest/tests.rs	403	0	0
crates/holonic-engine/src/cultivated_rest/wire.rs	606	33	0
crates/holonic-engine/src/cultivation_derivation.rs	719	20	0
crates/holonic-engine/src/curvature_bridge.rs	2655	30	0
crates/holonic-engine/src/derivation_atlas.rs	2746	69	0
crates/holonic-engine/src/derivation_capacitance.rs	2401	47	0
crates/holonic-engine/src/derivation_codec_intake.rs	1869	21	0
crates/holonic-engine/src/derivation_curvature.rs	2452	70	0
crates/holonic-engine/src/derivation_integral.rs	1799	68	0
crates/holonic-engine/src/derivation_skein.rs	1812	36	0
crates/holonic-engine/src/derivation_two_cells.rs	2284	68	0
crates/holonic-engine/src/derived_factor_cover.rs	819	17	0
crates/holonic-engine/src/derived_factor_cover/tests.rs	163	0	0
crates/holonic-engine/src/device.rs	166	8	0
crates/holonic-engine/src/diffusion.rs	1045	22	0
crates/holonic-engine/src/dilation.rs	651	12	0
crates/holonic-engine/src/dimensional_receiver.rs	1828	50	0
crates/holonic-engine/src/dimensional_wave.rs	1963	63	0
crates/holonic-engine/src/discrete_curvature.rs	1916	40	0
crates/holonic-engine/src/display.rs	133	6	0
crates/holonic-engine/src/divisor_reconstruction.rs	2030	48	0
crates/holonic-engine/src/elementary_chart.rs	772	15	0
crates/holonic-engine/src/embedding_fiber.rs	2290	40	0
crates/holonic-engine/src/evolution.rs	293	12	0
crates/holonic-engine/src/exact_contact.rs	485	19	0
crates/holonic-engine/src/exact_json.rs	337	8	0
crates/holonic-engine/src/exact_linear.rs	1054	40	0
crates/holonic-engine/src/exact_owner_testimony.rs	581	27	0
crates/holonic-engine/src/exact_owner_testimony/population.rs	186	4	0
crates/holonic-engine/src/exact_owner_testimony/tests.rs	396	0	0
crates/holonic-engine/src/exact_owner_testimony/tests/population.rs	268	0	0
crates/holonic-engine/src/exact_owner_testimony/typing.rs	149	13	0
crates/holonic-engine/src/exact_value.rs	2266	73	0
crates/holonic-engine/src/exact_work.rs	619	25	0
crates/holonic-engine/src/executor.rs	298	10	0
crates/holonic-engine/src/exponentiated_ratio.rs	633	12	0
crates/holonic-engine/src/field_atlas.rs	2910	76	0
crates/holonic-engine/src/foreign_codec_rest/mod.rs	15	0	0
crates/holonic-engine/src/foreign_codec_rest/schema.rs	259	12	0
crates/holonic-engine/src/foreign_codec_rest/validation.rs	118	2	0
crates/holonic-engine/src/foreign_codec_rest/wire.rs	732	23	0
crates/holonic-engine/src/foreign_codec_rest_tests.rs	324	0	0
crates/holonic-engine/src/foreign_map.rs	1655	57	0
crates/holonic-engine/src/founded_receiver.rs	1543	27	0
crates/holonic-engine/src/front_passage.rs	5494	92	0
crates/holonic-engine/src/generative_transport.rs	1758	44	0
crates/holonic-engine/src/generator_native_rest.rs	264	10	0
crates/holonic-engine/src/gluing.rs	739	9	0
crates/holonic-engine/src/graded_complex_form.rs	1042	5	0
crates/holonic-engine/src/graph_receiver.rs	2547	54	0
crates/holonic-engine/src/grown_cell.rs	2720	60	0
crates/holonic-engine/src/hardware_cover.rs	1346	39	0
crates/holonic-engine/src/hermite_reduction.rs	751	16	0
crates/holonic-engine/src/holonic_complex.rs	1298	22	0
crates/holonic-engine/src/hypergeometric_closure.rs	831	22	0
crates/holonic-engine/src/image.rs	120	11	0
crates/holonic-engine/src/implicit.rs	990	32	0
crates/holonic-engine/src/inertia.rs	1916	42	0
crates/holonic-engine/src/interaction.rs	93	10	0
crates/holonic-engine/src/interchange.rs	2143	42	0
crates/holonic-engine/src/inverse_transport.rs	1729	51	0
crates/holonic-engine/src/kelvin.rs	644	11	0
crates/holonic-engine/src/landauer.rs	284	8	0
crates/holonic-engine/src/lattice_gauge.rs	1695	49	0
crates/holonic-engine/src/leader_quadrature.rs	2445	55	0
crates/holonic-engine/src/lean_development.rs	2400	37	0
crates/holonic-engine/src/lib.rs	502	165	0
crates/holonic-engine/src/live_presentation.rs	281	14	0
crates/holonic-engine/src/local_star.rs	3936	68	0
crates/holonic-engine/src/matroid_chow.rs	2754	77	0
crates/holonic-engine/src/mode.rs	334	19	0
crates/holonic-engine/src/model_surface.rs	887	26	0
crates/holonic-engine/src/move_species.rs	897	50	0
crates/holonic-engine/src/move_species/tests.rs	417	0	0
crates/holonic-engine/src/multiquadratic.rs	741	21	0
crates/holonic-engine/src/name_elaboration.rs	2087	85	0
crates/holonic-engine/src/native_anatomical_potential.rs	349	17	0
crates/holonic-engine/src/native_anatomy.rs	207	8	0
crates/holonic-engine/src/native_ecology/boundary_cultivation.rs	743	23	0
crates/holonic-engine/src/native_ecology/continuation.rs	1106	30	0
crates/holonic-engine/src/native_ecology/cultivation_overlay.rs	829	26	0
crates/holonic-engine/src/native_ecology/cultivation_overlay_tests.rs	230	0	0
crates/holonic-engine/src/native_ecology/factor_complex.rs	973	26	0
crates/holonic-engine/src/native_ecology/heterogeneous_fusion.rs	651	25	0
crates/holonic-engine/src/native_ecology/inference_ecology.rs	560	14	0
crates/holonic-engine/src/native_ecology/inference_membrane.rs	685	20	0
crates/holonic-engine/src/native_ecology/mod.rs	15	10	0
crates/holonic-engine/src/native_ecology/recurrent.rs	690	21	0
crates/holonic-engine/src/native_ecology/recurrent_condensation.rs	631	22	0
crates/holonic-engine/src/native_ecology/recurrent_return.rs	785	18	0
crates/holonic-engine/src/native_law.rs	568	6	0
crates/holonic-engine/src/native_occurrence.rs	385	5	0
crates/holonic-engine/src/native_rest/manifest.rs	646	35	0
crates/holonic-engine/src/native_rest/mod.rs	30	3	0
crates/holonic-engine/src/native_rest/mounted.rs	766	24	0
crates/holonic-engine/src/native_rest/seal_stream.rs	361	3	0
crates/holonic-engine/src/native_rest/tests.rs	677	3	0
crates/holonic-engine/src/native_rest/types.rs	367	15	0
crates/holonic-engine/src/native_spool.rs	2154	60	0
crates/holonic-engine/src/observation_ecology.rs	4466	50	0
crates/holonic-engine/src/operation_correspondence/errors.rs	111	2	0
crates/holonic-engine/src/operation_correspondence/mod.rs	15	0	0
crates/holonic-engine/src/operation_correspondence/schema.rs	317	18	0
crates/holonic-engine/src/operation_correspondence/tests.rs	382	0	0
crates/holonic-engine/src/operation_correspondence/validation.rs	344	6	0
crates/holonic-engine/src/organizational_grammar.rs	2187	61	0
crates/holonic-engine/src/parameter.rs	244	19	0
crates/holonic-engine/src/parcel.rs	1306	56	0
crates/holonic-engine/src/phase_current.rs	850	18	0
crates/holonic-engine/src/physical.rs	816	33	0
crates/holonic-engine/src/physical_constraint_complex.rs	598	33	0
crates/holonic-engine/src/physical_constraint_complex/tests.rs	225	0	0
crates/holonic-engine/src/placement.rs	346	8	0
crates/holonic-engine/src/platform.rs	295	8	0
crates/holonic-engine/src/platform_x11.rs	384	3	0
crates/holonic-engine/src/ported_operation.rs	1503	59	0
crates/holonic-engine/src/ported_reference.rs	1372	14	0
crates/holonic-engine/src/presentation.rs	2470	54	0
crates/holonic-engine/src/presentation_gauge.rs	828	12	0
crates/holonic-engine/src/prime_ecology.rs	3842	71	0
crates/holonic-engine/src/quantity.rs	1889	69	0
crates/holonic-engine/src/quintic_chart.rs	2875	46	0
crates/holonic-engine/src/rational_polynomial.rs	1966	67	0
crates/holonic-engine/src/realization.rs	362	18	0
crates/holonic-engine/src/realization/passage.rs	776	21	0
crates/holonic-engine/src/rebase_invariants.rs	1419	33	0
crates/holonic-engine/src/receiver.rs	2730	83	0
crates/holonic-engine/src/receiver_current.rs	1130	30	0
crates/holonic-engine/src/receiver_ecology.rs	740	19	0
crates/holonic-engine/src/receiver_exact_compression.rs	1313	32	0
crates/holonic-engine/src/receiver_history_compression.rs	1233	27	0
crates/holonic-engine/src/receiver_history_cultivation.rs	494	20	0
crates/holonic-engine/src/receiver_phase_atlas.rs	1817	30	0
crates/holonic-engine/src/reduction_junction.rs	1306	24	0
crates/holonic-engine/src/regime_reading.rs	326	11	0
crates/holonic-engine/src/reopening.rs	1980	42	0
crates/holonic-engine/src/resident_law.rs	3699	52	0
crates/holonic-engine/src/resident_section.rs	7836	208	0
crates/holonic-engine/src/resource.rs	203	9	0
crates/holonic-engine/src/returned_conduct.rs	1882	50	0
crates/holonic-engine/src/returned_reading.rs	2374	41	0
crates/holonic-engine/src/running_integral.rs	2464	73	0
crates/holonic-engine/src/section_partition.rs	2180	41	0
crates/holonic-engine/src/sheaf_diffusion.rs	1384	41	0
crates/holonic-engine/src/simplicial.rs	2311	66	0
crates/holonic-engine/src/situated_residual.rs	1002	39	0
crates/holonic-engine/src/skein.rs	512	13	0
crates/holonic-engine/src/soulkiller/foreign_potential_rest.rs	729	21	0
crates/holonic-engine/src/soulkiller/foreign_section_descent.rs	1584	50	0
crates/holonic-engine/src/soulkiller/mod.rs	14	4	0
crates/holonic-engine/src/soulkiller/receiver_restricted_transport.rs	1366	34	0
crates/holonic-engine/src/soulkiller/scrapyard.rs	627	4	0
crates/holonic-engine/src/soulkiller_witness.rs	571	15	0
crates/holonic-engine/src/source_occurrence.rs	1295	25	0
crates/holonic-engine/src/spine_cut.rs	1643	32	0
crates/holonic-engine/src/statement_composition.rs	2914	65	0
crates/holonic-engine/src/statement_grammar.rs	2118	48	0
crates/holonic-engine/src/streamed_standing.rs	1144	34	0
crates/holonic-engine/src/structure_group.rs	1117	41	0
crates/holonic-engine/src/substitution_realizers.rs	1856	22	0
crates/holonic-engine/src/supported_realizers.rs	738	15	0
crates/holonic-engine/src/surprisal.rs	1237	33	0
crates/holonic-engine/src/temper.rs	666	16	0
crates/holonic-engine/src/token_invariance.rs	4898	161	0
crates/holonic-engine/src/traversible_chain.rs	2706	72	0
crates/holonic-engine/src/tube.rs	1780	32	0
crates/holonic-engine/src/wave_propagation.rs	1600	55	0
crates/holonic-engine/src/winding_inertia.rs	2879	56	0
crates/holonic-engine/src/world.rs	289	13	0
crates/holonic-language/src/lib.rs	932	43	0
crates/holonic-structure/src/branch_lineage.rs	116	9	0
crates/holonic-structure/src/chain.rs	535	24	0
crates/holonic-structure/src/face.rs	97	6	0
crates/holonic-structure/src/gauge.rs	180	7	0
crates/holonic-structure/src/junction.rs	267	10	0
crates/holonic-structure/src/keyed_atlas.rs	577	21	0
crates/holonic-structure/src/lib.rs	64	0	0
crates/holonic-structure/src/local_population.rs	376	29	0
crates/holonic-structure/src/local_sequence.rs	189	19	0
crates/holonic-structure/src/membrane.rs	23	1	0
crates/holonic-structure/src/ordinal_atlas.rs	389	22	0
crates/holonic-structure/src/relating.rs	140	5	0
crates/holonic-structure/src/relation_atlas.rs	391	30	0
crates/relational-geometry/src/decorated_path.rs	927	21	0
crates/relational-geometry/src/exact.rs	590	63	0
crates/relational-geometry/src/exact_analysis.rs	1952	78	0
crates/relational-geometry/src/lib.rs	23	8	0
crates/relational-geometry/src/model.rs	905	43	0
crates/relational-geometry/src/projection.rs	1613	58	0
crates/relational-geometry/src/receiver_atlas.rs	871	33	0
crates/relational-geometry/src/receiver_topology.rs	1870	42	0
crates/relational-geometry/src/scene.rs	471	18	0
soma/body/src/arrow.rs	370	10	0
soma/body/src/boundary.rs	89	3	0
soma/body/src/carriage.rs	5360	32	0
soma/body/src/carriage/register_chart.rs	798	10	0
soma/body/src/channel.rs	1118	39	0
soma/body/src/chart.rs	202	10	0
soma/body/src/geom.rs	135	6	0
soma/body/src/incidence.rs	1075	63	0
soma/body/src/law.rs	523	19	0
soma/body/src/lib.rs	29	15	0
soma/body/src/manifold.rs	5949	331	0
soma/body/src/manifold_tests.rs	3207	0	0
soma/body/src/medium.rs	1405	20	0
soma/body/src/medium/codec.rs	1092	16	0
soma/body/src/num.rs	596	31	0
soma/body/src/place.rs	329	10	0
soma/body/src/quest.rs	277	0	0
soma/body/src/register.rs	566	25	0
soma/body/src/seam.rs	74	5	0
soma/body/src/soul.rs	274	17	0
soma/life/src/agentic_language.rs	1031	64	0
soma/life/src/agentic_language/answer_continuation.rs	1207	10	0
soma/life/src/agentic_language/candidate.rs	1454	30	0
soma/life/src/agentic_language/ecology.rs	1722	37	0
soma/life/src/agentic_language/formal_return.rs	161	1	0
soma/life/src/agentic_language/reflective_codec.rs	341	10	0
soma/life/src/agentic_language/relational_return.rs	181	9	0
soma/life/src/agentic_language/tests.rs	1185	0	0
soma/life/src/agentic_research.rs	1432	29	0
soma/life/src/agentic_research/open_completion.rs	96	4	0
soma/life/src/algorithmic_material.rs	679	15	0
soma/life/src/athena_alpha.rs	313	2	0
soma/life/src/athena_native/conduct.rs	227	3	0
soma/life/src/athena_native/cultivated.rs	603	27	0
soma/life/src/athena_native/exchange_cultivation.rs	505	10	0
soma/life/src/athena_native/exchange_realization.rs	569	16	0
soma/life/src/athena_native/mod.rs	54	0	0
soma/life/src/athena_native/native_factor_deposit.rs	463	10	0
soma/life/src/athena_native/native_material_circulation.rs	1372	30	0
soma/life/src/athena_native/native_relational_potential.rs	1280	28	0
soma/life/src/athena_native/recurrent_factor_complex.rs	892	18	0
soma/life/src/athena_native/rest.rs	217	7	0
soma/life/src/athena_native/types.rs	119	9	0
soma/life/src/athena_receiver_history.rs	243	3	0
soma/life/src/athena_receiver_history/roles.rs	195	1	0
soma/life/src/athena_receiver_history/system.rs	371	7	0
soma/life/src/athena_receiver_history/types.rs	120	11	0
soma/life/src/atlas_cultivation.rs	2274	52	0
soma/life/src/bin/eros.rs	920	0	0
soma/life/src/causal_language.rs	2739	54	0
soma/life/src/causal_section.rs	589	14	0
soma/life/src/causal_section/tests.rs	191	0	0
soma/life/src/conditioned_rest.rs	1364	20	0
soma/life/src/coupled_informant_current.rs	1256	15	0
soma/life/src/current_world.rs	1954	58	0
soma/life/src/decomposing_codec.rs	2707	65	0
soma/life/src/dialogue_lineage.rs	795	17	0
soma/life/src/eros_rest.rs	826	21	0
soma/life/src/exact_world.rs	95	10	0
soma/life/src/exchange_world_tube/continuation.rs	414	8	0
soma/life/src/exchange_world_tube/json_record.rs	418	2	0
soma/life/src/exchange_world_tube/mod.rs	351	24	0
soma/life/src/exchange_world_tube/mount.rs	339	3	0
soma/life/src/exchange_world_tube/receiver.rs	368	10	0
soma/life/src/exchange_world_tube/rest.rs	541	6	0
soma/life/src/exchange_world_tube/source.rs	291	4	0
soma/life/src/exposure_codec.rs	1696	40	0
soma/life/src/form_mouth.rs	808	10	0
soma/life/src/founded_mouth.rs	255	7	0
soma/life/src/holonic_training.rs	1837	53	0
soma/life/src/incidence_production.rs	4095	111	0
soma/life/src/laboratory_language.rs	2128	47	0
soma/life/src/laboratory_language/repository.rs	1020	12	0
soma/life/src/laboratory_language/tests.rs	63	0	0
soma/life/src/lean_mathematics.rs	981	70	0
soma/life/src/lean_mathematics/ecology.rs	1451	16	0
soma/life/src/lean_mathematics/kernel_returns.rs	235	21	0
soma/life/src/lean_mathematics/syntax.rs	819	31	0
soma/life/src/lean_mathematics/tests.rs	638	0	0
soma/life/src/lib.rs	103	44	0
soma/life/src/live_current_cuda.rs	138	2	0
soma/life/src/live_current_cuda/executor.rs	1590	0	0
soma/life/src/live_current_cuda/mount.rs	324	16	0
soma/life/src/live_current_cuda/receipt.rs	94	20	0
soma/life/src/live_current_cuda/tests.rs	1794	0	0
soma/life/src/material_incidence.rs	2616	52	0
soma/life/src/material_shadow_cuda.rs	289	11	0
soma/life/src/mathematical_particle.rs	657	56	0
soma/life/src/mathematical_particle/admission.rs	159	19	0
soma/life/src/mathematical_particle/intake.rs	343	21	0
soma/life/src/mathematical_particle/lineage.rs	497	36	0
soma/life/src/mathematical_particle/methods.rs	630	37	0
soma/life/src/mathematical_particle/morphology.rs	24	1	0
soma/life/src/mathematical_particle/morphology/algebra.rs	199	8	0
soma/life/src/mathematical_particle/morphology/candidate.rs	232	6	0
soma/life/src/mathematical_particle/morphology/rest.rs	145	9	0
soma/life/src/mathematical_particle/morphology/tests.rs	73	0	0
soma/life/src/mathematical_particle/morphology/types.rs	213	17	0
soma/life/src/mathematical_particle/multimodal_transport.rs	25	0	0
soma/life/src/mathematical_particle/multimodal_transport/rest.rs	368	11	0
soma/life/src/mathematical_particle/multimodal_transport/tests.rs	158	0	0
soma/life/src/mathematical_particle/multimodal_transport/types.rs	237	26	0
soma/life/src/mathematical_particle/multimodal_transport/validation.rs	326	2	0
soma/life/src/mathematical_particle/multimodal_transport/wire.rs	142	2	0
soma/life/src/mathematical_particle/production_aperture.rs	93	6	0
soma/life/src/mathematical_particle/production_aperture/components.rs	113	1	0
soma/life/src/mathematical_particle/production_aperture/family.rs	577	33	0
soma/life/src/mathematical_particle/production_aperture/family_types.rs	128	10	0
soma/life/src/mathematical_particle/production_aperture/inquiry.rs	100	4	0
soma/life/src/mathematical_particle/production_aperture/laboratory.rs	630	21	0
soma/life/src/mathematical_particle/production_aperture/laboratory_types.rs	192	16	0
soma/life/src/mathematical_particle/production_aperture/native_consequence.rs	512	6	0
soma/life/src/mathematical_particle/production_aperture/native_consequence_types.rs	238	21	0
soma/life/src/mathematical_particle/production_aperture/native_family.rs	723	22	0
soma/life/src/mathematical_particle/production_aperture/native_family_types.rs	172	15	0
soma/life/src/mathematical_particle/production_aperture/native_terrain.rs	752	25	0
soma/life/src/mathematical_particle/production_aperture/native_terrain_types.rs	110	9	0
soma/life/src/mathematical_particle/production_aperture/rest.rs	439	14	0
soma/life/src/mathematical_particle/production_aperture/tests.rs	145	0	0
soma/life/src/mathematical_particle/production_aperture/types.rs	156	13	0
soma/life/src/mathematical_particle/production_aperture/wire.rs	86	5	0
soma/life/src/mathematical_particle/recurrence.rs	415	24	0
soma/life/src/mathematical_particle/retained_boundary.rs	23	0	0
soma/life/src/mathematical_particle/retained_boundary/rest.rs	404	12	0
soma/life/src/mathematical_particle/retained_boundary/system.rs	161	10	0
soma/life/src/mathematical_particle/retained_boundary/tests.rs	101	0	0
soma/life/src/mathematical_particle/retained_boundary/types.rs	148	14	0
soma/life/src/mathematical_particle/retained_boundary/validation.rs	236	3	0
soma/life/src/mathematical_particle/sameness.rs	565	14	0
soma/life/src/mathematical_particle/sameness/diagram.rs	406	6	0
soma/life/src/mathematical_particle/sameness/history.rs	284	9	0
soma/life/src/mathematical_particle/sameness/receipt.rs	120	20	0
soma/life/src/mathematical_particle/sameness/receivers.rs	216	15	0
soma/life/src/mathematical_particle/tests.rs	1094	0	0
soma/life/src/mathematical_particle/tests/attacks.rs	959	0	0
soma/life/src/mathematical_particle/validation.rs	577	3	0
soma/life/src/mathematical_particle/validation/typing.rs	253	11	0
soma/life/src/mathematical_source.rs	786	29	0
soma/life/src/mathematical_source/acoustic.rs	261	4	0
soma/life/src/mathematical_source/correspondence.rs	281	7	0
soma/life/src/mathematical_source/optical_holons.rs	522	26	0
soma/life/src/mathematical_source/optical_holons/growth.rs	1538	1	0
soma/life/src/mathematical_source/optical_recovery.rs	972	22	0
soma/life/src/mathematical_source/raster.rs	232	7	0
soma/life/src/mathematical_source/tests.rs	260	0	0
soma/life/src/morphological_language.rs	270	9	0
soma/life/src/morphological_language/condition_cuda.rs	1284	15	0
soma/life/src/morphological_language/conduct.rs	1136	69	0
soma/life/src/morphological_language/conduct_cuda.rs	1457	34	0
soma/life/src/morphological_language/current.rs	821	10	0
soma/life/src/morphological_language/ecology.rs	3032	18	0
soma/life/src/morphological_language/generated.rs	444	22	0
soma/life/src/morphological_language/generator_rest.rs	559	12	0
soma/life/src/morphological_language/tests.rs	1159	0	0
soma/life/src/presentation_quotient.rs	1173	27	0
soma/life/src/reconstruction_fiber.rs	683	20	0
soma/life/src/reconstruction_fiber/edit.rs	181	5	0
soma/life/src/reconstruction_fiber/tests.rs	333	0	0
soma/life/src/recurrent_section.rs	815	21	0
soma/life/src/recurrent_section_cuda.rs	489	15	0
soma/life/src/reintegrating_elaboration.rs	1493	55	0
soma/life/src/relational_language.rs	69	0	0
soma/life/src/relational_language/codec.rs	1352	49	0
soma/life/src/relational_language/ecology.rs	1722	27	0
soma/life/src/relational_language/tests.rs	1093	0	0
soma/life/src/relational_language/transport.rs	543	24	0
soma/life/src/relational_language/types.rs	438	40	0
soma/life/src/research_intelligence.rs	828	19	0
soma/life/src/resonance_ecology.rs	1076	71	0
soma/life/src/resonance_ecology/ecology.rs	570	12	0
soma/life/src/resonance_ecology/tests.rs	371	0	0
soma/life/src/returned_conduct.rs	2459	63	0
soma/life/src/returned_contact_cuda.rs	1126	24	0
soma/life/src/suffix_ecology.rs	3018	95	0
soma/life/src/synchronized_occurrence.rs	413	25	0
soma/life/src/synchronized_occurrence/chart.rs	848	11	0
soma/life/src/synchronized_occurrence/ecology.rs	526	30	0
soma/life/src/synchronized_occurrence/tests.rs	430	0	0
soma/life/src/text_material.rs	2036	32	0
soma/life/src/text_material/import.rs	807	5	0
soma/life/src/text_material/resident.rs	513	27	0
soma/life/src/text_material_cuda.rs	1043	20	0
soma/membrane/src/chart_address.rs	422	12	0
soma/membrane/src/growing_carrier.rs	306	9	0
soma/membrane/src/growing_ranked.rs	468	13	0
soma/membrane/src/growing_sparse.rs	57	4	0
soma/membrane/src/lib.rs	61	10	0
soma/membrane/src/live_carrier.rs	461	10	0
soma/membrane/src/live_constituent.rs	5556	163	0
soma/membrane/src/live_current.rs	6310	245	0
soma/membrane/src/ranked_surface.rs	172	9	0
soma/membrane/src/sparse_standing.rs	1078	32	0
soma/membrane/src/sparse_surface.rs	378	10	0
soma/membrane/src/support_family.rs	645	29	0
soma/mount/src/bin/mount-chart-gate.rs	416	0	0
soma/mount/src/bin/mount-founded-gate.rs	429	0	0
soma/mount/src/bin/mount-link-gate.rs	392	0	0
soma/mount/src/bin/mount-register-gate.rs	931	0	0
soma/mount/src/bin/mount-register-remount-gate.rs	775	0	0
soma/mount/src/bin/mount-scope-gate.rs	1547	0	0
soma/mount/src/bin/mount-smoke.rs	172	0	0
soma/mount/src/cuda.rs	1948	104	0
soma/mount/src/ffi.rs	212	69	0
soma/mount/src/lib.rs	316	8	0
soma/mount/src/live_event_launch.rs	305	16	0
soma/mount/src/register_carrier.rs	234	3	0
soma/mount/src/register_launch.rs	461	28	0
soma/mount/src/register_recast.rs	221	3	0
soma/surface/src/lib.rs	4023	90	0
soma/surface/src/sleep_tests.rs	954	0	0
