owner	kind	row	column	value	lineage
factor_0	source_term	0	-	1:0:0:2	1711186366924053893
factor_0	source_term	1	-	-1:0:3:0	1711186366924053893
factor_0	source_term	2	-	1:0:2:0	1711186366924053893
factor_0	source_term	3	-	1:1:2:0	1711186366924053893
factor_0	source_term	4	-	-1:1:1:0	1711186366924053893
factor_0	root	0	-	0+0z	1711186366924053894
factor_0	root	1	-	1+0z	1711186366924053896
factor_0	root	2	-	0+1z	1711186366924053895
factor_0	discriminant	0	-	0	1711186366924053957
factor_0	discriminant	1	-	0	1711186366924053957
factor_0	discriminant	2	-	1	1711186366924053957
factor_0	discriminant	3	-	-2	1711186366924053957
factor_0	discriminant	4	-	1	1711186366924053957
factor_0	denominator	0	-	0	1711186366924053957
factor_0	denominator	1	-	2	1711186366924053957
factor_0	denominator	2	-	-2	1711186366924053957
factor_0	connection	0	0	0+1z	1711186366924053957
factor_0	connection	0	1	-1+0z	1711186366924053957
factor_0	connection	1	0	0+1z	1711186366924053957
factor_0	connection	1	1	0+-1z	1711186366924053957
factor_1	source_term	0	-	1:0:0:2	1711186366924053894
factor_1	source_term	1	-	-1:0:3:0	1711186366924053894
factor_1	source_term	2	-	1:0:2:0	1711186366924053894
factor_1	source_term	3	-	1:1:2:0	1711186366924053894
factor_1	source_term	4	-	-1:1:1:0	1711186366924053894
factor_1	root	0	-	0+0z	1711186366924053895
factor_1	root	1	-	1+0z	1711186366924053897
factor_1	root	2	-	0+1z	1711186366924053896
factor_1	discriminant	0	-	0	1711186366924053958
factor_1	discriminant	1	-	0	1711186366924053958
factor_1	discriminant	2	-	1	1711186366924053958
factor_1	discriminant	3	-	-2	1711186366924053958
factor_1	discriminant	4	-	1	1711186366924053958
factor_1	denominator	0	-	0	1711186366924053958
factor_1	denominator	1	-	2	1711186366924053958
factor_1	denominator	2	-	-2	1711186366924053958
factor_1	connection	0	0	0+1z	1711186366924053958
factor_1	connection	0	1	-1+0z	1711186366924053958
factor_1	connection	1	0	0+1z	1711186366924053958
factor_1	connection	1	1	0+-1z	1711186366924053958
product	basis	0	-	195450	1711186366924054020
product	polarization	0	-	1	1711186366924054020
product	cup	0	0	0	1711186366924054020
product	connection_t	0	0	0+0t	1711186366924054020
product	connection_u	0	0	0+0u	1711186366924054020
product	cup	0	1	1	1711186366924054020
product	connection_t	0	1	0+0t	1711186366924054020
product	connection_u	0	1	0+0u	1711186366924054020
product	cup	0	2	0	1711186366924054020
product	connection_t	0	2	0+0t	1711186366924054020
product	connection_u	0	2	0+0u	1711186366924054020
product	cup	0	3	0	1711186366924054020
product	connection_t	0	3	0+0t	1711186366924054020
product	connection_u	0	3	0+0u	1711186366924054020
product	cup	0	4	0	1711186366924054020
product	connection_t	0	4	0+0t	1711186366924054020
product	connection_u	0	4	0+0u	1711186366924054020
product	cup	0	5	0	1711186366924054020
product	connection_t	0	5	0+0t	1711186366924054020
product	connection_u	0	5	0+0u	1711186366924054020
product	basis	1	-	195451	1711186366924054020
product	polarization	1	-	1	1711186366924054020
product	cup	1	0	1	1711186366924054020
product	connection_t	1	0	0+0t	1711186366924054020
product	connection_u	1	0	0+0u	1711186366924054020
product	cup	1	1	0	1711186366924054020
product	connection_t	1	1	0+0t	1711186366924054020
product	connection_u	1	1	0+0u	1711186366924054020
product	cup	1	2	0	1711186366924054020
product	connection_t	1	2	0+0t	1711186366924054020
product	connection_u	1	2	0+0u	1711186366924054020
product	cup	1	3	0	1711186366924054020
product	connection_t	1	3	0+0t	1711186366924054020
product	connection_u	1	3	0+0u	1711186366924054020
product	cup	1	4	0	1711186366924054020
product	connection_t	1	4	0+0t	1711186366924054020
product	connection_u	1	4	0+0u	1711186366924054020
product	cup	1	5	0	1711186366924054020
product	connection_t	1	5	0+0t	1711186366924054020
product	connection_u	1	5	0+0u	1711186366924054020
product	basis	2	-	195452	1711186366924054020
product	polarization	2	-	0	1711186366924054020
product	cup	2	0	0	1711186366924054020
product	connection_t	2	0	0+0t	1711186366924054020
product	connection_u	2	0	0+0u	1711186366924054020
product	cup	2	1	0	1711186366924054020
product	connection_t	2	1	0+0t	1711186366924054020
product	connection_u	2	1	0+0u	1711186366924054020
product	cup	2	2	0	1711186366924054020
product	connection_t	2	2	0+1t	1711186366924054020
product	connection_u	2	2	0+1u	1711186366924054020
product	cup	2	3	0	1711186366924054020
product	connection_t	2	3	0+0t	1711186366924054020
product	connection_u	2	3	0+1u	1711186366924054020
product	cup	2	4	0	1711186366924054020
product	connection_t	2	4	0+1t	1711186366924054020
product	connection_u	2	4	0+0u	1711186366924054020
product	cup	2	5	-1	1711186366924054020
product	connection_t	2	5	0+0t	1711186366924054020
product	connection_u	2	5	0+0u	1711186366924054020
product	basis	3	-	195453	1711186366924054020
product	polarization	3	-	0	1711186366924054020
product	cup	3	0	0	1711186366924054020
product	connection_t	3	0	0+0t	1711186366924054020
product	connection_u	3	0	0+0u	1711186366924054020
product	cup	3	1	0	1711186366924054020
product	connection_t	3	1	0+0t	1711186366924054020
product	connection_u	3	1	0+0u	1711186366924054020
product	cup	3	2	0	1711186366924054020
product	connection_t	3	2	0+0t	1711186366924054020
product	connection_u	3	2	-1+0u	1711186366924054020
product	cup	3	3	0	1711186366924054020
product	connection_t	3	3	0+1t	1711186366924054020
product	connection_u	3	3	0+-1u	1711186366924054020
product	cup	3	4	1	1711186366924054020
product	connection_t	3	4	0+0t	1711186366924054020
product	connection_u	3	4	0+0u	1711186366924054020
product	cup	3	5	0	1711186366924054020
product	connection_t	3	5	0+1t	1711186366924054020
product	connection_u	3	5	0+0u	1711186366924054020
product	basis	4	-	195454	1711186366924054020
product	polarization	4	-	0	1711186366924054020
product	cup	4	0	0	1711186366924054020
product	connection_t	4	0	0+0t	1711186366924054020
product	connection_u	4	0	0+0u	1711186366924054020
product	cup	4	1	0	1711186366924054020
product	connection_t	4	1	0+0t	1711186366924054020
product	connection_u	4	1	0+0u	1711186366924054020
product	cup	4	2	0	1711186366924054020
product	connection_t	4	2	-1+0t	1711186366924054020
product	connection_u	4	2	0+0u	1711186366924054020
product	cup	4	3	1	1711186366924054020
product	connection_t	4	3	0+0t	1711186366924054020
product	connection_u	4	3	0+0u	1711186366924054020
product	cup	4	4	0	1711186366924054020
product	connection_t	4	4	0+-1t	1711186366924054020
product	connection_u	4	4	0+1u	1711186366924054020
product	cup	4	5	0	1711186366924054020
product	connection_t	4	5	0+0t	1711186366924054020
product	connection_u	4	5	0+1u	1711186366924054020
product	basis	5	-	195455	1711186366924054020
product	polarization	5	-	0	1711186366924054020
product	cup	5	0	0	1711186366924054020
product	connection_t	5	0	0+0t	1711186366924054020
product	connection_u	5	0	0+0u	1711186366924054020
product	cup	5	1	0	1711186366924054020
product	connection_t	5	1	0+0t	1711186366924054020
product	connection_u	5	1	0+0u	1711186366924054020
product	cup	5	2	-1	1711186366924054020
product	connection_t	5	2	0+0t	1711186366924054020
product	connection_u	5	2	0+0u	1711186366924054020
product	cup	5	3	0	1711186366924054020
product	connection_t	5	3	-1+0t	1711186366924054020
product	connection_u	5	3	0+0u	1711186366924054020
product	cup	5	4	0	1711186366924054020
product	connection_t	5	4	0+0t	1711186366924054020
product	connection_u	5	4	-1+0u	1711186366924054020
product	cup	5	5	0	1711186366924054020
product	connection_t	5	5	0+-1t	1711186366924054020
product	connection_u	5	5	0+-1u	1711186366924054020
product	filtration_f1	0	-	0	1711186366924054020
product	filtration_f1	1	-	1	1711186366924054020
product	filtration_f1	2	-	2	1711186366924054020
product	filtration_f1	3	-	3	1711186366924054020
product	filtration_f1	4	-	4	1711186366924054020
product	filtration_f2	0	-	2	1711186366924054020
locus	graph	0	-	1	1711186366924054052
locus	primitive	0	-	0	1711186366924054052
locus	graph	1	-	1	1711186366924054052
locus	primitive	1	-	0	1711186366924054052
locus	graph	2	-	0	1711186366924054052
locus	primitive	2	-	0	1711186366924054052
locus	graph	3	-	1	1711186366924054052
locus	primitive	3	-	1	1711186366924054052
locus	graph	4	-	-1	1711186366924054052
locus	primitive	4	-	-1	1711186366924054052
locus	graph	5	-	0	1711186366924054052
locus	primitive	5	-	0	1711186366924054052
locus	jet	0	1	-1:1:	1711186366924054052
translation_0	root	0	-	0	1711186366924053989
translation_0	other_first	0	-	0	1711186366924053989
translation_0	other_second	0	-	0	1711186366924053989
translation_0	kappa	0	-	0	1711186366924053989
translation_0	x_numerator_0	0	-	0	1711186366924053989
translation_0	x_numerator_1	0	-	1	1711186366924053989
translation_0	x_denominator_0	0	-	1	1711186366924053989
translation_0	x_denominator_1	0	-	0	1711186366924053989
translation_0	y_scale	0	-	1	1711186366924053989
translation_0	graph_class	0	-	1	1711186366924053989
translation_0	graph_class	1	-	1	1711186366924053989
translation_0	graph_class	2	-	0	1711186366924053989
translation_0	graph_class	3	-	1	1711186366924053989
translation_0	graph_class	4	-	-1	1711186366924053989
translation_0	graph_class	5	-	0	1711186366924053989
translation_0	certificates	0	0	1:1:1:1:1	1711186366924053989
translation_1	root	0	-	0	1711186366924053990
translation_1	other_first	0	-	1	1711186366924053990
translation_1	other_second	0	-	0	1711186366924053990
translation_1	other_second	1	-	1	1711186366924053990
translation_1	kappa	0	-	0	1711186366924053990
translation_1	kappa	1	-	1	1711186366924053990
translation_1	x_numerator_0	0	-	0	1711186366924053990
translation_1	x_numerator_0	1	-	1	1711186366924053990
translation_1	x_numerator_1	0	-	0	1711186366924053990
translation_1	x_denominator_0	0	-	0	1711186366924053990
translation_1	x_denominator_1	0	-	1	1711186366924053990
translation_1	y_scale	0	-	0	1711186366924053990
translation_1	y_scale	1	-	-1	1711186366924053990
translation_1	graph_class	0	-	1	1711186366924053990
translation_1	graph_class	1	-	1	1711186366924053990
translation_1	graph_class	2	-	0	1711186366924053990
translation_1	graph_class	3	-	1	1711186366924053990
translation_1	graph_class	4	-	-1	1711186366924053990
translation_1	graph_class	5	-	0	1711186366924053990
translation_1	certificates	0	0	1:1:1:1:1	1711186366924053990
translation_2	root	0	-	1	1711186366924053991
translation_2	other_first	0	-	0	1711186366924053991
translation_2	other_second	0	-	0	1711186366924053991
translation_2	other_second	1	-	1	1711186366924053991
translation_2	kappa	0	-	1	1711186366924053991
translation_2	kappa	1	-	-1	1711186366924053991
translation_2	x_numerator_0	0	-	0	1711186366924053991
translation_2	x_numerator_0	1	-	-1	1711186366924053991
translation_2	x_numerator_1	0	-	1	1711186366924053991
translation_2	x_denominator_0	0	-	-1	1711186366924053991
translation_2	x_denominator_1	0	-	1	1711186366924053991
translation_2	y_scale	0	-	-1	1711186366924053991
translation_2	y_scale	1	-	1	1711186366924053991
translation_2	graph_class	0	-	1	1711186366924053991
translation_2	graph_class	1	-	1	1711186366924053991
translation_2	graph_class	2	-	0	1711186366924053991
translation_2	graph_class	3	-	1	1711186366924053991
translation_2	graph_class	4	-	-1	1711186366924053991
translation_2	graph_class	5	-	0	1711186366924053991
translation_2	certificates	0	0	1:1:1:1:1	1711186366924053991
translation_3	root	0	-	0	1711186366924053992
translation_3	root	1	-	1	1711186366924053992
translation_3	other_first	0	-	0	1711186366924053992
translation_3	other_second	0	-	1	1711186366924053992
translation_3	kappa	0	-	0	1711186366924053992
translation_3	kappa	1	-	-1	1711186366924053992
translation_3	kappa	2	-	1	1711186366924053992
translation_3	x_numerator_0	0	-	0	1711186366924053992
translation_3	x_numerator_0	1	-	-1	1711186366924053992
translation_3	x_numerator_1	0	-	0	1711186366924053992
translation_3	x_numerator_1	1	-	1	1711186366924053992
translation_3	x_denominator_0	0	-	0	1711186366924053992
translation_3	x_denominator_0	1	-	-1	1711186366924053992
translation_3	x_denominator_1	0	-	1	1711186366924053992
translation_3	y_scale	0	-	0	1711186366924053992
translation_3	y_scale	1	-	1	1711186366924053992
translation_3	y_scale	2	-	-1	1711186366924053992
translation_3	graph_class	0	-	1	1711186366924053992
translation_3	graph_class	1	-	1	1711186366924053992
translation_3	graph_class	2	-	0	1711186366924053992
translation_3	graph_class	3	-	1	1711186366924053992
translation_3	graph_class	4	-	-1	1711186366924053992
translation_3	graph_class	5	-	0	1711186366924053992
translation_3	certificates	0	0	1:1:1:1:1	1711186366924053992
cycles	generator_0	0	-	1	195640
cycles	generator_0	1	-	0	195640
cycles	generator_0	2	-	0	195640
cycles	generator_0	3	-	0	195640
cycles	generator_0	4	-	0	195640
cycles	generator_0	5	-	0	195640
cycles	generator_support	0	-	1:1	195640
cycles	generator_1	0	-	0	195641
cycles	generator_1	1	-	1	195641
cycles	generator_1	2	-	0	195641
cycles	generator_1	3	-	0	195641
cycles	generator_1	4	-	0	195641
cycles	generator_1	5	-	0	195641
cycles	generator_support	1	-	2:1	195641
cycles	generator_2	0	-	1	195642
cycles	generator_2	1	-	1	195642
cycles	generator_2	2	-	0	195642
cycles	generator_2	3	-	1	195642
cycles	generator_2	4	-	-1	195642
cycles	generator_2	5	-	0	195642
cycles	generator_support	2	-	4:1	195642
cycles	generator_3	0	-	1	195643
cycles	generator_3	1	-	1	195643
cycles	generator_3	2	-	0	195643
cycles	generator_3	3	-	1	195643
cycles	generator_3	4	-	-1	195643
cycles	generator_3	5	-	0	195643
cycles	generator_support	3	-	8:1	195643
cycles	generator_4	0	-	1	195644
cycles	generator_4	1	-	1	195644
cycles	generator_4	2	-	0	195644
cycles	generator_4	3	-	1	195644
cycles	generator_4	4	-	-1	195644
cycles	generator_4	5	-	0	195644
cycles	generator_support	4	-	16:1	195644
cycles	generator_5	0	-	1	195645
cycles	generator_5	1	-	1	195645
cycles	generator_5	2	-	0	195645
cycles	generator_5	3	-	1	195645
cycles	generator_5	4	-	-1	195645
cycles	generator_5	5	-	0	195645
cycles	generator_support	5	-	32:1	195645
cycles	generator_6	0	-	1	195646
cycles	generator_6	1	-	1	195646
cycles	generator_6	2	-	0	195646
cycles	generator_6	3	-	-1	195646
cycles	generator_6	4	-	1	195646
cycles	generator_6	5	-	0	195646
cycles	generator_support	6	-	64:1	195646
fiber_0	summary	0	0	2187:16:4:1:0	1711186366924054084
fiber_0	target	0	-	1/1	1711186366924054084
fiber_0	target	1	-	1/1	1711186366924054084
fiber_0	target	2	-	0/1	1711186366924054084
fiber_0	target	3	-	1/1	1711186366924054084
fiber_0	target	4	-	-1/1	1711186366924054084
fiber_0	target	5	-	0/1	1711186366924054084
fiber_0	realizer_0	0	-	0	1711186366924054085
fiber_0	realizer_0	1	-	0	1711186366924054085
fiber_0	realizer_0	2	-	-1	1711186366924054085
fiber_0	realizer_0	3	-	0	1711186366924054085
fiber_0	realizer_0	4	-	1	1711186366924054085
fiber_0	realizer_0	5	-	1	1711186366924054085
fiber_0	realizer_0	6	-	0	1711186366924054085
fiber_0	realizer_support	0	-	52:0:1	1711186366924054085
fiber_0	realizer_1	0	-	0	1711186366924054086
fiber_0	realizer_1	1	-	0	1711186366924054086
fiber_0	realizer_1	2	-	-1	1711186366924054086
fiber_0	realizer_1	3	-	1	1711186366924054086
fiber_0	realizer_1	4	-	0	1711186366924054086
fiber_0	realizer_1	5	-	1	1711186366924054086
fiber_0	realizer_1	6	-	0	1711186366924054086
fiber_0	realizer_support	1	-	44:0:1	1711186366924054086
fiber_0	realizer_2	0	-	0	1711186366924054087
fiber_0	realizer_2	1	-	0	1711186366924054087
fiber_0	realizer_2	2	-	-1	1711186366924054087
fiber_0	realizer_2	3	-	1	1711186366924054087
fiber_0	realizer_2	4	-	1	1711186366924054087
fiber_0	realizer_2	5	-	0	1711186366924054087
fiber_0	realizer_2	6	-	0	1711186366924054087
fiber_0	realizer_support	2	-	28:0:1	1711186366924054087
fiber_0	realizer_3	0	-	0	1711186366924054088
fiber_0	realizer_3	1	-	0	1711186366924054088
fiber_0	realizer_3	2	-	0	1711186366924054088
fiber_0	realizer_3	3	-	-1	1711186366924054088
fiber_0	realizer_3	4	-	1	1711186366924054088
fiber_0	realizer_3	5	-	1	1711186366924054088
fiber_0	realizer_3	6	-	0	1711186366924054088
fiber_0	realizer_support	3	-	56:0:1	1711186366924054088
fiber_0	realizer_4	0	-	0	1711186366924054089
fiber_0	realizer_4	1	-	0	1711186366924054089
fiber_0	realizer_4	2	-	0	1711186366924054089
fiber_0	realizer_4	3	-	0	1711186366924054089
fiber_0	realizer_4	4	-	0	1711186366924054089
fiber_0	realizer_4	5	-	1	1711186366924054089
fiber_0	realizer_4	6	-	0	1711186366924054089
fiber_0	realizer_support	4	-	32:1:1	1711186366924054089
fiber_0	realizer_5	0	-	0	1711186366924054090
fiber_0	realizer_5	1	-	0	1711186366924054090
fiber_0	realizer_5	2	-	0	1711186366924054090
fiber_0	realizer_5	3	-	0	1711186366924054090
fiber_0	realizer_5	4	-	1	1711186366924054090
fiber_0	realizer_5	5	-	0	1711186366924054090
fiber_0	realizer_5	6	-	0	1711186366924054090
fiber_0	realizer_support	5	-	16:1:1	1711186366924054090
fiber_0	realizer_6	0	-	0	1711186366924054091
fiber_0	realizer_6	1	-	0	1711186366924054091
fiber_0	realizer_6	2	-	0	1711186366924054091
fiber_0	realizer_6	3	-	1	1711186366924054091
fiber_0	realizer_6	4	-	-1	1711186366924054091
fiber_0	realizer_6	5	-	1	1711186366924054091
fiber_0	realizer_6	6	-	0	1711186366924054091
fiber_0	realizer_support	6	-	56:0:1	1711186366924054091
fiber_0	realizer_7	0	-	0	1711186366924054092
fiber_0	realizer_7	1	-	0	1711186366924054092
fiber_0	realizer_7	2	-	0	1711186366924054092
fiber_0	realizer_7	3	-	1	1711186366924054092
fiber_0	realizer_7	4	-	0	1711186366924054092
fiber_0	realizer_7	5	-	0	1711186366924054092
fiber_0	realizer_7	6	-	0	1711186366924054092
fiber_0	realizer_support	7	-	8:1:1	1711186366924054092
fiber_0	realizer_8	0	-	0	1711186366924054093
fiber_0	realizer_8	1	-	0	1711186366924054093
fiber_0	realizer_8	2	-	0	1711186366924054093
fiber_0	realizer_8	3	-	1	1711186366924054093
fiber_0	realizer_8	4	-	1	1711186366924054093
fiber_0	realizer_8	5	-	-1	1711186366924054093
fiber_0	realizer_8	6	-	0	1711186366924054093
fiber_0	realizer_support	8	-	56:0:1	1711186366924054093
fiber_0	realizer_9	0	-	0	1711186366924054094
fiber_0	realizer_9	1	-	0	1711186366924054094
fiber_0	realizer_9	2	-	1	1711186366924054094
fiber_0	realizer_9	3	-	-1	1711186366924054094
fiber_0	realizer_9	4	-	0	1711186366924054094
fiber_0	realizer_9	5	-	1	1711186366924054094
fiber_0	realizer_9	6	-	0	1711186366924054094
fiber_0	realizer_support	9	-	44:0:1	1711186366924054094
fiber_0	realizer_10	0	-	0	1711186366924054095
fiber_0	realizer_10	1	-	0	1711186366924054095
fiber_0	realizer_10	2	-	1	1711186366924054095
fiber_0	realizer_10	3	-	-1	1711186366924054095
fiber_0	realizer_10	4	-	1	1711186366924054095
fiber_0	realizer_10	5	-	0	1711186366924054095
fiber_0	realizer_10	6	-	0	1711186366924054095
fiber_0	realizer_support	10	-	28:0:1	1711186366924054095
fiber_0	realizer_11	0	-	0	1711186366924054096
fiber_0	realizer_11	1	-	0	1711186366924054096
fiber_0	realizer_11	2	-	1	1711186366924054096
fiber_0	realizer_11	3	-	0	1711186366924054096
fiber_0	realizer_11	4	-	-1	1711186366924054096
fiber_0	realizer_11	5	-	1	1711186366924054096
fiber_0	realizer_11	6	-	0	1711186366924054096
fiber_0	realizer_support	11	-	52:0:1	1711186366924054096
fiber_0	realizer_12	0	-	0	1711186366924054097
fiber_0	realizer_12	1	-	0	1711186366924054097
fiber_0	realizer_12	2	-	1	1711186366924054097
fiber_0	realizer_12	3	-	0	1711186366924054097
fiber_0	realizer_12	4	-	0	1711186366924054097
fiber_0	realizer_12	5	-	0	1711186366924054097
fiber_0	realizer_12	6	-	0	1711186366924054097
fiber_0	realizer_support	12	-	4:1:1	1711186366924054097
fiber_0	realizer_13	0	-	0	1711186366924054098
fiber_0	realizer_13	1	-	0	1711186366924054098
fiber_0	realizer_13	2	-	1	1711186366924054098
fiber_0	realizer_13	3	-	0	1711186366924054098
fiber_0	realizer_13	4	-	1	1711186366924054098
fiber_0	realizer_13	5	-	-1	1711186366924054098
fiber_0	realizer_13	6	-	0	1711186366924054098
fiber_0	realizer_support	13	-	52:0:1	1711186366924054098
fiber_0	realizer_14	0	-	0	1711186366924054099
fiber_0	realizer_14	1	-	0	1711186366924054099
fiber_0	realizer_14	2	-	1	1711186366924054099
fiber_0	realizer_14	3	-	1	1711186366924054099
fiber_0	realizer_14	4	-	-1	1711186366924054099
fiber_0	realizer_14	5	-	0	1711186366924054099
fiber_0	realizer_14	6	-	0	1711186366924054099
fiber_0	realizer_support	14	-	28:0:1	1711186366924054099
fiber_0	realizer_15	0	-	0	1711186366924054100
fiber_0	realizer_15	1	-	0	1711186366924054100
fiber_0	realizer_15	2	-	1	1711186366924054100
fiber_0	realizer_15	3	-	1	1711186366924054100
fiber_0	realizer_15	4	-	0	1711186366924054100
fiber_0	realizer_15	5	-	-1	1711186366924054100
fiber_0	realizer_15	6	-	0	1711186366924054100
fiber_0	realizer_support	15	-	44:0:1	1711186366924054100
fiber_1	summary	0	0	2187:16:4:0:0	1711186366924054085
fiber_1	target	0	-	1/2	1711186366924054085
fiber_1	target	1	-	1/2	1711186366924054085
fiber_1	target	2	-	0/2	1711186366924054085
fiber_1	target	3	-	1/2	1711186366924054085
fiber_1	target	4	-	-1/2	1711186366924054085
fiber_1	target	5	-	0/2	1711186366924054085
fiber_1	realizer_0	0	-	0	1711186366924054086
fiber_1	realizer_0	1	-	0	1711186366924054086
fiber_1	realizer_0	2	-	-1	1711186366924054086
fiber_1	realizer_0	3	-	0	1711186366924054086
fiber_1	realizer_0	4	-	1	1711186366924054086
fiber_1	realizer_0	5	-	1	1711186366924054086
fiber_1	realizer_0	6	-	0	1711186366924054086
fiber_1	realizer_support	0	-	52:0:0	1711186366924054086
fiber_1	realizer_1	0	-	0	1711186366924054087
fiber_1	realizer_1	1	-	0	1711186366924054087
fiber_1	realizer_1	2	-	-1	1711186366924054087
fiber_1	realizer_1	3	-	1	1711186366924054087
fiber_1	realizer_1	4	-	0	1711186366924054087
fiber_1	realizer_1	5	-	1	1711186366924054087
fiber_1	realizer_1	6	-	0	1711186366924054087
fiber_1	realizer_support	1	-	44:0:0	1711186366924054087
fiber_1	realizer_2	0	-	0	1711186366924054088
fiber_1	realizer_2	1	-	0	1711186366924054088
fiber_1	realizer_2	2	-	-1	1711186366924054088
fiber_1	realizer_2	3	-	1	1711186366924054088
fiber_1	realizer_2	4	-	1	1711186366924054088
fiber_1	realizer_2	5	-	0	1711186366924054088
fiber_1	realizer_2	6	-	0	1711186366924054088
fiber_1	realizer_support	2	-	28:0:0	1711186366924054088
fiber_1	realizer_3	0	-	0	1711186366924054089
fiber_1	realizer_3	1	-	0	1711186366924054089
fiber_1	realizer_3	2	-	0	1711186366924054089
fiber_1	realizer_3	3	-	-1	1711186366924054089
fiber_1	realizer_3	4	-	1	1711186366924054089
fiber_1	realizer_3	5	-	1	1711186366924054089
fiber_1	realizer_3	6	-	0	1711186366924054089
fiber_1	realizer_support	3	-	56:0:0	1711186366924054089
fiber_1	realizer_4	0	-	0	1711186366924054090
fiber_1	realizer_4	1	-	0	1711186366924054090
fiber_1	realizer_4	2	-	0	1711186366924054090
fiber_1	realizer_4	3	-	0	1711186366924054090
fiber_1	realizer_4	4	-	0	1711186366924054090
fiber_1	realizer_4	5	-	1	1711186366924054090
fiber_1	realizer_4	6	-	0	1711186366924054090
fiber_1	realizer_support	4	-	32:1:0	1711186366924054090
fiber_1	realizer_5	0	-	0	1711186366924054091
fiber_1	realizer_5	1	-	0	1711186366924054091
fiber_1	realizer_5	2	-	0	1711186366924054091
fiber_1	realizer_5	3	-	0	1711186366924054091
fiber_1	realizer_5	4	-	1	1711186366924054091
fiber_1	realizer_5	5	-	0	1711186366924054091
fiber_1	realizer_5	6	-	0	1711186366924054091
fiber_1	realizer_support	5	-	16:1:0	1711186366924054091
fiber_1	realizer_6	0	-	0	1711186366924054092
fiber_1	realizer_6	1	-	0	1711186366924054092
fiber_1	realizer_6	2	-	0	1711186366924054092
fiber_1	realizer_6	3	-	1	1711186366924054092
fiber_1	realizer_6	4	-	-1	1711186366924054092
fiber_1	realizer_6	5	-	1	1711186366924054092
fiber_1	realizer_6	6	-	0	1711186366924054092
fiber_1	realizer_support	6	-	56:0:0	1711186366924054092
fiber_1	realizer_7	0	-	0	1711186366924054093
fiber_1	realizer_7	1	-	0	1711186366924054093
fiber_1	realizer_7	2	-	0	1711186366924054093
fiber_1	realizer_7	3	-	1	1711186366924054093
fiber_1	realizer_7	4	-	0	1711186366924054093
fiber_1	realizer_7	5	-	0	1711186366924054093
fiber_1	realizer_7	6	-	0	1711186366924054093
fiber_1	realizer_support	7	-	8:1:0	1711186366924054093
fiber_1	realizer_8	0	-	0	1711186366924054094
fiber_1	realizer_8	1	-	0	1711186366924054094
fiber_1	realizer_8	2	-	0	1711186366924054094
fiber_1	realizer_8	3	-	1	1711186366924054094
fiber_1	realizer_8	4	-	1	1711186366924054094
fiber_1	realizer_8	5	-	-1	1711186366924054094
fiber_1	realizer_8	6	-	0	1711186366924054094
fiber_1	realizer_support	8	-	56:0:0	1711186366924054094
fiber_1	realizer_9	0	-	0	1711186366924054095
fiber_1	realizer_9	1	-	0	1711186366924054095
fiber_1	realizer_9	2	-	1	1711186366924054095
fiber_1	realizer_9	3	-	-1	1711186366924054095
fiber_1	realizer_9	4	-	0	1711186366924054095
fiber_1	realizer_9	5	-	1	1711186366924054095
fiber_1	realizer_9	6	-	0	1711186366924054095
fiber_1	realizer_support	9	-	44:0:0	1711186366924054095
fiber_1	realizer_10	0	-	0	1711186366924054096
fiber_1	realizer_10	1	-	0	1711186366924054096
fiber_1	realizer_10	2	-	1	1711186366924054096
fiber_1	realizer_10	3	-	-1	1711186366924054096
fiber_1	realizer_10	4	-	1	1711186366924054096
fiber_1	realizer_10	5	-	0	1711186366924054096
fiber_1	realizer_10	6	-	0	1711186366924054096
fiber_1	realizer_support	10	-	28:0:0	1711186366924054096
fiber_1	realizer_11	0	-	0	1711186366924054097
fiber_1	realizer_11	1	-	0	1711186366924054097
fiber_1	realizer_11	2	-	1	1711186366924054097
fiber_1	realizer_11	3	-	0	1711186366924054097
fiber_1	realizer_11	4	-	-1	1711186366924054097
fiber_1	realizer_11	5	-	1	1711186366924054097
fiber_1	realizer_11	6	-	0	1711186366924054097
fiber_1	realizer_support	11	-	52:0:0	1711186366924054097
fiber_1	realizer_12	0	-	0	1711186366924054098
fiber_1	realizer_12	1	-	0	1711186366924054098
fiber_1	realizer_12	2	-	1	1711186366924054098
fiber_1	realizer_12	3	-	0	1711186366924054098
fiber_1	realizer_12	4	-	0	1711186366924054098
fiber_1	realizer_12	5	-	0	1711186366924054098
fiber_1	realizer_12	6	-	0	1711186366924054098
fiber_1	realizer_support	12	-	4:1:0	1711186366924054098
fiber_1	realizer_13	0	-	0	1711186366924054099
fiber_1	realizer_13	1	-	0	1711186366924054099
fiber_1	realizer_13	2	-	1	1711186366924054099
fiber_1	realizer_13	3	-	0	1711186366924054099
fiber_1	realizer_13	4	-	1	1711186366924054099
fiber_1	realizer_13	5	-	-1	1711186366924054099
fiber_1	realizer_13	6	-	0	1711186366924054099
fiber_1	realizer_support	13	-	52:0:0	1711186366924054099
fiber_1	realizer_14	0	-	0	1711186366924054100
fiber_1	realizer_14	1	-	0	1711186366924054100
fiber_1	realizer_14	2	-	1	1711186366924054100
fiber_1	realizer_14	3	-	1	1711186366924054100
fiber_1	realizer_14	4	-	-1	1711186366924054100
fiber_1	realizer_14	5	-	0	1711186366924054100
fiber_1	realizer_14	6	-	0	1711186366924054100
fiber_1	realizer_support	14	-	28:0:0	1711186366924054100
fiber_1	realizer_15	0	-	0	1711186366924054101
fiber_1	realizer_15	1	-	0	1711186366924054101
fiber_1	realizer_15	2	-	1	1711186366924054101
fiber_1	realizer_15	3	-	1	1711186366924054101
fiber_1	realizer_15	4	-	0	1711186366924054101
fiber_1	realizer_15	5	-	-1	1711186366924054101
fiber_1	realizer_15	6	-	0	1711186366924054101
fiber_1	realizer_support	15	-	44:0:0	1711186366924054101
fiber_2	summary	0	0	2187:0:0:0:1	1711186366924054086
fiber_2	target	0	-	0/1	1711186366924054086
fiber_2	target	1	-	0/1	1711186366924054086
fiber_2	target	2	-	1/1	1711186366924054086
fiber_2	target	3	-	0/1	1711186366924054086
fiber_2	target	4	-	0/1	1711186366924054086
fiber_2	target	5	-	1/1	1711186366924054086
blowup_0	exceptional	0	-	0	1711186366924054212
blowup_0	pairing	0	0	0	1711186366924054212
blowup_0	pairing	0	1	1	1711186366924054212
blowup_0	pairing	0	2	0	1711186366924054212
blowup_0	pairing	0	3	0	1711186366924054212
blowup_0	pairing	0	4	0	1711186366924054212
blowup_0	pairing	0	5	0	1711186366924054212
blowup_0	pairing	0	6	0	1711186366924054212
blowup_0	pullback	0	0	1	1711186366924054212
blowup_0	pullback	0	1	0	1711186366924054212
blowup_0	pullback	0	2	0	1711186366924054212
blowup_0	pullback	0	3	0	1711186366924054212
blowup_0	pullback	0	4	0	1711186366924054212
blowup_0	pullback	0	5	0	1711186366924054212
blowup_0	exceptional	1	-	0	1711186366924054212
blowup_0	pairing	1	0	1	1711186366924054212
blowup_0	pairing	1	1	0	1711186366924054212
blowup_0	pairing	1	2	0	1711186366924054212
blowup_0	pairing	1	3	0	1711186366924054212
blowup_0	pairing	1	4	0	1711186366924054212
blowup_0	pairing	1	5	0	1711186366924054212
blowup_0	pairing	1	6	0	1711186366924054212
blowup_0	pullback	1	0	0	1711186366924054212
blowup_0	pullback	1	1	1	1711186366924054212
blowup_0	pullback	1	2	0	1711186366924054212
blowup_0	pullback	1	3	0	1711186366924054212
blowup_0	pullback	1	4	0	1711186366924054212
blowup_0	pullback	1	5	0	1711186366924054212
blowup_0	exceptional	2	-	0	1711186366924054212
blowup_0	pairing	2	0	0	1711186366924054212
blowup_0	pairing	2	1	0	1711186366924054212
blowup_0	pairing	2	2	0	1711186366924054212
blowup_0	pairing	2	3	0	1711186366924054212
blowup_0	pairing	2	4	0	1711186366924054212
blowup_0	pairing	2	5	-1	1711186366924054212
blowup_0	pairing	2	6	0	1711186366924054212
blowup_0	pullback	2	0	0	1711186366924054212
blowup_0	pullback	2	1	0	1711186366924054212
blowup_0	pullback	2	2	1	1711186366924054212
blowup_0	pullback	2	3	0	1711186366924054212
blowup_0	pullback	2	4	0	1711186366924054212
blowup_0	pullback	2	5	0	1711186366924054212
blowup_0	exceptional	3	-	0	1711186366924054212
blowup_0	pairing	3	0	0	1711186366924054212
blowup_0	pairing	3	1	0	1711186366924054212
blowup_0	pairing	3	2	0	1711186366924054212
blowup_0	pairing	3	3	0	1711186366924054212
blowup_0	pairing	3	4	1	1711186366924054212
blowup_0	pairing	3	5	0	1711186366924054212
blowup_0	pairing	3	6	0	1711186366924054212
blowup_0	pullback	3	0	0	1711186366924054212
blowup_0	pullback	3	1	0	1711186366924054212
blowup_0	pullback	3	2	0	1711186366924054212
blowup_0	pullback	3	3	1	1711186366924054212
blowup_0	pullback	3	4	0	1711186366924054212
blowup_0	pullback	3	5	0	1711186366924054212
blowup_0	exceptional	4	-	0	1711186366924054212
blowup_0	pairing	4	0	0	1711186366924054212
blowup_0	pairing	4	1	0	1711186366924054212
blowup_0	pairing	4	2	0	1711186366924054212
blowup_0	pairing	4	3	1	1711186366924054212
blowup_0	pairing	4	4	0	1711186366924054212
blowup_0	pairing	4	5	0	1711186366924054212
blowup_0	pairing	4	6	0	1711186366924054212
blowup_0	pullback	4	0	0	1711186366924054212
blowup_0	pullback	4	1	0	1711186366924054212
blowup_0	pullback	4	2	0	1711186366924054212
blowup_0	pullback	4	3	0	1711186366924054212
blowup_0	pullback	4	4	1	1711186366924054212
blowup_0	pullback	4	5	0	1711186366924054212
blowup_0	exceptional	5	-	0	1711186366924054212
blowup_0	pairing	5	0	0	1711186366924054212
blowup_0	pairing	5	1	0	1711186366924054212
blowup_0	pairing	5	2	-1	1711186366924054212
blowup_0	pairing	5	3	0	1711186366924054212
blowup_0	pairing	5	4	0	1711186366924054212
blowup_0	pairing	5	5	0	1711186366924054212
blowup_0	pairing	5	6	0	1711186366924054212
blowup_0	pullback	5	0	0	1711186366924054212
blowup_0	pullback	5	1	0	1711186366924054212
blowup_0	pullback	5	2	0	1711186366924054212
blowup_0	pullback	5	3	0	1711186366924054212
blowup_0	pullback	5	4	0	1711186366924054212
blowup_0	pullback	5	5	1	1711186366924054212
blowup_0	exceptional	6	-	1	1711186366924054212
blowup_0	pairing	6	0	0	1711186366924054212
blowup_0	pairing	6	1	0	1711186366924054212
blowup_0	pairing	6	2	0	1711186366924054212
blowup_0	pairing	6	3	0	1711186366924054212
blowup_0	pairing	6	4	0	1711186366924054212
blowup_0	pairing	6	5	0	1711186366924054212
blowup_0	pairing	6	6	-1	1711186366924054212
blowup_0	pullback	6	0	0	1711186366924054212
blowup_0	pullback	6	1	0	1711186366924054212
blowup_0	pullback	6	2	0	1711186366924054212
blowup_0	pullback	6	3	0	1711186366924054212
blowup_0	pullback	6	4	0	1711186366924054212
blowup_0	pullback	6	5	0	1711186366924054212
blowup_0	pushforward	0	0	1	1711186366924054212
blowup_0	pushforward	0	1	0	1711186366924054212
blowup_0	pushforward	0	2	0	1711186366924054212
blowup_0	pushforward	0	3	0	1711186366924054212
blowup_0	pushforward	0	4	0	1711186366924054212
blowup_0	pushforward	0	5	0	1711186366924054212
blowup_0	pushforward	0	6	0	1711186366924054212
blowup_0	pushforward	1	0	0	1711186366924054212
blowup_0	pushforward	1	1	1	1711186366924054212
blowup_0	pushforward	1	2	0	1711186366924054212
blowup_0	pushforward	1	3	0	1711186366924054212
blowup_0	pushforward	1	4	0	1711186366924054212
blowup_0	pushforward	1	5	0	1711186366924054212
blowup_0	pushforward	1	6	0	1711186366924054212
blowup_0	pushforward	2	0	0	1711186366924054212
blowup_0	pushforward	2	1	0	1711186366924054212
blowup_0	pushforward	2	2	1	1711186366924054212
blowup_0	pushforward	2	3	0	1711186366924054212
blowup_0	pushforward	2	4	0	1711186366924054212
blowup_0	pushforward	2	5	0	1711186366924054212
blowup_0	pushforward	2	6	0	1711186366924054212
blowup_0	pushforward	3	0	0	1711186366924054212
blowup_0	pushforward	3	1	0	1711186366924054212
blowup_0	pushforward	3	2	0	1711186366924054212
blowup_0	pushforward	3	3	1	1711186366924054212
blowup_0	pushforward	3	4	0	1711186366924054212
blowup_0	pushforward	3	5	0	1711186366924054212
blowup_0	pushforward	3	6	0	1711186366924054212
blowup_0	pushforward	4	0	0	1711186366924054212
blowup_0	pushforward	4	1	0	1711186366924054212
blowup_0	pushforward	4	2	0	1711186366924054212
blowup_0	pushforward	4	3	0	1711186366924054212
blowup_0	pushforward	4	4	1	1711186366924054212
blowup_0	pushforward	4	5	0	1711186366924054212
blowup_0	pushforward	4	6	0	1711186366924054212
blowup_0	pushforward	5	0	0	1711186366924054212
blowup_0	pushforward	5	1	0	1711186366924054212
blowup_0	pushforward	5	2	0	1711186366924054212
blowup_0	pushforward	5	3	0	1711186366924054212
blowup_0	pushforward	5	4	0	1711186366924054212
blowup_0	pushforward	5	5	1	1711186366924054212
blowup_0	pushforward	5	6	0	1711186366924054212
blowup_0	strict_0	0	-	1	1711186366924054212
blowup_0	strict_0	1	-	1	1711186366924054212
blowup_0	strict_0	2	-	0	1711186366924054212
blowup_0	strict_0	3	-	1	1711186366924054212
blowup_0	strict_0	4	-	-1	1711186366924054212
blowup_0	strict_0	5	-	0	1711186366924054212
blowup_0	strict_0	6	-	-1	1711186366924054212
blowup_0	support_0	0	0	1:-1	1711186366924054212
blowup_0	strict_1	0	-	1	1711186366924054212
blowup_0	strict_1	1	-	1	1711186366924054212
blowup_0	strict_1	2	-	0	1711186366924054212
blowup_0	strict_1	3	-	1	1711186366924054212
blowup_0	strict_1	4	-	-1	1711186366924054212
blowup_0	strict_1	5	-	0	1711186366924054212
blowup_0	strict_1	6	-	0	1711186366924054212
blowup_0	support_1	0	0	0:0	1711186366924054212
blowup_0	strict_2	0	-	1	1711186366924054212
blowup_0	strict_2	1	-	1	1711186366924054212
blowup_0	strict_2	2	-	0	1711186366924054212
blowup_0	strict_2	3	-	1	1711186366924054212
blowup_0	strict_2	4	-	-1	1711186366924054212
blowup_0	strict_2	5	-	0	1711186366924054212
blowup_0	strict_2	6	-	0	1711186366924054212
blowup_0	support_2	0	0	0:0	1711186366924054212
blowup_0	strict_3	0	-	1	1711186366924054212
blowup_0	strict_3	1	-	1	1711186366924054212
blowup_0	strict_3	2	-	0	1711186366924054212
blowup_0	strict_3	3	-	1	1711186366924054212
blowup_0	strict_3	4	-	-1	1711186366924054212
blowup_0	strict_3	5	-	0	1711186366924054212
blowup_0	strict_3	6	-	0	1711186366924054212
blowup_0	support_3	0	0	0:0	1711186366924054212
blowup_0	residual	0	0	1:1:1:1	1711186366924054212
blowup_1	exceptional	0	-	0	1711186366924054213
blowup_1	pairing	0	0	0	1711186366924054213
blowup_1	pairing	0	1	1	1711186366924054213
blowup_1	pairing	0	2	0	1711186366924054213
blowup_1	pairing	0	3	0	1711186366924054213
blowup_1	pairing	0	4	0	1711186366924054213
blowup_1	pairing	0	5	0	1711186366924054213
blowup_1	pairing	0	6	0	1711186366924054213
blowup_1	pullback	0	0	1	1711186366924054213
blowup_1	pullback	0	1	0	1711186366924054213
blowup_1	pullback	0	2	0	1711186366924054213
blowup_1	pullback	0	3	0	1711186366924054213
blowup_1	pullback	0	4	0	1711186366924054213
blowup_1	pullback	0	5	0	1711186366924054213
blowup_1	exceptional	1	-	0	1711186366924054213
blowup_1	pairing	1	0	1	1711186366924054213
blowup_1	pairing	1	1	0	1711186366924054213
blowup_1	pairing	1	2	0	1711186366924054213
blowup_1	pairing	1	3	0	1711186366924054213
blowup_1	pairing	1	4	0	1711186366924054213
blowup_1	pairing	1	5	0	1711186366924054213
blowup_1	pairing	1	6	0	1711186366924054213
blowup_1	pullback	1	0	0	1711186366924054213
blowup_1	pullback	1	1	1	1711186366924054213
blowup_1	pullback	1	2	0	1711186366924054213
blowup_1	pullback	1	3	0	1711186366924054213
blowup_1	pullback	1	4	0	1711186366924054213
blowup_1	pullback	1	5	0	1711186366924054213
blowup_1	exceptional	2	-	0	1711186366924054213
blowup_1	pairing	2	0	0	1711186366924054213
blowup_1	pairing	2	1	0	1711186366924054213
blowup_1	pairing	2	2	0	1711186366924054213
blowup_1	pairing	2	3	0	1711186366924054213
blowup_1	pairing	2	4	0	1711186366924054213
blowup_1	pairing	2	5	-1	1711186366924054213
blowup_1	pairing	2	6	0	1711186366924054213
blowup_1	pullback	2	0	0	1711186366924054213
blowup_1	pullback	2	1	0	1711186366924054213
blowup_1	pullback	2	2	1	1711186366924054213
blowup_1	pullback	2	3	0	1711186366924054213
blowup_1	pullback	2	4	0	1711186366924054213
blowup_1	pullback	2	5	0	1711186366924054213
blowup_1	exceptional	3	-	0	1711186366924054213
blowup_1	pairing	3	0	0	1711186366924054213
blowup_1	pairing	3	1	0	1711186366924054213
blowup_1	pairing	3	2	0	1711186366924054213
blowup_1	pairing	3	3	0	1711186366924054213
blowup_1	pairing	3	4	1	1711186366924054213
blowup_1	pairing	3	5	0	1711186366924054213
blowup_1	pairing	3	6	0	1711186366924054213
blowup_1	pullback	3	0	0	1711186366924054213
blowup_1	pullback	3	1	0	1711186366924054213
blowup_1	pullback	3	2	0	1711186366924054213
blowup_1	pullback	3	3	1	1711186366924054213
blowup_1	pullback	3	4	0	1711186366924054213
blowup_1	pullback	3	5	0	1711186366924054213
blowup_1	exceptional	4	-	0	1711186366924054213
blowup_1	pairing	4	0	0	1711186366924054213
blowup_1	pairing	4	1	0	1711186366924054213
blowup_1	pairing	4	2	0	1711186366924054213
blowup_1	pairing	4	3	1	1711186366924054213
blowup_1	pairing	4	4	0	1711186366924054213
blowup_1	pairing	4	5	0	1711186366924054213
blowup_1	pairing	4	6	0	1711186366924054213
blowup_1	pullback	4	0	0	1711186366924054213
blowup_1	pullback	4	1	0	1711186366924054213
blowup_1	pullback	4	2	0	1711186366924054213
blowup_1	pullback	4	3	0	1711186366924054213
blowup_1	pullback	4	4	1	1711186366924054213
blowup_1	pullback	4	5	0	1711186366924054213
blowup_1	exceptional	5	-	0	1711186366924054213
blowup_1	pairing	5	0	0	1711186366924054213
blowup_1	pairing	5	1	0	1711186366924054213
blowup_1	pairing	5	2	-1	1711186366924054213
blowup_1	pairing	5	3	0	1711186366924054213
blowup_1	pairing	5	4	0	1711186366924054213
blowup_1	pairing	5	5	0	1711186366924054213
blowup_1	pairing	5	6	0	1711186366924054213
blowup_1	pullback	5	0	0	1711186366924054213
blowup_1	pullback	5	1	0	1711186366924054213
blowup_1	pullback	5	2	0	1711186366924054213
blowup_1	pullback	5	3	0	1711186366924054213
blowup_1	pullback	5	4	0	1711186366924054213
blowup_1	pullback	5	5	1	1711186366924054213
blowup_1	exceptional	6	-	1	1711186366924054213
blowup_1	pairing	6	0	0	1711186366924054213
blowup_1	pairing	6	1	0	1711186366924054213
blowup_1	pairing	6	2	0	1711186366924054213
blowup_1	pairing	6	3	0	1711186366924054213
blowup_1	pairing	6	4	0	1711186366924054213
blowup_1	pairing	6	5	0	1711186366924054213
blowup_1	pairing	6	6	-1	1711186366924054213
blowup_1	pullback	6	0	0	1711186366924054213
blowup_1	pullback	6	1	0	1711186366924054213
blowup_1	pullback	6	2	0	1711186366924054213
blowup_1	pullback	6	3	0	1711186366924054213
blowup_1	pullback	6	4	0	1711186366924054213
blowup_1	pullback	6	5	0	1711186366924054213
blowup_1	pushforward	0	0	1	1711186366924054213
blowup_1	pushforward	0	1	0	1711186366924054213
blowup_1	pushforward	0	2	0	1711186366924054213
blowup_1	pushforward	0	3	0	1711186366924054213
blowup_1	pushforward	0	4	0	1711186366924054213
blowup_1	pushforward	0	5	0	1711186366924054213
blowup_1	pushforward	0	6	0	1711186366924054213
blowup_1	pushforward	1	0	0	1711186366924054213
blowup_1	pushforward	1	1	1	1711186366924054213
blowup_1	pushforward	1	2	0	1711186366924054213
blowup_1	pushforward	1	3	0	1711186366924054213
blowup_1	pushforward	1	4	0	1711186366924054213
blowup_1	pushforward	1	5	0	1711186366924054213
blowup_1	pushforward	1	6	0	1711186366924054213
blowup_1	pushforward	2	0	0	1711186366924054213
blowup_1	pushforward	2	1	0	1711186366924054213
blowup_1	pushforward	2	2	1	1711186366924054213
blowup_1	pushforward	2	3	0	1711186366924054213
blowup_1	pushforward	2	4	0	1711186366924054213
blowup_1	pushforward	2	5	0	1711186366924054213
blowup_1	pushforward	2	6	0	1711186366924054213
blowup_1	pushforward	3	0	0	1711186366924054213
blowup_1	pushforward	3	1	0	1711186366924054213
blowup_1	pushforward	3	2	0	1711186366924054213
blowup_1	pushforward	3	3	1	1711186366924054213
blowup_1	pushforward	3	4	0	1711186366924054213
blowup_1	pushforward	3	5	0	1711186366924054213
blowup_1	pushforward	3	6	0	1711186366924054213
blowup_1	pushforward	4	0	0	1711186366924054213
blowup_1	pushforward	4	1	0	1711186366924054213
blowup_1	pushforward	4	2	0	1711186366924054213
blowup_1	pushforward	4	3	0	1711186366924054213
blowup_1	pushforward	4	4	1	1711186366924054213
blowup_1	pushforward	4	5	0	1711186366924054213
blowup_1	pushforward	4	6	0	1711186366924054213
blowup_1	pushforward	5	0	0	1711186366924054213
blowup_1	pushforward	5	1	0	1711186366924054213
blowup_1	pushforward	5	2	0	1711186366924054213
blowup_1	pushforward	5	3	0	1711186366924054213
blowup_1	pushforward	5	4	0	1711186366924054213
blowup_1	pushforward	5	5	1	1711186366924054213
blowup_1	pushforward	5	6	0	1711186366924054213
blowup_1	strict_0	0	-	1	1711186366924054213
blowup_1	strict_0	1	-	1	1711186366924054213
blowup_1	strict_0	2	-	0	1711186366924054213
blowup_1	strict_0	3	-	1	1711186366924054213
blowup_1	strict_0	4	-	-1	1711186366924054213
blowup_1	strict_0	5	-	0	1711186366924054213
blowup_1	strict_0	6	-	0	1711186366924054213
blowup_1	support_0	0	0	0:0	1711186366924054213
blowup_1	strict_1	0	-	1	1711186366924054213
blowup_1	strict_1	1	-	1	1711186366924054213
blowup_1	strict_1	2	-	0	1711186366924054213
blowup_1	strict_1	3	-	1	1711186366924054213
blowup_1	strict_1	4	-	-1	1711186366924054213
blowup_1	strict_1	5	-	0	1711186366924054213
blowup_1	strict_1	6	-	-1	1711186366924054213
blowup_1	support_1	0	0	1:-1	1711186366924054213
blowup_1	strict_2	0	-	1	1711186366924054213
blowup_1	strict_2	1	-	1	1711186366924054213
blowup_1	strict_2	2	-	0	1711186366924054213
blowup_1	strict_2	3	-	1	1711186366924054213
blowup_1	strict_2	4	-	-1	1711186366924054213
blowup_1	strict_2	5	-	0	1711186366924054213
blowup_1	strict_2	6	-	0	1711186366924054213
blowup_1	support_2	0	0	0:0	1711186366924054213
blowup_1	strict_3	0	-	1	1711186366924054213
blowup_1	strict_3	1	-	1	1711186366924054213
blowup_1	strict_3	2	-	0	1711186366924054213
blowup_1	strict_3	3	-	1	1711186366924054213
blowup_1	strict_3	4	-	-1	1711186366924054213
blowup_1	strict_3	5	-	0	1711186366924054213
blowup_1	strict_3	6	-	0	1711186366924054213
blowup_1	support_3	0	0	0:0	1711186366924054213
blowup_1	residual	0	0	1:1:1:1	1711186366924054213
