code	conditions	errors	selected
0	0	7	0
1	1	2	0
2	1	6	0
3	1	2	0
4	2	1	0
5	2	2	0
6	1	6	0
7	2	2	0
8	2	5	0
9	1	2	0
10	2	1	0
11	2	2	0
12	2	1	0
13	3	1	0
14	3	1	0
15	2	2	0
16	3	1	0
17	3	2	0
18	1	6	0
19	2	2	0
20	2	5	0
21	2	2	0
22	3	1	0
23	3	2	0
24	2	5	0
25	3	2	0
26	3	4	0
27	1	6	0
28	2	2	0
29	2	5	0
30	2	2	0
31	3	1	0
32	3	2	0
33	2	5	0
34	3	2	0
35	3	4	0
36	2	2	0
37	3	1	0
38	3	2	0
39	3	1	0
40	4	1	0
41	4	1	0
42	3	2	0
43	4	1	0
44	4	2	0
45	2	5	0
46	3	2	0
47	3	4	0
48	3	2	0
49	4	1	0
50	4	2	0
51	3	4	0
52	4	2	0
53	4	3	0
54	1	2	0
55	2	1	0
56	2	2	0
57	2	1	0
58	3	1	0
59	3	1	0
60	2	2	0
61	3	1	0
62	3	2	0
63	2	1	0
64	3	1	0
65	3	1	0
66	3	1	0
67	4	1	0
68	4	1	0
69	3	1	0
70	4	1	0
71	4	1	0
72	2	2	0
73	3	1	0
74	3	2	0
75	3	1	0
76	4	1	0
77	4	1	0
78	3	2	0
79	4	1	0
80	4	2	0
81	1	6	0
82	2	2	0
83	2	5	0
84	2	2	0
85	3	1	0
86	3	2	0
87	2	5	0
88	3	2	0
89	3	4	0
90	2	2	0
91	3	1	0
92	3	2	0
93	3	1	0
94	4	1	0
95	4	1	0
96	3	2	0
97	4	1	0
98	4	2	0
99	2	5	0
100	3	2	0
101	3	4	0
102	3	2	0
103	4	1	0
104	4	2	0
105	3	4	0
106	4	2	0
107	4	3	0
108	2	5	0
109	3	2	0
110	3	4	0
111	3	2	0
112	4	1	0
113	4	2	0
114	3	4	0
115	4	2	0
116	4	3	0
117	3	2	0
118	4	1	0
119	4	2	0
120	4	1	0
121	5	1	0
122	5	1	0
123	4	2	0
124	5	1	0
125	5	2	0
126	3	4	0
127	4	2	0
128	4	3	0
129	4	2	0
130	5	1	0
131	5	2	0
132	4	3	0
133	5	2	0
134	5	2	0
135	2	2	0
136	3	1	0
137	3	2	0
138	3	1	0
139	4	1	0
140	4	1	0
141	3	2	0
142	4	1	0
143	4	2	0
144	3	1	0
145	4	1	0
146	4	1	0
147	4	1	0
148	5	1	0
149	5	1	0
150	4	1	0
151	5	1	0
152	5	1	0
153	3	2	0
154	4	1	0
155	4	2	0
156	4	1	0
157	5	1	0
158	5	1	0
159	4	2	0
160	5	1	0
161	5	2	0
162	1	2	0
163	2	1	0
164	2	2	0
165	2	1	0
166	3	1	0
167	3	1	0
168	2	2	0
169	3	1	0
170	3	2	0
171	2	1	0
172	3	1	0
173	3	1	0
174	3	1	0
175	4	1	0
176	4	1	0
177	3	1	0
178	4	1	0
179	4	1	0
180	2	2	0
181	3	1	0
182	3	2	0
183	3	1	0
184	4	1	0
185	4	1	0
186	3	2	0
187	4	1	0
188	4	2	0
189	2	2	0
190	3	1	0
191	3	2	0
192	3	1	0
193	4	1	0
194	4	1	0
195	3	2	0
196	4	1	0
197	4	2	0
198	3	1	0
199	4	1	0
200	4	1	0
201	4	1	0
202	5	1	0
203	5	1	0
204	4	1	0
205	5	1	0
206	5	1	0
207	3	2	0
208	4	1	0
209	4	2	0
210	4	1	0
211	5	1	0
212	5	1	0
213	4	2	0
214	5	1	0
215	5	2	0
216	2	1	0
217	3	1	0
218	3	1	0
219	3	1	0
220	4	1	0
221	4	1	0
222	3	1	0
223	4	1	0
224	4	1	0
225	3	1	0
226	4	1	0
227	4	1	0
228	4	1	0
229	5	1	0
230	5	1	0
231	4	1	0
232	5	1	0
233	5	1	0
234	3	1	0
235	4	1	0
236	4	1	0
237	4	1	0
238	5	1	0
239	5	1	0
240	4	1	0
241	5	1	0
242	5	1	0
243	1	6	0
244	2	2	0
245	2	5	0
246	2	2	0
247	3	1	0
248	3	2	0
249	2	5	0
250	3	2	0
251	3	4	0
252	2	2	0
253	3	1	0
254	3	2	0
255	3	1	0
256	4	1	0
257	4	1	0
258	3	2	0
259	4	1	0
260	4	2	0
261	2	5	0
262	3	2	0
263	3	4	0
264	3	2	0
265	4	1	0
266	4	2	0
267	3	4	0
268	4	2	0
269	4	3	0
270	2	5	0
271	3	2	0
272	3	4	0
273	3	2	0
274	4	1	0
275	4	2	0
276	3	4	0
277	4	2	0
278	4	3	0
279	3	2	0
280	4	1	0
281	4	2	0
282	4	1	0
283	5	1	0
284	5	1	0
285	4	2	0
286	5	1	0
287	5	2	0
288	3	4	0
289	4	2	0
290	4	3	0
291	4	2	0
292	5	1	0
293	5	2	0
294	4	3	0
295	5	2	0
296	5	2	0
297	2	2	0
298	3	1	0
299	3	2	0
300	3	1	0
301	4	1	0
302	4	1	0
303	3	2	0
304	4	1	0
305	4	2	0
306	3	1	0
307	4	1	0
308	4	1	0
309	4	1	0
310	5	1	0
311	5	1	0
312	4	1	0
313	5	1	0
314	5	1	0
315	3	2	0
316	4	1	0
317	4	2	0
318	4	1	0
319	5	1	0
320	5	1	0
321	4	2	0
322	5	1	0
323	5	2	0
324	2	5	0
325	3	2	0
326	3	4	0
327	3	2	0
328	4	1	0
329	4	2	0
330	3	4	0
331	4	2	0
332	4	3	0
333	3	2	0
334	4	1	0
335	4	2	0
336	4	1	0
337	5	1	0
338	5	1	0
339	4	2	0
340	5	1	0
341	5	2	0
342	3	4	0
343	4	2	0
344	4	3	0
345	4	2	0
346	5	1	0
347	5	2	0
348	4	3	0
349	5	2	0
350	5	2	0
351	3	4	0
352	4	2	0
353	4	3	0
354	4	2	0
355	5	1	0
356	5	2	0
357	4	3	0
358	5	2	0
359	5	2	0
360	4	2	0
361	5	1	0
362	5	2	0
363	5	1	0
364	6	1	0
365	6	1	0
366	5	2	0
367	6	1	0
368	6	2	0
369	4	3	0
370	5	2	0
371	5	2	0
372	5	2	0
373	6	1	0
374	6	2	0
375	5	2	0
376	6	2	0
377	6	1	0
378	3	2	0
379	4	1	0
380	4	2	0
381	4	1	0
382	5	1	0
383	5	1	0
384	4	2	0
385	5	1	0
386	5	2	0
387	4	1	0
388	5	1	0
389	5	1	0
390	5	1	0
391	6	1	0
392	6	1	0
393	5	1	0
394	6	1	0
395	6	1	0
396	4	2	0
397	5	1	0
398	5	2	0
399	5	1	0
400	6	1	0
401	6	1	0
402	5	2	0
403	6	1	0
404	6	2	0
405	2	2	0
406	3	1	0
407	3	2	0
408	3	1	0
409	4	1	0
410	4	1	0
411	3	2	0
412	4	1	0
413	4	2	0
414	3	1	0
415	4	1	0
416	4	1	0
417	4	1	0
418	5	1	0
419	5	1	0
420	4	1	0
421	5	1	0
422	5	1	0
423	3	2	0
424	4	1	0
425	4	2	0
426	4	1	0
427	5	1	0
428	5	1	0
429	4	2	0
430	5	1	0
431	5	2	0
432	3	2	0
433	4	1	0
434	4	2	0
435	4	1	0
436	5	1	0
437	5	1	0
438	4	2	0
439	5	1	0
440	5	2	0
441	4	1	0
442	5	1	0
443	5	1	0
444	5	1	0
445	6	1	0
446	6	1	0
447	5	1	0
448	6	1	0
449	6	1	0
450	4	2	0
451	5	1	0
452	5	2	0
453	5	1	0
454	6	1	0
455	6	1	0
456	5	2	0
457	6	1	0
458	6	2	0
459	3	1	0
460	4	1	0
461	4	1	0
462	4	1	0
463	5	1	0
464	5	1	0
465	4	1	0
466	5	1	0
467	5	1	0
468	4	1	0
469	5	1	0
470	5	1	0
471	5	1	0
472	6	1	0
473	6	1	0
474	5	1	0
475	6	1	0
476	6	1	0
477	4	1	0
478	5	1	0
479	5	1	0
480	5	1	0
481	6	1	0
482	6	1	0
483	5	1	0
484	6	1	0
485	6	1	0
486	1	2	0
487	2	1	0
488	2	2	0
489	2	1	0
490	3	1	0
491	3	1	0
492	2	2	0
493	3	1	0
494	3	2	0
495	2	1	0
496	3	1	0
497	3	1	0
498	3	1	0
499	4	1	0
500	4	1	0
501	3	1	0
502	4	1	0
503	4	1	0
504	2	2	0
505	3	1	0
506	3	2	0
507	3	1	0
508	4	1	0
509	4	1	0
510	3	2	0
511	4	1	0
512	4	2	0
513	2	2	0
514	3	1	0
515	3	2	0
516	3	1	0
517	4	1	0
518	4	1	0
519	3	2	0
520	4	1	0
521	4	2	0
522	3	1	0
523	4	1	0
524	4	1	0
525	4	1	0
526	5	1	0
527	5	1	0
528	4	1	0
529	5	1	0
530	5	1	0
531	3	2	0
532	4	1	0
533	4	2	0
534	4	1	0
535	5	1	0
536	5	1	0
537	4	2	0
538	5	1	0
539	5	2	0
540	2	1	0
541	3	1	0
542	3	1	0
543	3	1	0
544	4	1	0
545	4	1	0
546	3	1	0
547	4	1	0
548	4	1	0
549	3	1	0
550	4	1	0
551	4	1	0
552	4	1	0
553	5	1	0
554	5	1	0
555	4	1	0
556	5	1	0
557	5	1	0
558	3	1	0
559	4	1	0
560	4	1	0
561	4	1	0
562	5	1	0
563	5	1	0
564	4	1	0
565	5	1	0
566	5	1	0
567	2	2	0
568	3	1	0
569	3	2	0
570	3	1	0
571	4	1	0
572	4	1	0
573	3	2	0
574	4	1	0
575	4	2	0
576	3	1	0
577	4	1	0
578	4	1	0
579	4	1	0
580	5	1	0
581	5	1	0
582	4	1	0
583	5	1	0
584	5	1	0
585	3	2	0
586	4	1	0
587	4	2	0
588	4	1	0
589	5	1	0
590	5	1	0
591	4	2	0
592	5	1	0
593	5	2	0
594	3	2	0
595	4	1	0
596	4	2	0
597	4	1	0
598	5	1	0
599	5	1	0
600	4	2	0
601	5	1	0
602	5	2	0
603	4	1	0
604	5	1	0
605	5	1	0
606	5	1	0
607	6	1	0
608	6	1	0
609	5	1	0
610	6	1	0
611	6	1	0
612	4	2	0
613	5	1	0
614	5	2	0
615	5	1	0
616	6	1	0
617	6	1	0
618	5	2	0
619	6	1	0
620	6	2	0
621	3	1	0
622	4	1	0
623	4	1	0
624	4	1	0
625	5	1	0
626	5	1	0
627	4	1	0
628	5	1	0
629	5	1	0
630	4	1	0
631	5	1	0
632	5	1	0
633	5	1	0
634	6	1	0
635	6	1	0
636	5	1	0
637	6	1	0
638	6	1	0
639	4	1	0
640	5	1	0
641	5	1	0
642	5	1	0
643	6	1	0
644	6	1	0
645	5	1	0
646	6	1	0
647	6	1	0
648	2	1	0
649	3	1	0
650	3	1	0
651	3	1	0
652	4	1	0
653	4	1	0
654	3	1	0
655	4	1	0
656	4	1	0
657	3	1	0
658	4	1	0
659	4	1	0
660	4	1	0
661	5	1	0
662	5	1	0
663	4	1	0
664	5	1	0
665	5	1	0
666	3	1	0
667	4	1	0
668	4	1	0
669	4	1	0
670	5	1	0
671	5	1	0
672	4	1	0
673	5	1	0
674	5	1	0
675	3	1	0
676	4	1	0
677	4	1	0
678	4	1	0
679	5	1	0
680	5	1	0
681	4	1	0
682	5	1	0
683	5	1	0
684	4	1	0
685	5	1	0
686	5	1	0
687	5	1	0
688	6	1	0
689	6	1	0
690	5	1	0
691	6	1	0
692	6	1	0
693	4	1	0
694	5	1	0
695	5	1	0
696	5	1	0
697	6	1	0
698	6	1	0
699	5	1	0
700	6	1	0
701	6	1	0
702	3	1	0
703	4	1	0
704	4	1	0
705	4	1	0
706	5	1	0
707	5	1	0
708	4	1	0
709	5	1	0
710	5	1	0
711	4	1	0
712	5	1	0
713	5	1	0
714	5	1	0
715	6	1	0
716	6	1	0
717	5	1	0
718	6	1	0
719	6	1	0
720	4	1	0
721	5	1	0
722	5	1	0
723	5	1	0
724	6	1	0
725	6	1	0
726	5	1	0
727	6	1	0
728	6	1	0
729	1	2	0
730	2	1	0
731	2	2	0
732	2	1	0
733	3	1	0
734	3	1	0
735	2	2	0
736	3	1	0
737	3	2	0
738	2	1	0
739	3	1	0
740	3	1	0
741	3	1	0
742	4	1	0
743	4	1	0
744	3	1	0
745	4	1	0
746	4	1	0
747	2	2	0
748	3	1	0
749	3	2	0
750	3	1	0
751	4	1	0
752	4	1	0
753	3	2	0
754	4	1	0
755	4	2	0
756	2	2	0
757	3	1	0
758	3	2	0
759	3	1	0
760	4	1	0
761	4	1	0
762	3	2	0
763	4	1	0
764	4	2	0
765	3	1	0
766	4	1	0
767	4	1	0
768	4	1	0
769	5	1	0
770	5	1	0
771	4	1	0
772	5	1	0
773	5	1	0
774	3	2	0
775	4	1	0
776	4	2	0
777	4	1	0
778	5	1	0
779	5	1	0
780	4	2	0
781	5	1	0
782	5	2	0
783	2	1	0
784	3	1	0
785	3	1	0
786	3	1	0
787	4	1	0
788	4	1	0
789	3	1	0
790	4	1	0
791	4	1	0
792	3	1	0
793	4	1	0
794	4	1	0
795	4	1	0
796	5	1	0
797	5	1	0
798	4	1	0
799	5	1	0
800	5	1	0
801	3	1	0
802	4	1	0
803	4	1	0
804	4	1	0
805	5	1	0
806	5	1	0
807	4	1	0
808	5	1	0
809	5	1	0
810	2	2	0
811	3	1	0
812	3	2	0
813	3	1	0
814	4	1	0
815	4	1	0
816	3	2	0
817	4	1	0
818	4	2	0
819	3	1	0
820	4	1	0
821	4	1	0
822	4	1	0
823	5	1	0
824	5	1	0
825	4	1	0
826	5	1	0
827	5	1	0
828	3	2	0
829	4	1	0
830	4	2	0
831	4	1	0
832	5	1	0
833	5	1	0
834	4	2	0
835	5	1	0
836	5	2	0
837	3	2	0
838	4	1	0
839	4	2	0
840	4	1	0
841	5	1	0
842	5	1	0
843	4	2	0
844	5	1	0
845	5	2	0
846	4	1	0
847	5	1	0
848	5	1	0
849	5	1	0
850	6	1	0
851	6	1	0
852	5	1	0
853	6	1	0
854	6	1	0
855	4	2	0
856	5	1	0
857	5	2	0
858	5	1	0
859	6	1	0
860	6	1	0
861	5	2	0
862	6	1	0
863	6	2	0
864	3	1	0
865	4	1	0
866	4	1	0
867	4	1	0
868	5	1	0
869	5	1	0
870	4	1	0
871	5	1	0
872	5	1	0
873	4	1	0
874	5	1	0
875	5	1	0
876	5	1	0
877	6	1	0
878	6	1	0
879	5	1	0
880	6	1	0
881	6	1	0
882	4	1	0
883	5	1	0
884	5	1	0
885	5	1	0
886	6	1	0
887	6	1	0
888	5	1	0
889	6	1	0
890	6	1	0
891	2	1	0
892	3	1	0
893	3	1	0
894	3	1	0
895	4	1	0
896	4	1	0
897	3	1	0
898	4	1	0
899	4	1	0
900	3	1	0
901	4	1	0
902	4	1	0
903	4	1	0
904	5	1	0
905	5	1	0
906	4	1	0
907	5	1	0
908	5	1	0
909	3	1	0
910	4	1	0
911	4	1	0
912	4	1	0
913	5	1	0
914	5	1	0
915	4	1	0
916	5	1	0
917	5	1	0
918	3	1	0
919	4	1	0
920	4	1	0
921	4	1	0
922	5	1	0
923	5	1	0
924	4	1	0
925	5	1	0
926	5	1	0
927	4	1	0
928	5	1	0
929	5	1	0
930	5	1	0
931	6	1	0
932	6	1	0
933	5	1	0
934	6	1	0
935	6	1	0
936	4	1	0
937	5	1	0
938	5	1	0
939	5	1	0
940	6	1	0
941	6	1	0
942	5	1	0
943	6	1	0
944	6	1	0
945	3	1	0
946	4	1	0
947	4	1	0
948	4	1	0
949	5	1	0
950	5	1	0
951	4	1	0
952	5	1	0
953	5	1	0
954	4	1	0
955	5	1	0
956	5	1	0
957	5	1	0
958	6	1	0
959	6	1	0
960	5	1	0
961	6	1	0
962	6	1	0
963	4	1	0
964	5	1	0
965	5	1	0
966	5	1	0
967	6	1	0
968	6	1	0
969	5	1	0
970	6	1	0
971	6	1	0
972	2	2	0
973	3	1	0
974	3	2	0
975	3	1	0
976	4	1	0
977	4	1	0
978	3	2	0
979	4	1	0
980	4	2	0
981	3	1	0
982	4	1	0
983	4	1	0
984	4	1	0
985	5	1	0
986	5	1	0
987	4	1	0
988	5	1	0
989	5	1	0
990	3	2	0
991	4	1	0
992	4	2	0
993	4	1	0
994	5	1	0
995	5	1	0
996	4	2	0
997	5	1	0
998	5	2	0
999	3	2	0
1000	4	1	0
1001	4	2	0
1002	4	1	0
1003	5	1	0
1004	5	1	0
1005	4	2	0
1006	5	1	0
1007	5	2	0
1008	4	1	0
1009	5	1	0
1010	5	1	0
1011	5	1	0
1012	6	1	0
1013	6	1	0
1014	5	1	0
1015	6	1	0
1016	6	1	0
1017	4	2	0
1018	5	1	0
1019	5	2	0
1020	5	1	0
1021	6	1	0
1022	6	1	0
1023	5	2	0
1024	6	1	0
1025	6	2	0
1026	3	1	0
1027	4	1	0
1028	4	1	0
1029	4	1	0
1030	5	1	0
1031	5	1	0
1032	4	1	0
1033	5	1	0
1034	5	1	0
1035	4	1	0
1036	5	1	0
1037	5	1	0
1038	5	1	0
1039	6	1	0
1040	6	1	0
1041	5	1	0
1042	6	1	0
1043	6	1	0
1044	4	1	0
1045	5	1	0
1046	5	1	0
1047	5	1	0
1048	6	1	0
1049	6	1	0
1050	5	1	0
1051	6	1	0
1052	6	1	0
1053	3	2	0
1054	4	1	0
1055	4	2	0
1056	4	1	0
1057	5	1	0
1058	5	1	0
1059	4	2	0
1060	5	1	0
1061	5	2	0
1062	4	1	0
1063	5	1	0
1064	5	1	0
1065	5	1	0
1066	6	1	0
1067	6	1	0
1068	5	1	0
1069	6	1	0
1070	6	1	0
1071	4	2	0
1072	5	1	0
1073	5	2	0
1074	5	1	0
1075	6	1	0
1076	6	1	0
1077	5	2	0
1078	6	1	0
1079	6	2	0
1080	4	2	0
1081	5	1	0
1082	5	2	0
1083	5	1	0
1084	6	1	0
1085	6	1	0
1086	5	2	0
1087	6	1	0
1088	6	2	0
1089	5	1	0
1090	6	1	0
1091	6	1	0
1092	6	1	0
1093	7	1	0
1094	7	1	0
1095	6	1	0
1096	7	1	0
1097	7	1	0
1098	5	2	0
1099	6	1	0
1100	6	2	0
1101	6	1	0
1102	7	1	0
1103	7	1	0
1104	6	2	0
1105	7	1	0
1106	7	2	0
1107	4	1	0
1108	5	1	0
1109	5	1	0
1110	5	1	0
1111	6	1	0
1112	6	1	0
1113	5	1	0
1114	6	1	0
1115	6	1	0
1116	5	1	0
1117	6	1	0
1118	6	1	0
1119	6	1	0
1120	7	1	0
1121	7	1	0
1122	6	1	0
1123	7	1	0
1124	7	1	0
1125	5	1	0
1126	6	1	0
1127	6	1	0
1128	6	1	0
1129	7	1	0
1130	7	1	0
1131	6	1	0
1132	7	1	0
1133	7	1	0
1134	3	1	0
1135	4	1	0
1136	4	1	0
1137	4	1	0
1138	5	1	0
1139	5	1	0
1140	4	1	0
1141	5	1	0
1142	5	1	0
1143	4	1	0
1144	5	1	0
1145	5	1	0
1146	5	1	0
1147	6	1	0
1148	6	1	0
1149	5	1	0
1150	6	1	0
1151	6	1	0
1152	4	1	0
1153	5	1	0
1154	5	1	0
1155	5	1	0
1156	6	1	0
1157	6	1	0
1158	5	1	0
1159	6	1	0
1160	6	1	0
1161	4	1	0
1162	5	1	0
1163	5	1	0
1164	5	1	0
1165	6	1	0
1166	6	1	0
1167	5	1	0
1168	6	1	0
1169	6	1	0
1170	5	1	0
1171	6	1	0
1172	6	1	0
1173	6	1	0
1174	7	1	0
1175	7	1	0
1176	6	1	0
1177	7	1	0
1178	7	1	0
1179	5	1	0
1180	6	1	0
1181	6	1	0
1182	6	1	0
1183	7	1	0
1184	7	1	0
1185	6	1	0
1186	7	1	0
1187	7	1	0
1188	4	1	0
1189	5	1	0
1190	5	1	0
1191	5	1	0
1192	6	1	0
1193	6	1	0
1194	5	1	0
1195	6	1	0
1196	6	1	0
1197	5	1	0
1198	6	1	0
1199	6	1	0
1200	6	1	0
1201	7	1	0
1202	7	1	0
1203	6	1	0
1204	7	1	0
1205	7	1	0
1206	5	1	0
1207	6	1	0
1208	6	1	0
1209	6	1	0
1210	7	1	0
1211	7	1	0
1212	6	1	0
1213	7	1	0
1214	7	1	0
1215	2	1	0
1216	3	1	0
1217	3	1	0
1218	3	1	0
1219	4	1	0
1220	4	1	0
1221	3	1	0
1222	4	1	0
1223	4	1	0
1224	3	1	0
1225	4	1	0
1226	4	1	0
1227	4	1	0
1228	5	1	0
1229	5	1	0
1230	4	1	0
1231	5	1	0
1232	5	1	0
1233	3	1	0
1234	4	1	0
1235	4	1	0
1236	4	1	0
1237	5	1	0
1238	5	1	0
1239	4	1	0
1240	5	1	0
1241	5	1	0
1242	3	1	0
1243	4	1	0
1244	4	1	0
1245	4	1	0
1246	5	1	0
1247	5	1	0
1248	4	1	0
1249	5	1	0
1250	5	1	0
1251	4	1	0
1252	5	1	0
1253	5	1	0
1254	5	1	0
1255	6	1	0
1256	6	1	0
1257	5	1	0
1258	6	1	0
1259	6	1	0
1260	4	1	0
1261	5	1	0
1262	5	1	0
1263	5	1	0
1264	6	1	0
1265	6	1	0
1266	5	1	0
1267	6	1	0
1268	6	1	0
1269	3	1	0
1270	4	1	0
1271	4	1	0
1272	4	1	0
1273	5	1	0
1274	5	1	0
1275	4	1	0
1276	5	1	0
1277	5	1	0
1278	4	1	0
1279	5	1	0
1280	5	1	0
1281	5	1	0
1282	6	1	0
1283	6	1	0
1284	5	1	0
1285	6	1	0
1286	6	1	0
1287	4	1	0
1288	5	1	0
1289	5	1	0
1290	5	1	0
1291	6	1	0
1292	6	1	0
1293	5	1	0
1294	6	1	0
1295	6	1	0
1296	3	1	0
1297	4	1	0
1298	4	1	0
1299	4	1	0
1300	5	1	0
1301	5	1	0
1302	4	1	0
1303	5	1	0
1304	5	1	0
1305	4	1	0
1306	5	1	0
1307	5	1	0
1308	5	1	0
1309	6	1	0
1310	6	1	0
1311	5	1	0
1312	6	1	0
1313	6	1	0
1314	4	1	0
1315	5	1	0
1316	5	1	0
1317	5	1	0
1318	6	1	0
1319	6	1	0
1320	5	1	0
1321	6	1	0
1322	6	1	0
1323	4	1	0
1324	5	1	0
1325	5	1	0
1326	5	1	0
1327	6	1	0
1328	6	1	0
1329	5	1	0
1330	6	1	0
1331	6	1	0
1332	5	1	0
1333	6	1	0
1334	6	1	0
1335	6	1	0
1336	7	1	0
1337	7	1	0
1338	6	1	0
1339	7	1	0
1340	7	1	0
1341	5	1	0
1342	6	1	0
1343	6	1	0
1344	6	1	0
1345	7	1	0
1346	7	1	0
1347	6	1	0
1348	7	1	0
1349	7	1	0
1350	4	1	0
1351	5	1	0
1352	5	1	0
1353	5	1	0
1354	6	1	0
1355	6	1	0
1356	5	1	0
1357	6	1	0
1358	6	1	0
1359	5	1	0
1360	6	1	0
1361	6	1	0
1362	6	1	0
1363	7	1	0
1364	7	1	0
1365	6	1	0
1366	7	1	0
1367	7	1	0
1368	5	1	0
1369	6	1	0
1370	6	1	0
1371	6	1	0
1372	7	1	0
1373	7	1	0
1374	6	1	0
1375	7	1	0
1376	7	1	0
1377	3	1	0
1378	4	1	0
1379	4	1	0
1380	4	1	0
1381	5	1	0
1382	5	1	0
1383	4	1	0
1384	5	1	0
1385	5	1	0
1386	4	1	0
1387	5	1	0
1388	5	1	0
1389	5	1	0
1390	6	1	0
1391	6	1	0
1392	5	1	0
1393	6	1	0
1394	6	1	0
1395	4	1	0
1396	5	1	0
1397	5	1	0
1398	5	1	0
1399	6	1	0
1400	6	1	0
1401	5	1	0
1402	6	1	0
1403	6	1	0
1404	4	1	0
1405	5	1	0
1406	5	1	0
1407	5	1	0
1408	6	1	0
1409	6	1	0
1410	5	1	0
1411	6	1	0
1412	6	1	0
1413	5	1	0
1414	6	1	0
1415	6	1	0
1416	6	1	0
1417	7	1	0
1418	7	1	0
1419	6	1	0
1420	7	1	0
1421	7	1	0
1422	5	1	0
1423	6	1	0
1424	6	1	0
1425	6	1	0
1426	7	1	0
1427	7	1	0
1428	6	1	0
1429	7	1	0
1430	7	1	0
1431	4	1	0
1432	5	1	0
1433	5	1	0
1434	5	1	0
1435	6	1	0
1436	6	1	0
1437	5	1	0
1438	6	1	0
1439	6	1	0
1440	5	1	0
1441	6	1	0
1442	6	1	0
1443	6	1	0
1444	7	1	0
1445	7	1	0
1446	6	1	0
1447	7	1	0
1448	7	1	0
1449	5	1	0
1450	6	1	0
1451	6	1	0
1452	6	1	0
1453	7	1	0
1454	7	1	0
1455	6	1	0
1456	7	1	0
1457	7	1	0
1458	1	6	0
1459	2	2	0
1460	2	5	0
1461	2	2	0
1462	3	1	0
1463	3	2	0
1464	2	5	0
1465	3	2	0
1466	3	4	0
1467	2	2	0
1468	3	1	0
1469	3	2	0
1470	3	1	0
1471	4	1	0
1472	4	1	0
1473	3	2	0
1474	4	1	0
1475	4	2	0
1476	2	5	0
1477	3	2	0
1478	3	4	0
1479	3	2	0
1480	4	1	0
1481	4	2	0
1482	3	4	0
1483	4	2	0
1484	4	3	0
1485	2	5	0
1486	3	2	0
1487	3	4	0
1488	3	2	0
1489	4	1	0
1490	4	2	0
1491	3	4	0
1492	4	2	0
1493	4	3	0
1494	3	2	0
1495	4	1	0
1496	4	2	0
1497	4	1	0
1498	5	1	0
1499	5	1	0
1500	4	2	0
1501	5	1	0
1502	5	2	0
1503	3	4	0
1504	4	2	0
1505	4	3	0
1506	4	2	0
1507	5	1	0
1508	5	2	0
1509	4	3	0
1510	5	2	0
1511	5	2	0
1512	2	2	0
1513	3	1	0
1514	3	2	0
1515	3	1	0
1516	4	1	0
1517	4	1	0
1518	3	2	0
1519	4	1	0
1520	4	2	0
1521	3	1	0
1522	4	1	0
1523	4	1	0
1524	4	1	0
1525	5	1	0
1526	5	1	0
1527	4	1	0
1528	5	1	0
1529	5	1	0
1530	3	2	0
1531	4	1	0
1532	4	2	0
1533	4	1	0
1534	5	1	0
1535	5	1	0
1536	4	2	0
1537	5	1	0
1538	5	2	0
1539	2	5	0
1540	3	2	0
1541	3	4	0
1542	3	2	0
1543	4	1	0
1544	4	2	0
1545	3	4	0
1546	4	2	0
1547	4	3	0
1548	3	2	0
1549	4	1	0
1550	4	2	0
1551	4	1	0
1552	5	1	0
1553	5	1	0
1554	4	2	0
1555	5	1	0
1556	5	2	0
1557	3	4	0
1558	4	2	0
1559	4	3	0
1560	4	2	0
1561	5	1	0
1562	5	2	0
1563	4	3	0
1564	5	2	0
1565	5	2	0
1566	3	4	0
1567	4	2	0
1568	4	3	0
1569	4	2	0
1570	5	1	0
1571	5	2	0
1572	4	3	0
1573	5	2	0
1574	5	2	0
1575	4	2	0
1576	5	1	0
1577	5	2	0
1578	5	1	0
1579	6	1	0
1580	6	1	0
1581	5	2	0
1582	6	1	0
1583	6	2	0
1584	4	3	0
1585	5	2	0
1586	5	2	0
1587	5	2	0
1588	6	1	0
1589	6	2	0
1590	5	2	0
1591	6	2	0
1592	6	1	0
1593	3	2	0
1594	4	1	0
1595	4	2	0
1596	4	1	0
1597	5	1	0
1598	5	1	0
1599	4	2	0
1600	5	1	0
1601	5	2	0
1602	4	1	0
1603	5	1	0
1604	5	1	0
1605	5	1	0
1606	6	1	0
1607	6	1	0
1608	5	1	0
1609	6	1	0
1610	6	1	0
1611	4	2	0
1612	5	1	0
1613	5	2	0
1614	5	1	0
1615	6	1	0
1616	6	1	0
1617	5	2	0
1618	6	1	0
1619	6	2	0
1620	2	2	0
1621	3	1	0
1622	3	2	0
1623	3	1	0
1624	4	1	0
1625	4	1	0
1626	3	2	0
1627	4	1	0
1628	4	2	0
1629	3	1	0
1630	4	1	0
1631	4	1	0
1632	4	1	0
1633	5	1	0
1634	5	1	0
1635	4	1	0
1636	5	1	0
1637	5	1	0
1638	3	2	0
1639	4	1	0
1640	4	2	0
1641	4	1	0
1642	5	1	0
1643	5	1	0
1644	4	2	0
1645	5	1	0
1646	5	2	0
1647	3	2	0
1648	4	1	0
1649	4	2	0
1650	4	1	0
1651	5	1	0
1652	5	1	0
1653	4	2	0
1654	5	1	0
1655	5	2	0
1656	4	1	0
1657	5	1	0
1658	5	1	0
1659	5	1	0
1660	6	1	0
1661	6	1	0
1662	5	1	0
1663	6	1	0
1664	6	1	0
1665	4	2	0
1666	5	1	0
1667	5	2	0
1668	5	1	0
1669	6	1	0
1670	6	1	0
1671	5	2	0
1672	6	1	0
1673	6	2	0
1674	3	1	0
1675	4	1	0
1676	4	1	0
1677	4	1	0
1678	5	1	0
1679	5	1	0
1680	4	1	0
1681	5	1	0
1682	5	1	0
1683	4	1	0
1684	5	1	0
1685	5	1	0
1686	5	1	0
1687	6	1	0
1688	6	1	0
1689	5	1	0
1690	6	1	0
1691	6	1	0
1692	4	1	0
1693	5	1	0
1694	5	1	0
1695	5	1	0
1696	6	1	0
1697	6	1	0
1698	5	1	0
1699	6	1	0
1700	6	1	0
1701	2	5	0
1702	3	2	0
1703	3	4	0
1704	3	2	0
1705	4	1	0
1706	4	2	0
1707	3	4	0
1708	4	2	0
1709	4	3	0
1710	3	2	0
1711	4	1	0
1712	4	2	0
1713	4	1	0
1714	5	1	0
1715	5	1	0
1716	4	2	0
1717	5	1	0
1718	5	2	0
1719	3	4	0
1720	4	2	0
1721	4	3	0
1722	4	2	0
1723	5	1	0
1724	5	2	0
1725	4	3	0
1726	5	2	0
1727	5	2	0
1728	3	4	0
1729	4	2	0
1730	4	3	0
1731	4	2	0
1732	5	1	0
1733	5	2	0
1734	4	3	0
1735	5	2	0
1736	5	2	0
1737	4	2	0
1738	5	1	0
1739	5	2	0
1740	5	1	0
1741	6	1	0
1742	6	1	0
1743	5	2	0
1744	6	1	0
1745	6	2	0
1746	4	3	0
1747	5	2	0
1748	5	2	0
1749	5	2	0
1750	6	1	0
1751	6	2	0
1752	5	2	0
1753	6	2	0
1754	6	1	0
1755	3	2	0
1756	4	1	0
1757	4	2	0
1758	4	1	0
1759	5	1	0
1760	5	1	0
1761	4	2	0
1762	5	1	0
1763	5	2	0
1764	4	1	0
1765	5	1	0
1766	5	1	0
1767	5	1	0
1768	6	1	0
1769	6	1	0
1770	5	1	0
1771	6	1	0
1772	6	1	0
1773	4	2	0
1774	5	1	0
1775	5	2	0
1776	5	1	0
1777	6	1	0
1778	6	1	0
1779	5	2	0
1780	6	1	0
1781	6	2	0
1782	3	4	0
1783	4	2	0
1784	4	3	0
1785	4	2	0
1786	5	1	0
1787	5	2	0
1788	4	3	0
1789	5	2	0
1790	5	2	0
1791	4	2	0
1792	5	1	0
1793	5	2	0
1794	5	1	0
1795	6	1	0
1796	6	1	0
1797	5	2	0
1798	6	1	0
1799	6	2	0
1800	4	3	0
1801	5	2	0
1802	5	2	0
1803	5	2	0
1804	6	1	0
1805	6	2	0
1806	5	2	0
1807	6	2	0
1808	6	1	0
1809	4	3	0
1810	5	2	0
1811	5	2	0
1812	5	2	0
1813	6	1	0
1814	6	2	0
1815	5	2	0
1816	6	2	0
1817	6	1	0
1818	5	2	0
1819	6	1	0
1820	6	2	0
1821	6	1	0
1822	7	1	0
1823	7	1	0
1824	6	2	0
1825	7	1	0
1826	7	2	0
1827	5	2	0
1828	6	2	0
1829	6	1	0
1830	6	2	0
1831	7	1	0
1832	7	2	0
1833	6	1	0
1834	7	2	0
1835	7	0	1
1836	4	2	0
1837	5	1	0
1838	5	2	0
1839	5	1	0
1840	6	1	0
1841	6	1	0
1842	5	2	0
1843	6	1	0
1844	6	2	0
1845	5	1	0
1846	6	1	0
1847	6	1	0
1848	6	1	0
1849	7	1	0
1850	7	1	0
1851	6	1	0
1852	7	1	0
1853	7	1	0
1854	5	2	0
1855	6	1	0
1856	6	2	0
1857	6	1	0
1858	7	1	0
1859	7	1	0
1860	6	2	0
1861	7	1	0
1862	7	2	0
1863	3	2	0
1864	4	1	0
1865	4	2	0
1866	4	1	0
1867	5	1	0
1868	5	1	0
1869	4	2	0
1870	5	1	0
1871	5	2	0
1872	4	1	0
1873	5	1	0
1874	5	1	0
1875	5	1	0
1876	6	1	0
1877	6	1	0
1878	5	1	0
1879	6	1	0
1880	6	1	0
1881	4	2	0
1882	5	1	0
1883	5	2	0
1884	5	1	0
1885	6	1	0
1886	6	1	0
1887	5	2	0
1888	6	1	0
1889	6	2	0
1890	4	2	0
1891	5	1	0
1892	5	2	0
1893	5	1	0
1894	6	1	0
1895	6	1	0
1896	5	2	0
1897	6	1	0
1898	6	2	0
1899	5	1	0
1900	6	1	0
1901	6	1	0
1902	6	1	0
1903	7	1	0
1904	7	1	0
1905	6	1	0
1906	7	1	0
1907	7	1	0
1908	5	2	0
1909	6	1	0
1910	6	2	0
1911	6	1	0
1912	7	1	0
1913	7	1	0
1914	6	2	0
1915	7	1	0
1916	7	2	0
1917	4	1	0
1918	5	1	0
1919	5	1	0
1920	5	1	0
1921	6	1	0
1922	6	1	0
1923	5	1	0
1924	6	1	0
1925	6	1	0
1926	5	1	0
1927	6	1	0
1928	6	1	0
1929	6	1	0
1930	7	1	0
1931	7	1	0
1932	6	1	0
1933	7	1	0
1934	7	1	0
1935	5	1	0
1936	6	1	0
1937	6	1	0
1938	6	1	0
1939	7	1	0
1940	7	1	0
1941	6	1	0
1942	7	1	0
1943	7	1	0
1944	2	2	0
1945	3	1	0
1946	3	2	0
1947	3	1	0
1948	4	1	0
1949	4	1	0
1950	3	2	0
1951	4	1	0
1952	4	2	0
1953	3	1	0
1954	4	1	0
1955	4	1	0
1956	4	1	0
1957	5	1	0
1958	5	1	0
1959	4	1	0
1960	5	1	0
1961	5	1	0
1962	3	2	0
1963	4	1	0
1964	4	2	0
1965	4	1	0
1966	5	1	0
1967	5	1	0
1968	4	2	0
1969	5	1	0
1970	5	2	0
1971	3	2	0
1972	4	1	0
1973	4	2	0
1974	4	1	0
1975	5	1	0
1976	5	1	0
1977	4	2	0
1978	5	1	0
1979	5	2	0
1980	4	1	0
1981	5	1	0
1982	5	1	0
1983	5	1	0
1984	6	1	0
1985	6	1	0
1986	5	1	0
1987	6	1	0
1988	6	1	0
1989	4	2	0
1990	5	1	0
1991	5	2	0
1992	5	1	0
1993	6	1	0
1994	6	1	0
1995	5	2	0
1996	6	1	0
1997	6	2	0
1998	3	1	0
1999	4	1	0
2000	4	1	0
2001	4	1	0
2002	5	1	0
2003	5	1	0
2004	4	1	0
2005	5	1	0
2006	5	1	0
2007	4	1	0
2008	5	1	0
2009	5	1	0
2010	5	1	0
2011	6	1	0
2012	6	1	0
2013	5	1	0
2014	6	1	0
2015	6	1	0
2016	4	1	0
2017	5	1	0
2018	5	1	0
2019	5	1	0
2020	6	1	0
2021	6	1	0
2022	5	1	0
2023	6	1	0
2024	6	1	0
2025	3	2	0
2026	4	1	0
2027	4	2	0
2028	4	1	0
2029	5	1	0
2030	5	1	0
2031	4	2	0
2032	5	1	0
2033	5	2	0
2034	4	1	0
2035	5	1	0
2036	5	1	0
2037	5	1	0
2038	6	1	0
2039	6	1	0
2040	5	1	0
2041	6	1	0
2042	6	1	0
2043	4	2	0
2044	5	1	0
2045	5	2	0
2046	5	1	0
2047	6	1	0
2048	6	1	0
2049	5	2	0
2050	6	1	0
2051	6	2	0
2052	4	2	0
2053	5	1	0
2054	5	2	0
2055	5	1	0
2056	6	1	0
2057	6	1	0
2058	5	2	0
2059	6	1	0
2060	6	2	0
2061	5	1	0
2062	6	1	0
2063	6	1	0
2064	6	1	0
2065	7	1	0
2066	7	1	0
2067	6	1	0
2068	7	1	0
2069	7	1	0
2070	5	2	0
2071	6	1	0
2072	6	2	0
2073	6	1	0
2074	7	1	0
2075	7	1	0
2076	6	2	0
2077	7	1	0
2078	7	2	0
2079	4	1	0
2080	5	1	0
2081	5	1	0
2082	5	1	0
2083	6	1	0
2084	6	1	0
2085	5	1	0
2086	6	1	0
2087	6	1	0
2088	5	1	0
2089	6	1	0
2090	6	1	0
2091	6	1	0
2092	7	1	0
2093	7	1	0
2094	6	1	0
2095	7	1	0
2096	7	1	0
2097	5	1	0
2098	6	1	0
2099	6	1	0
2100	6	1	0
2101	7	1	0
2102	7	1	0
2103	6	1	0
2104	7	1	0
2105	7	1	0
2106	3	1	0
2107	4	1	0
2108	4	1	0
2109	4	1	0
2110	5	1	0
2111	5	1	0
2112	4	1	0
2113	5	1	0
2114	5	1	0
2115	4	1	0
2116	5	1	0
2117	5	1	0
2118	5	1	0
2119	6	1	0
2120	6	1	0
2121	5	1	0
2122	6	1	0
2123	6	1	0
2124	4	1	0
2125	5	1	0
2126	5	1	0
2127	5	1	0
2128	6	1	0
2129	6	1	0
2130	5	1	0
2131	6	1	0
2132	6	1	0
2133	4	1	0
2134	5	1	0
2135	5	1	0
2136	5	1	0
2137	6	1	0
2138	6	1	0
2139	5	1	0
2140	6	1	0
2141	6	1	0
2142	5	1	0
2143	6	1	0
2144	6	1	0
2145	6	1	0
2146	7	1	0
2147	7	1	0
2148	6	1	0
2149	7	1	0
2150	7	1	0
2151	5	1	0
2152	6	1	0
2153	6	1	0
2154	6	1	0
2155	7	1	0
2156	7	1	0
2157	6	1	0
2158	7	1	0
2159	7	1	0
2160	4	1	0
2161	5	1	0
2162	5	1	0
2163	5	1	0
2164	6	1	0
2165	6	1	0
2166	5	1	0
2167	6	1	0
2168	6	1	0
2169	5	1	0
2170	6	1	0
2171	6	1	0
2172	6	1	0
2173	7	1	0
2174	7	1	0
2175	6	1	0
2176	7	1	0
2177	7	1	0
2178	5	1	0
2179	6	1	0
2180	6	1	0
2181	6	1	0
2182	7	1	0
2183	7	1	0
2184	6	1	0
2185	7	1	0
2186	7	1	0
