type	kind	visibility	path	line	elementary_object_or_composition	decision	review_grade
WordLattice	struct	pub	crates/holonics/src/hnn/chart.rs	124	ratio, receiver, receipt	declaration inventoried; detailed owner/consumer review pending; no rename or deletion inferred	module-role mapping only
ChartWords	struct	pub	crates/holonics/src/hnn/chart.rs	211	ratio, receiver, receipt	declaration inventoried; detailed owner/consumer review pending; no rename or deletion inferred	module-role mapping only
ChartStart	enum	pub	crates/holonics/src/hnn/chart.rs	545	ratio, receiver, receipt	declaration inventoried; detailed owner/consumer review pending; no rename or deletion inferred	module-role mapping only
ChartReading	struct	pub	crates/holonics/src/hnn/chart.rs	555	ratio, receiver, receipt	declaration inventoried; detailed owner/consumer review pending; no rename or deletion inferred	module-role mapping only
ChartKey	enum	pub	crates/holonics/src/hnn/chart.rs	568	ratio, receiver, receipt	declaration inventoried; detailed owner/consumer review pending; no rename or deletion inferred	module-role mapping only
Charts	struct	pub	crates/holonics/src/hnn/chart.rs	743	ratio, receiver, receipt	declaration inventoried; detailed owner/consumer review pending; no rename or deletion inferred	module-role mapping only
Remainders	struct	pub	crates/holonics/src/hnn/chart.rs	854	ratio, receiver, receipt	declaration inventoried; detailed owner/consumer review pending; no rename or deletion inferred	module-role mapping only
Lattice	struct	pub	crates/holonics/src/hnn/constitution.rs	530	constitution, deposition, receipt	declaration inventoried; detailed owner/consumer review pending; no rename or deletion inferred	module-role mapping only
BudgetedCarry	struct	pub	crates/holonics/src/hnn/constitution.rs	618	constitution, deposition, receipt	declaration inventoried; detailed owner/consumer review pending; no rename or deletion inferred	module-role mapping only
GainBacktrack	struct	pub	crates/holonics/src/hnn/constitution.rs	638	constitution, deposition, receipt	declaration inventoried; detailed owner/consumer review pending; no rename or deletion inferred	module-role mapping only
Carry	struct	pub(crate)	crates/holonics/src/hnn/constitution.rs	775	constitution, deposition, receipt	declaration inventoried; detailed owner/consumer review pending; no rename or deletion inferred	module-role mapping only
CarrierBits	struct	pub	crates/holonics/src/hnn/constitution.rs	984	constitution, deposition, receipt	declaration inventoried; detailed owner/consumer review pending; no rename or deletion inferred	module-role mapping only
Locus	enum	pub	crates/holonics/src/hnn/constitution.rs	1007	constitution, deposition, receipt	declaration inventoried; detailed owner/consumer review pending; no rename or deletion inferred	module-role mapping only
ChartRule	struct	pub	crates/holonics/src/hnn/constitution.rs	1105	constitution, deposition, receipt	declaration inventoried; detailed owner/consumer review pending; no rename or deletion inferred	module-role mapping only
SolvedChart	struct	pub	crates/holonics/src/hnn/constitution.rs	1201	constitution, deposition, receipt	declaration inventoried; detailed owner/consumer review pending; no rename or deletion inferred	module-role mapping only
ChartReading	struct	pub	crates/holonics/src/hnn/constitution.rs	1907	constitution, deposition, receipt	declaration inventoried; detailed owner/consumer review pending; no rename or deletion inferred	module-role mapping only
Sample	struct	pub	crates/holonics/src/hnn/constitution.rs	1927	constitution, deposition, receipt	declaration inventoried; detailed owner/consumer review pending; no rename or deletion inferred	module-role mapping only
NormalLaw	struct	pub	crates/holonics/src/hnn/constitution.rs	1945	normal deposition statistic	retain with actual reached covectors; no absent-comparison Gram updates	source-reviewed
LocatedPrior	struct	pub	crates/holonics/src/hnn/constitution.rs	2293	constitution, deposition, receipt	declaration inventoried; detailed owner/consumer review pending; no rename or deletion inferred	module-role mapping only
PriorHeld	enum	pub	crates/holonics/src/hnn/constitution.rs	2443	constitution, deposition, receipt	declaration inventoried; detailed owner/consumer review pending; no rename or deletion inferred	module-role mapping only
PriorMove	struct	pub	crates/holonics/src/hnn/constitution.rs	2456	constitution, deposition, receipt	declaration inventoried; detailed owner/consumer review pending; no rename or deletion inferred	module-role mapping only
PreparedStep	struct	pub(crate)	crates/holonics/src/hnn/constitution.rs	2600	constitution, deposition, receipt	declaration inventoried; detailed owner/consumer review pending; no rename or deletion inferred	module-role mapping only
Carrier	enum	pub	crates/holonics/src/hnn/constitution.rs	2863	constitution, deposition, receipt	declaration inventoried; detailed owner/consumer review pending; no rename or deletion inferred	module-role mapping only
LinearLocus	enum	pub	crates/holonics/src/hnn/constitution.rs	2935	constitution, deposition, receipt	declaration inventoried; detailed owner/consumer review pending; no rename or deletion inferred	module-role mapping only
LinearStep	struct	pub	crates/holonics/src/hnn/constitution.rs	2956	constitution, deposition, receipt	declaration inventoried; detailed owner/consumer review pending; no rename or deletion inferred	module-role mapping only
LandmarkStep	struct	pub	crates/holonics/src/hnn/constitution.rs	2967	constitution, deposition, receipt	declaration inventoried; detailed owner/consumer review pending; no rename or deletion inferred	module-role mapping only
FactorGradient	enum	pub	crates/holonics/src/hnn/constitution.rs	2976	constitution, deposition, receipt	declaration inventoried; detailed owner/consumer review pending; no rename or deletion inferred	module-role mapping only
Family	enum	pub	crates/holonics/src/hnn/constitution.rs	3082	constitution, deposition, receipt	declaration inventoried; detailed owner/consumer review pending; no rename or deletion inferred	module-role mapping only
FactorStep	struct	pub	crates/holonics/src/hnn/constitution.rs	3123	constitution, deposition, receipt	declaration inventoried; detailed owner/consumer review pending; no rename or deletion inferred	module-role mapping only
Reach	struct	pub	crates/holonics/src/hnn/constitution.rs	3138	constitution, deposition, receipt	declaration inventoried; detailed owner/consumer review pending; no rename or deletion inferred	module-role mapping only
StepReading	struct	pub	crates/holonics/src/hnn/constitution.rs	3228	constitution, deposition, receipt	declaration inventoried; detailed owner/consumer review pending; no rename or deletion inferred	module-role mapping only
SourceStep	struct	pub	crates/holonics/src/hnn/constitution.rs	3245	constitution, deposition, receipt	declaration inventoried; detailed owner/consumer review pending; no rename or deletion inferred	module-role mapping only
DepositReading	struct	pub	crates/holonics/src/hnn/constitution.rs	3273	constitution, deposition, receipt	declaration inventoried; detailed owner/consumer review pending; no rename or deletion inferred	module-role mapping only
RingReach	struct	pub	crates/holonics/src/hnn/constitution.rs	3338	constitution, deposition, receipt	declaration inventoried; detailed owner/consumer review pending; no rename or deletion inferred	module-role mapping only
MediumReach	struct	pub	crates/holonics/src/hnn/constitution.rs	3351	constitution, deposition, receipt	declaration inventoried; detailed owner/consumer review pending; no rename or deletion inferred	module-role mapping only
PumpedReading	struct	pub	crates/holonics/src/hnn/constitution.rs	3369	constitution, deposition, receipt	declaration inventoried; detailed owner/consumer review pending; no rename or deletion inferred	module-role mapping only
Constitution	struct	pub	crates/holonics/src/hnn/constitution.rs	3381	constitution and deposition retention	retain adaptive material owner; physical forms are its contemporary read	source-reviewed
LobeReading	struct	pub	crates/holonics/src/hnn/constitution.rs	3691	constitution, deposition, receipt	declaration inventoried; detailed owner/consumer review pending; no rename or deletion inferred	module-role mapping only
LockProposal	struct	pub	crates/holonics/src/hnn/constitution.rs	3714	constitution, deposition, receipt	declaration inventoried; detailed owner/consumer review pending; no rename or deletion inferred	module-role mapping only
LockReading	struct	pub	crates/holonics/src/hnn/constitution.rs	3738	constitution, deposition, receipt	declaration inventoried; detailed owner/consumer review pending; no rename or deletion inferred	module-role mapping only
FactorPrepared	struct	pub(crate)	crates/holonics/src/hnn/constitution.rs	6992	constitution, deposition, receipt	declaration inventoried; detailed owner/consumer review pending; no rename or deletion inferred	module-role mapping only
ContinuingState	struct	pub	crates/holonics/src/hnn/constitution.rs	7832	constitution, deposition, receipt	declaration inventoried; detailed owner/consumer review pending; no rename or deletion inferred	module-role mapping only
Transfer	struct	pub	crates/holonics/src/hnn/contact.rs	122	pair contact, receiver, receipt	declaration inventoried; detailed owner/consumer review pending; no rename or deletion inferred	module-role mapping only
KindCensus	struct	pub	crates/holonics/src/hnn/contact.rs	168	pair contact, receiver, receipt	declaration inventoried; detailed owner/consumer review pending; no rename or deletion inferred	module-role mapping only
SiteReading	struct	pub	crates/holonics/src/hnn/contact.rs	177	pair contact, receiver, receipt	declaration inventoried; detailed owner/consumer review pending; no rename or deletion inferred	module-role mapping only
ContactLock	enum	pub	crates/holonics/src/hnn/contact.rs	462	pair contact, receiver, receipt	declaration inventoried; detailed owner/consumer review pending; no rename or deletion inferred	module-role mapping only
LockDeclaration	struct	pub	crates/holonics/src/hnn/contact.rs	475	pair contact, receiver, receipt	declaration inventoried; detailed owner/consumer review pending; no rename or deletion inferred	module-role mapping only
ContactReading	struct	pub	crates/holonics/src/hnn/contact.rs	639	pair contact, receiver, receipt	declaration inventoried; detailed owner/consumer review pending; no rename or deletion inferred	module-role mapping only
BreakReceipt	struct	pub	crates/holonics/src/hnn/contact.rs	753	pair contact, receiver, receipt	declaration inventoried; detailed owner/consumer review pending; no rename or deletion inferred	module-role mapping only
EncodingError	enum	pub	crates/holonics/src/hnn/encoding.rs	122	compression, navigator, fibre	declaration inventoried; detailed owner/consumer review pending; no rename or deletion inferred	module-role mapping only
PassageChart	struct	pub	crates/holonics/src/hnn/encoding.rs	232	compression, navigator, fibre	declaration inventoried; detailed owner/consumer review pending; no rename or deletion inferred	module-role mapping only
LocatedAdvances	struct	pub	crates/holonics/src/hnn/encoding.rs	263	compression, navigator, fibre	declaration inventoried; detailed owner/consumer review pending; no rename or deletion inferred	module-role mapping only
Constituent	struct	pub	crates/holonics/src/hnn/encoding.rs	592	compression, navigator, fibre	declaration inventoried; detailed owner/consumer review pending; no rename or deletion inferred	module-role mapping only
Squares	struct	pub	crates/holonics/src/hnn/encoding.rs	601	compression, navigator, fibre	declaration inventoried; detailed owner/consumer review pending; no rename or deletion inferred	module-role mapping only
Encoding	struct	pub	crates/holonics/src/hnn/encoding.rs	612	compression, navigator, fibre	declaration inventoried; detailed owner/consumer review pending; no rename or deletion inferred	module-role mapping only
PortCell	struct	pub	crates/holonics/src/hnn/encoding.rs	992	compression, navigator, fibre	declaration inventoried; detailed owner/consumer review pending; no rename or deletion inferred	module-role mapping only
Encoded	struct	pub	crates/holonics/src/hnn/encoding.rs	1116	compression boundary chart with decoder, fibre and conduct	retain required producing chart; equal class counts are insufficient	source-reviewed
PairDeposit	struct	pub	crates/holonics/src/hnn/executed.rs	109	deposition, pair contact	declaration inventoried; detailed owner/consumer review pending; no rename or deletion inferred	module-role mapping only
ConstitutionRead	trait	pub	crates/holonics/src/hnn/field.rs	145	Holon law, parametron, pair contact, navigator, clock	declaration inventoried; detailed owner/consumer review pending; no rename or deletion inferred	module-role mapping only
FieldMaterial	trait	pub	crates/holonics/src/hnn/field.rs	242	read-only material boundary implementation	retain view of constitution; do not make a separately learned material	source-reviewed
RingDeclaration	struct	pub	crates/holonics/src/hnn/field.rs	340	Holon law, parametron, pair contact, navigator, clock	declaration inventoried; detailed owner/consumer review pending; no rename or deletion inferred	module-role mapping only
ContactDeclaration	struct	pub	crates/holonics/src/hnn/field.rs	360	Holon law, parametron, pair contact, navigator, clock	declaration inventoried; detailed owner/consumer review pending; no rename or deletion inferred	module-role mapping only
ReceiverDeclaration	struct	pub	crates/holonics/src/hnn/field.rs	392	Holon law, parametron, pair contact, navigator, clock	declaration inventoried; detailed owner/consumer review pending; no rename or deletion inferred	module-role mapping only
CribDeclaration	struct	pub	crates/holonics/src/hnn/field.rs	405	Holon law, parametron, pair contact, navigator, clock	declaration inventoried; detailed owner/consumer review pending; no rename or deletion inferred	module-role mapping only
FieldDeclaration	struct	pub	crates/holonics/src/hnn/field.rs	413	Holon law, parametron, pair contact, navigator, clock	declaration inventoried; detailed owner/consumer review pending; no rename or deletion inferred	module-role mapping only
Ring	struct	pub	crates/holonics/src/hnn/field.rs	648	Holon law, parametron, pair contact, navigator, clock	declaration inventoried; detailed owner/consumer review pending; no rename or deletion inferred	module-role mapping only
End	enum	pub	crates/holonics/src/hnn/field.rs	929	Holon law, parametron, pair contact, navigator, clock	declaration inventoried; detailed owner/consumer review pending; no rename or deletion inferred	module-role mapping only
Contact	struct	pub	crates/holonics/src/hnn/field.rs	936	Holon law, parametron, pair contact, navigator, clock	declaration inventoried; detailed owner/consumer review pending; no rename or deletion inferred	module-role mapping only
SelectiveStep	struct	pub	crates/holonics/src/hnn/field.rs	1063	Holon law, parametron, pair contact, navigator, clock	declaration inventoried; detailed owner/consumer review pending; no rename or deletion inferred	module-role mapping only
Field	struct	pub	crates/holonics/src/hnn/field.rs	1070	Holon law: incidence, ports, navigators	retain native declaration; join actual library element relations rather than a second law owner	source-reviewed
Current	struct	pub	crates/holonics/src/hnn/field.rs	2520	navigator clock lift	retain; it is not the complete coupled field current	source-reviewed
RingKeys	struct	pub	crates/holonics/src/hnn/keys.rs	113	navigator, key, pair contact	declaration inventoried; detailed owner/consumer review pending; no rename or deletion inferred	module-role mapping only
KeyLocation	struct	pub	crates/holonics/src/hnn/keys.rs	130	navigator, key, pair contact	declaration inventoried; detailed owner/consumer review pending; no rename or deletion inferred	module-role mapping only
PairReading	struct	pub	crates/holonics/src/hnn/keys.rs	445	navigator, key, pair contact	declaration inventoried; detailed owner/consumer review pending; no rename or deletion inferred	module-role mapping only
LocatedPair	struct	pub	crates/holonics/src/hnn/keys.rs	543	navigator, key, pair contact	declaration inventoried; detailed owner/consumer review pending; no rename or deletion inferred	module-role mapping only
PairLocation	struct	pub	crates/holonics/src/hnn/keys.rs	557	navigator, key, pair contact	declaration inventoried; detailed owner/consumer review pending; no rename or deletion inferred	module-role mapping only
PairSurvivors	struct	pub	crates/holonics/src/hnn/keys.rs	565	navigator, key, pair contact	declaration inventoried; detailed owner/consumer review pending; no rename or deletion inferred	module-role mapping only
HnnError	enum	pub	crates/holonics/src/hnn/mod.rs	222	typed refusal	declaration inventoried; detailed owner/consumer review pending; no rename or deletion inferred	module-role mapping only
CapacityClock	enum	pub	crates/holonics/src/hnn/moment.rs	226	source navigator, phase-carried quotient, receiver	declaration inventoried; detailed owner/consumer review pending; no rename or deletion inferred	module-role mapping only
Capacity	struct	pub	crates/holonics/src/hnn/moment.rs	250	source navigator, phase-carried quotient, receiver	declaration inventoried; detailed owner/consumer review pending; no rename or deletion inferred	module-role mapping only
SourceCapacity	enum	pub	crates/holonics/src/hnn/moment.rs	645	source navigator, phase-carried quotient, receiver	declaration inventoried; detailed owner/consumer review pending; no rename or deletion inferred	module-role mapping only
PairPort	struct	pub	crates/holonics/src/hnn/moment.rs	928	learned source pair relation	retain with reached source-opening pullback; do not present pair statistics as generic learned composition	source-reviewed
PopulationChart	struct	pub	crates/holonics/src/hnn/moment.rs	1033	source navigator, phase-carried quotient, receiver	declaration inventoried; detailed owner/consumer review pending; no rename or deletion inferred	module-role mapping only
OffsetTable	struct	pub	crates/holonics/src/hnn/moment.rs	1094	source navigator, phase-carried quotient, receiver	declaration inventoried; detailed owner/consumer review pending; no rename or deletion inferred	module-role mapping only
Ingested	struct	pub	crates/holonics/src/hnn/moment.rs	1256	source navigator, phase-carried quotient, receiver	declaration inventoried; detailed owner/consumer review pending; no rename or deletion inferred	module-role mapping only
SourceMoment	struct	pub	crates/holonics/src/hnn/moment.rs	1277	phase-carried source quotient and source clock	retain; not a source archive; consolidate source entrance through producing encoding	source-reviewed
PendingRatio	struct	pub	crates/holonics/src/hnn/pending.rs	64	comparison operands, ratio	declaration inventoried; detailed owner/consumer review pending; no rename or deletion inferred	module-role mapping only
Against	struct	pub	crates/holonics/src/hnn/pending.rs	75	comparison operands, ratio	declaration inventoried; detailed owner/consumer review pending; no rename or deletion inferred	module-role mapping only
PhysicalBoundary	struct	pub	crates/holonics/src/hnn/physical/communication.rs	40	receiver, carried current, receipt	declaration inventoried; detailed owner/consumer review pending; no rename or deletion inferred	module-role mapping only
PhysicalCommunication	struct	pub	crates/holonics/src/hnn/physical/communication.rs	163	receiver, carried current, receipt	declaration inventoried; detailed owner/consumer review pending; no rename or deletion inferred	module-role mapping only
PhysicalLearning	enum	pub	crates/holonics/src/hnn/physical.rs	31	receiver, carried current, receipt	declaration inventoried; detailed owner/consumer review pending; no rename or deletion inferred	module-role mapping only
PhysicalObservation	struct	pub	crates/holonics/src/hnn/physical.rs	39	receiver, carried current, receipt	declaration inventoried; detailed owner/consumer review pending; no rename or deletion inferred	module-role mapping only
PhysicalPublication	struct	pub	crates/holonics/src/hnn/physical.rs	47	receiver, carried current, receipt	declaration inventoried; detailed owner/consumer review pending; no rename or deletion inferred	module-role mapping only
PhysicalReception	struct	pub	crates/holonics/src/hnn/physical.rs	60	receiver, carried current, receipt	declaration inventoried; detailed owner/consumer review pending; no rename or deletion inferred	module-role mapping only
PhysicalResident	struct	pub	crates/holonics/src/hnn/physical.rs	74	exact encoded-section receiver current	merge shared state with resident only after source/decoder/comparison joins; preserve blind-before-observed order	source-reviewed
MomentId	struct	pub	crates/holonics/src/hnn/port.rs	109	Holon ports, reception, deposition, adjoint	declaration inventoried; detailed owner/consumer review pending; no rename or deletion inferred	module-role mapping only
PendingId	struct	pub	crates/holonics/src/hnn/port.rs	113	Holon ports, reception, deposition, adjoint	declaration inventoried; detailed owner/consumer review pending; no rename or deletion inferred	module-role mapping only
StagedId	struct	pub	crates/holonics/src/hnn/port.rs	117	Holon ports, reception, deposition, adjoint	declaration inventoried; detailed owner/consumer review pending; no rename or deletion inferred	module-role mapping only
Handle	enum	pub	crates/holonics/src/hnn/port.rs	121	Holon ports, reception, deposition, adjoint	declaration inventoried; detailed owner/consumer review pending; no rename or deletion inferred	module-role mapping only
ReceiptDetail	enum	pub	crates/holonics/src/hnn/port.rs	151	Holon ports, reception, deposition, adjoint	declaration inventoried; detailed owner/consumer review pending; no rename or deletion inferred	module-role mapping only
PortReceipt	struct	pub	crates/holonics/src/hnn/port.rs	243	Holon ports, reception, deposition, adjoint	declaration inventoried; detailed owner/consumer review pending; no rename or deletion inferred	module-role mapping only
Transpose	enum	pub	crates/holonics/src/hnn/port.rs	314	Holon ports, reception, deposition, adjoint	declaration inventoried; detailed owner/consumer review pending; no rename or deletion inferred	module-role mapping only
Census	struct	pub	crates/holonics/src/hnn/port.rs	404	Holon ports, reception, deposition, adjoint	declaration inventoried; detailed owner/consumer review pending; no rename or deletion inferred	module-role mapping only
RingPullback	struct	pub	crates/holonics/src/hnn/port.rs	418	Holon ports, reception, deposition, adjoint	declaration inventoried; detailed owner/consumer review pending; no rename or deletion inferred	module-role mapping only
ContactPullback	struct	pub	crates/holonics/src/hnn/port.rs	435	Holon ports, reception, deposition, adjoint	declaration inventoried; detailed owner/consumer review pending; no rename or deletion inferred	module-role mapping only
Pullback	struct	pub	crates/holonics/src/hnn/port.rs	449	Holon ports, reception, deposition, adjoint	declaration inventoried; detailed owner/consumer review pending; no rename or deletion inferred	module-role mapping only
Deposit	struct	pub	crates/holonics/src/hnn/port.rs	463	Holon ports, reception, deposition, adjoint	declaration inventoried; detailed owner/consumer review pending; no rename or deletion inferred	module-role mapping only
ExecutionPort	trait	pub	crates/holonics/src/hnn/port.rs	622	Holon ports, reception, deposition, adjoint	declaration inventoried; detailed owner/consumer review pending; no rename or deletion inferred	module-role mapping only
ElementTick	struct	pub	crates/holonics/src/hnn/port.rs	750	Holon ports, reception, deposition, adjoint	declaration inventoried; detailed owner/consumer review pending; no rename or deletion inferred	module-role mapping only
TransitTick	struct	pub	crates/holonics/src/hnn/port.rs	761	Holon ports, reception, deposition, adjoint	declaration inventoried; detailed owner/consumer review pending; no rename or deletion inferred	module-role mapping only
WordReturn	struct	pub	crates/holonics/src/hnn/port.rs	776	Holon ports, reception, deposition, adjoint	declaration inventoried; detailed owner/consumer review pending; no rename or deletion inferred	module-role mapping only
ResonatorTick	struct	pub	crates/holonics/src/hnn/port.rs	789	Holon ports, reception, deposition, adjoint	declaration inventoried; detailed owner/consumer review pending; no rename or deletion inferred	module-role mapping only
ResonatorPullback	struct	pub	crates/holonics/src/hnn/port.rs	804	Holon ports, reception, deposition, adjoint	declaration inventoried; detailed owner/consumer review pending; no rename or deletion inferred	module-role mapping only
ChangeCovector	struct	pub	crates/holonics/src/hnn/port.rs	820	Holon ports, reception, deposition, adjoint	declaration inventoried; detailed owner/consumer review pending; no rename or deletion inferred	module-role mapping only
ContactRadiusMaps	struct	pub(super)	crates/holonics/src/hnn/prediction/charted/linear_radius.rs	74	receiver, compression, boundary release	declaration inventoried; detailed owner/consumer review pending; no rename or deletion inferred	module-role mapping only
ChartedTolerance	struct	pub	crates/holonics/src/hnn/prediction/charted.rs	38	receiver, compression, boundary release	declaration inventoried; detailed owner/consumer review pending; no rename or deletion inferred	module-role mapping only
ChartedStationError	struct	pub	crates/holonics/src/hnn/prediction/charted.rs	55	receiver, compression, boundary release	declaration inventoried; detailed owner/consumer review pending; no rename or deletion inferred	module-role mapping only
ChartedErrorReceipt	struct	pub	crates/holonics/src/hnn/prediction/charted.rs	64	receiver, compression, boundary release	declaration inventoried; detailed owner/consumer review pending; no rename or deletion inferred	module-role mapping only
ChartedPhysicalRepair	struct	pub	crates/holonics/src/hnn/prediction/charted.rs	74	receiver, compression, boundary release	declaration inventoried; detailed owner/consumer review pending; no rename or deletion inferred	module-role mapping only
ChartedComparisonReceipt	struct	pub	crates/holonics/src/hnn/prediction/charted.rs	98	receiver, compression, boundary release	declaration inventoried; detailed owner/consumer review pending; no rename or deletion inferred	module-role mapping only
ChartedPhysicalPublication	struct	pub	crates/holonics/src/hnn/prediction/charted.rs	112	receiver, compression, boundary release	declaration inventoried; detailed owner/consumer review pending; no rename or deletion inferred	module-role mapping only
ChartedPhysicalReception	struct	pub	crates/holonics/src/hnn/prediction/charted.rs	118	receiver, compression, boundary release	declaration inventoried; detailed owner/consumer review pending; no rename or deletion inferred	module-role mapping only
ChartedPhysicalPrediction	struct	pub	crates/holonics/src/hnn/prediction/charted.rs	126	receiver, compression, boundary release	declaration inventoried; detailed owner/consumer review pending; no rename or deletion inferred	module-role mapping only
ChartedPhysicalResident	struct	pub	crates/holonics/src/hnn/prediction/charted.rs	238	charted receiver current with error/remainder contract	retain representation contract during eventual resident consolidation; do not discard error fibres	source-reviewed
Refinement	struct	pub	crates/holonics/src/hnn/prediction.rs	287	receiver, compression, boundary release	declaration inventoried; detailed owner/consumer review pending; no rename or deletion inferred	module-role mapping only
SectionRelease	struct	pub	crates/holonics/src/hnn/prediction.rs	393	receiver, compression, boundary release	declaration inventoried; detailed owner/consumer review pending; no rename or deletion inferred	module-role mapping only
BankGeneration	struct	pub	crates/holonics/src/hnn/prediction.rs	492	receiver, compression, boundary release	declaration inventoried; detailed owner/consumer review pending; no rename or deletion inferred	module-role mapping only
BankRefinement	struct	pub	crates/holonics/src/hnn/prediction.rs	558	receiver, compression, boundary release	declaration inventoried; detailed owner/consumer review pending; no rename or deletion inferred	module-role mapping only
JointGrowth	trait	pub	crates/holonics/src/hnn/prediction.rs	569	receiver, compression, boundary release	declaration inventoried; detailed owner/consumer review pending; no rename or deletion inferred	module-role mapping only
LockOrder	enum	pub	crates/holonics/src/hnn/prediction.rs	673	receiver, compression, boundary release	declaration inventoried; detailed owner/consumer review pending; no rename or deletion inferred	module-role mapping only
BankPlacement	struct	pub	crates/holonics/src/hnn/prediction.rs	993	receiver, compression, boundary release	declaration inventoried; detailed owner/consumer review pending; no rename or deletion inferred	module-role mapping only
DamagedSection	struct	pub	crates/holonics/src/hnn/prediction.rs	1548	receiver, compression, boundary release	declaration inventoried; detailed owner/consumer review pending; no rename or deletion inferred	module-role mapping only
StationRead	struct	pub	crates/holonics/src/hnn/prediction.rs	1736	receiver, compression, boundary release	declaration inventoried; detailed owner/consumer review pending; no rename or deletion inferred	module-role mapping only
Unresolved	enum	pub	crates/holonics/src/hnn/prediction.rs	1763	receiver, compression, boundary release	declaration inventoried; detailed owner/consumer review pending; no rename or deletion inferred	module-role mapping only
PhysicalDomainRead	struct	pub	crates/holonics/src/hnn/prediction.rs	1778	receiver, compression, boundary release	declaration inventoried; detailed owner/consumer review pending; no rename or deletion inferred	module-role mapping only
PhysicalCompletionRead	struct	pub	crates/holonics/src/hnn/prediction.rs	1789	receiver, compression, boundary release	declaration inventoried; detailed owner/consumer review pending; no rename or deletion inferred	module-role mapping only
RepairedCell	enum	pub	crates/holonics/src/hnn/prediction.rs	1798	receiver, compression, boundary release	declaration inventoried; detailed owner/consumer review pending; no rename or deletion inferred	module-role mapping only
PhysicalRepair	struct	pub	crates/holonics/src/hnn/prediction.rs	1822	receiver, compression, boundary release	declaration inventoried; detailed owner/consumer review pending; no rename or deletion inferred	module-role mapping only
SourceObserverPrediction	struct	pub	crates/holonics/src/hnn/prediction.rs	3147	receiver, compression, boundary release	declaration inventoried; detailed owner/consumer review pending; no rename or deletion inferred	module-role mapping only
SourceObserverTeaching	struct	pub	crates/holonics/src/hnn/prediction.rs	3210	receiver, compression, boundary release	declaration inventoried; detailed owner/consumer review pending; no rename or deletion inferred	module-role mapping only
CurrentSourceReceivingReturn	struct	pub	crates/holonics/src/hnn/prediction.rs	3234	receiver, compression, boundary release	declaration inventoried; detailed owner/consumer review pending; no rename or deletion inferred	module-role mapping only
SourceObserverRefusal	struct	pub	crates/holonics/src/hnn/prediction.rs	3247	receiver, compression, boundary release	declaration inventoried; detailed owner/consumer review pending; no rename or deletion inferred	module-role mapping only
PhysicalPrediction	struct	pub	crates/holonics/src/hnn/prediction.rs	3422	receiver, compression, boundary release	declaration inventoried; detailed owner/consumer review pending; no rename or deletion inferred	module-role mapping only
PhysicalTeaching	struct	pub	crates/holonics/src/hnn/prediction.rs	3489	receiver, compression, boundary release	declaration inventoried; detailed owner/consumer review pending; no rename or deletion inferred	module-role mapping only
PhysicalReceivingDiagnostic	struct	pub	crates/holonics/src/hnn/prediction.rs	3516	receiver, compression, boundary release	declaration inventoried; detailed owner/consumer review pending; no rename or deletion inferred	module-role mapping only
PhysicalReceivingCrossing	struct	pub	crates/holonics/src/hnn/prediction.rs	3528	receiver, compression, boundary release	declaration inventoried; detailed owner/consumer review pending; no rename or deletion inferred	module-role mapping only
PhysicalSourceCrossing	struct	pub	crates/holonics/src/hnn/prediction.rs	3537	receiver, compression, boundary release	declaration inventoried; detailed owner/consumer review pending; no rename or deletion inferred	module-role mapping only
PhysicalSourcePairing	struct	pub	crates/holonics/src/hnn/prediction.rs	3554	receiver, compression, boundary release	declaration inventoried; detailed owner/consumer review pending; no rename or deletion inferred	module-role mapping only
PhysicalSourceMove	struct	pub	crates/holonics/src/hnn/prediction.rs	3575	receiver, compression, boundary release	declaration inventoried; detailed owner/consumer review pending; no rename or deletion inferred	module-role mapping only
PhysicalSourceCertificate	struct	pub	crates/holonics/src/hnn/prediction.rs	3586	receiver, compression, boundary release	declaration inventoried; detailed owner/consumer review pending; no rename or deletion inferred	module-role mapping only
PhysicalTeachingRefusal	struct	pub	crates/holonics/src/hnn/prediction.rs	3594	receiver, compression, boundary release	declaration inventoried; detailed owner/consumer review pending; no rename or deletion inferred	module-role mapping only
ExponentReading	struct	pub	crates/holonics/src/hnn/propagation.rs	122	parametron, pair contact, clocked transport	declaration inventoried; detailed owner/consumer review pending; no rename or deletion inferred	module-role mapping only
PathAttenuation	struct	pub	crates/holonics/src/hnn/propagation.rs	171	parametron, pair contact, clocked transport	declaration inventoried; detailed owner/consumer review pending; no rename or deletion inferred	module-role mapping only
Solve	enum	pub(crate)	crates/holonics/src/hnn/propagation.rs	235	parametron, pair contact, clocked transport	declaration inventoried; detailed owner/consumer review pending; no rename or deletion inferred	module-role mapping only
RingOperands	struct	pub	crates/holonics/src/hnn/propagation.rs	295	parametron, pair contact, clocked transport	declaration inventoried; detailed owner/consumer review pending; no rename or deletion inferred	module-role mapping only
ContactOperands	struct	pub	crates/holonics/src/hnn/propagation.rs	549	native realization of pair-contact element relations	migrate C/K/D ownership to holon::element; keep executed chart, transpose and row realization here	source-reviewed
Operands	struct	pub	crates/holonics/src/hnn/propagation.rs	785	parametron, pair contact, clocked transport	declaration inventoried; detailed owner/consumer review pending; no rename or deletion inferred	module-role mapping only
Junction	struct	pub	crates/holonics/src/hnn/propagation.rs	1149	parametron, pair contact, clocked transport	declaration inventoried; detailed owner/consumer review pending; no rename or deletion inferred	module-role mapping only
ElementStep	struct	pub	crates/holonics/src/hnn/propagation.rs	1240	parametron, pair contact, clocked transport	declaration inventoried; detailed owner/consumer review pending; no rename or deletion inferred	module-role mapping only
Transit	struct	pub	crates/holonics/src/hnn/propagation.rs	1322	parametron, pair contact, clocked transport	declaration inventoried; detailed owner/consumer review pending; no rename or deletion inferred	module-role mapping only
TickBalance	struct	pub	crates/holonics/src/hnn/propagation.rs	1519	parametron, pair contact, clocked transport	declaration inventoried; detailed owner/consumer review pending; no rename or deletion inferred	module-role mapping only
Rows	struct	pub(crate)	crates/holonics/src/hnn/propagation.rs	1556	parametron, pair contact, clocked transport	declaration inventoried; detailed owner/consumer review pending; no rename or deletion inferred	module-role mapping only
Face	struct	pub	crates/holonics/src/hnn/ratio.rs	128	ratio, receiving faces, coholon	declaration inventoried; detailed owner/consumer review pending; no rename or deletion inferred	module-role mapping only
Faces	struct	pub	crates/holonics/src/hnn/ratio.rs	240	partitioned complex receiving faces and grain fibres	retain receiver-relative view; not a universal probability distribution	source-reviewed
TargetPhases	struct	pub	crates/holonics/src/hnn/ratio.rs	263	ratio, receiving faces, coholon	declaration inventoried; detailed owner/consumer review pending; no rename or deletion inferred	module-role mapping only
PhaseRatio	struct	pub	crates/holonics/src/hnn/ratio.rs	314	ratio, receiving faces, coholon	declaration inventoried; detailed owner/consumer review pending; no rename or deletion inferred	module-role mapping only
HolonRatio	struct	pub	crates/holonics/src/hnn/ratio.rs	341	complex comparison in declared receiving chart	retain ratio/phase branch; no universal scalar decrease	source-reviewed
RatioCovector	struct	pub	crates/holonics/src/hnn/ratio.rs	501	ratio, receiving faces, coholon	declaration inventoried; detailed owner/consumer review pending; no rename or deletion inferred	module-role mapping only
DeclaringFace	struct	pub(crate)	crates/holonics/src/hnn/receiving/declaration.rs	93	receiver, clock, navigator	declaration inventoried; detailed owner/consumer review pending; no rename or deletion inferred	module-role mapping only
ReceivingRead	struct	pub	crates/holonics/src/hnn/receiving.rs	194	receiver, clock, navigator	declaration inventoried; detailed owner/consumer review pending; no rename or deletion inferred	module-role mapping only
Feature	enum	pub	crates/holonics/src/hnn/receiving.rs	298	receiver, clock, navigator	declaration inventoried; detailed owner/consumer review pending; no rename or deletion inferred	module-role mapping only
FeatureFamily	struct	pub	crates/holonics/src/hnn/receiving.rs	349	receiver, clock, navigator	declaration inventoried; detailed owner/consumer review pending; no rename or deletion inferred	module-role mapping only
LetterReader	struct	pub	crates/holonics/src/hnn/receiving.rs	443	receiver, clock, navigator	declaration inventoried; detailed owner/consumer review pending; no rename or deletion inferred	module-role mapping only
ActiveAddress	struct	pub	crates/holonics/src/hnn/receiving.rs	715	receiver, clock, navigator	declaration inventoried; detailed owner/consumer review pending; no rename or deletion inferred	module-role mapping only
ReceivingStep	struct	pub	crates/holonics/src/hnn/receiving.rs	1100	receiver, clock, navigator	declaration inventoried; detailed owner/consumer review pending; no rename or deletion inferred	module-role mapping only
Scored	struct	pub	crates/holonics/src/hnn/receiving.rs	1122	receiver, clock, navigator	declaration inventoried; detailed owner/consumer review pending; no rename or deletion inferred	module-role mapping only
RankScope	enum	pub	crates/holonics/src/hnn/receiving.rs	1272	receiver, clock, navigator	declaration inventoried; detailed owner/consumer review pending; no rename or deletion inferred	module-role mapping only
SourceObserverView	struct	pub	crates/holonics/src/hnn/receiving.rs	1286	declared current-source analysis receiving view	retain scope; no full context or material-return claim	source-reviewed
SourceObserverReceipt	struct	pub	crates/holonics/src/hnn/receiving.rs	1298	receiver, clock, navigator	declaration inventoried; detailed owner/consumer review pending; no rename or deletion inferred	module-role mapping only
ReceivingCarrier	enum	pub	crates/holonics/src/hnn/receiving.rs	1654	receiver, clock, navigator	declaration inventoried; detailed owner/consumer review pending; no rename or deletion inferred	module-role mapping only
SourceObserverMaterial	struct	pub	crates/holonics/src/hnn/receiving.rs	1663	current-source R-only receiving material	retain bounded derivative scope; classification margins are spent diagnostics	source-reviewed
ReceivingPhases	struct	pub	crates/holonics/src/hnn/receiving.rs	1749	declared receiver sections and clock	retain matched producing frame; clock is not a loop counter	source-reviewed
Resident	struct	pub	crates/holonics/src/hnn/reference.rs	475	continuing Holon current plus execution-port state	retain canonical execution owner; unify physical state only through matched chart/clock/work contracts	source-reviewed
ChartTally	struct	pub	crates/holonics/src/hnn/reference.rs	511	Holon current, receiver, aeon, receipt	declaration inventoried; detailed owner/consumer review pending; no rename or deletion inferred	module-role mapping only
WallTimes	struct	pub	crates/holonics/src/hnn/reference.rs	558	Holon current, receiver, aeon, receipt	declaration inventoried; detailed owner/consumer review pending; no rename or deletion inferred	module-role mapping only
ComparePhase	struct	pub	crates/holonics/src/hnn/reference.rs	649	Holon current, receiver, aeon, receipt	declaration inventoried; detailed owner/consumer review pending; no rename or deletion inferred	module-role mapping only
BudgetStop	struct	pub	crates/holonics/src/hnn/reference.rs	708	Holon current, receiver, aeon, receipt	declaration inventoried; detailed owner/consumer review pending; no rename or deletion inferred	module-role mapping only
Reference	struct	pub	crates/holonics/src/hnn/reference.rs	882	Holon current, receiver, aeon, receipt	declaration inventoried; detailed owner/consumer review pending; no rename or deletion inferred	module-role mapping only
Reception	enum	pub	crates/holonics/src/hnn/reference.rs	901	Holon current, receiver, aeon, receipt	declaration inventoried; detailed owner/consumer review pending; no rename or deletion inferred	module-role mapping only
ComposedReturn	struct	pub	crates/holonics/src/hnn/reference.rs	2208	Holon current, receiver, aeon, receipt	declaration inventoried; detailed owner/consumer review pending; no rename or deletion inferred	module-role mapping only
Cut	struct	pub	crates/holonics/src/hnn/reference.rs	2931	Holon current, receiver, aeon, receipt	declaration inventoried; detailed owner/consumer review pending; no rename or deletion inferred	module-role mapping only
Bits	struct	pub	crates/holonics/src/hnn/reference.rs	2977	Holon current, receiver, aeon, receipt	declaration inventoried; detailed owner/consumer review pending; no rename or deletion inferred	module-role mapping only
KeyReport	struct	pub	crates/holonics/src/hnn/reference.rs	3009	Holon current, receiver, aeon, receipt	declaration inventoried; detailed owner/consumer review pending; no rename or deletion inferred	module-role mapping only
StateReport	struct	pub	crates/holonics/src/hnn/reference.rs	3021	Holon current, receiver, aeon, receipt	declaration inventoried; detailed owner/consumer review pending; no rename or deletion inferred	module-role mapping only
CurvePoint	struct	pub	crates/holonics/src/hnn/reference.rs	3040	Holon current, receiver, aeon, receipt	declaration inventoried; detailed owner/consumer review pending; no rename or deletion inferred	module-role mapping only
Exposure	struct	pub	crates/holonics/src/hnn/reference.rs	3068	Holon current, receiver, aeon, receipt	declaration inventoried; detailed owner/consumer review pending; no rename or deletion inferred	module-role mapping only
PopulationReport	struct	pub	crates/holonics/src/hnn/reference.rs	3129	Holon current, receiver, aeon, receipt	declaration inventoried; detailed owner/consumer review pending; no rename or deletion inferred	module-role mapping only
AeonCourse	struct	pub	crates/holonics/src/hnn/reference.rs	3182	Holon current, receiver, aeon, receipt	declaration inventoried; detailed owner/consumer review pending; no rename or deletion inferred	module-role mapping only
WordReport	struct	pub	crates/holonics/src/hnn/reference.rs	3254	Holon current, receiver, aeon, receipt	declaration inventoried; detailed owner/consumer review pending; no rename or deletion inferred	module-role mapping only
ChainedBalances	struct	pub	crates/holonics/src/hnn/reference.rs	3273	Holon current, receiver, aeon, receipt	declaration inventoried; detailed owner/consumer review pending; no rename or deletion inferred	module-role mapping only
WordBalances	struct	pub	crates/holonics/src/hnn/reference.rs	3317	Holon current, receiver, aeon, receipt	declaration inventoried; detailed owner/consumer review pending; no rename or deletion inferred	module-role mapping only
ReadoutWall	struct	pub	crates/holonics/src/hnn/reference.rs	3352	Holon current, receiver, aeon, receipt	declaration inventoried; detailed owner/consumer review pending; no rename or deletion inferred	module-role mapping only
ContactAblation	struct	pub	crates/holonics/src/hnn/reference.rs	3421	Holon current, receiver, aeon, receipt	declaration inventoried; detailed owner/consumer review pending; no rename or deletion inferred	module-role mapping only
CumulativeContacts	struct	pub	crates/holonics/src/hnn/reference.rs	3473	Holon current, receiver, aeon, receipt	declaration inventoried; detailed owner/consumer review pending; no rename or deletion inferred	module-role mapping only
AblationOptions	struct	pub	crates/holonics/src/hnn/reference.rs	3504	Holon current, receiver, aeon, receipt	declaration inventoried; detailed owner/consumer review pending; no rename or deletion inferred	module-role mapping only
DepositDescent	struct	pub	crates/holonics/src/hnn/reference.rs	3525	Holon current, receiver, aeon, receipt	declaration inventoried; detailed owner/consumer review pending; no rename or deletion inferred	module-role mapping only
AblationRun	struct	pub	crates/holonics/src/hnn/reference.rs	3538	Holon current, receiver, aeon, receipt	declaration inventoried; detailed owner/consumer review pending; no rename or deletion inferred	module-role mapping only
Released	struct	pub	crates/holonics/src/hnn/reference.rs	3556	Holon current, receiver, aeon, receipt	declaration inventoried; detailed owner/consumer review pending; no rename or deletion inferred	module-role mapping only
ReceiverStep	struct	pub	crates/holonics/src/hnn/reference.rs	3566	Holon current, receiver, aeon, receipt	declaration inventoried; detailed owner/consumer review pending; no rename or deletion inferred	module-role mapping only
ExposedResident	trait	pub	crates/holonics/src/hnn/reference.rs	4212	Holon current, receiver, aeon, receipt	declaration inventoried; detailed owner/consumer review pending; no rename or deletion inferred	module-role mapping only
Declared	struct	pub	crates/holonics/src/hnn/reference.rs	4293	Holon current, receiver, aeon, receipt	declaration inventoried; detailed owner/consumer review pending; no rename or deletion inferred	module-role mapping only
Coded	struct	pub	crates/holonics/src/hnn/reference.rs	4803	Holon current, receiver, aeon, receipt	declaration inventoried; detailed owner/consumer review pending; no rename or deletion inferred	module-role mapping only
TreeRun	struct	pub	crates/holonics/src/hnn/reference.rs	4816	Holon current, receiver, aeon, receipt	declaration inventoried; detailed owner/consumer review pending; no rename or deletion inferred	module-role mapping only
Prequential	struct	pub	crates/holonics/src/hnn/reference.rs	4830	Holon current, receiver, aeon, receipt	declaration inventoried; detailed owner/consumer review pending; no rename or deletion inferred	module-role mapping only
Diamond	struct	pub	crates/holonics/src/hnn/retention.rs	122	causal intersection of forward reach and backward observation	retain certified support/clock window; no crystal/thermal/spectral claim follows from name	source-reviewed
Opens	enum	pub	crates/holonics/src/hnn/retention.rs	356	causal reach, future-sufficient quotient	declaration inventoried; detailed owner/consumer review pending; no rename or deletion inferred	module-role mapping only
Collapse	struct	pub	crates/holonics/src/hnn/retention.rs	435	causal reach, future-sufficient quotient	declaration inventoried; detailed owner/consumer review pending; no rename or deletion inferred	module-role mapping only
AeonBoundary	struct	pub	crates/holonics/src/hnn/retention.rs	570	causal reach, future-sufficient quotient	declaration inventoried; detailed owner/consumer review pending; no rename or deletion inferred	module-role mapping only
PumpStep	enum	pub	crates/holonics/src/hnn/ring.rs	352	parametron, navigator, mode, constitution	declaration inventoried; detailed owner/consumer review pending; no rename or deletion inferred	module-role mapping only
PumpDeclaration	struct	pub	crates/holonics/src/hnn/ring.rs	407	parametron, navigator, mode, constitution	declaration inventoried; detailed owner/consumer review pending; no rename or deletion inferred	module-role mapping only
PumpSchedule	struct	pub	crates/holonics/src/hnn/ring.rs	514	parametron, navigator, mode, constitution	declaration inventoried; detailed owner/consumer review pending; no rename or deletion inferred	module-role mapping only
ResonatorMaterial	struct	pub	crates/holonics/src/hnn/ring.rs	654	parametron, navigator, mode, constitution	declaration inventoried; detailed owner/consumer review pending; no rename or deletion inferred	module-role mapping only
ResonatorChart	struct	pub	crates/holonics/src/hnn/ring.rs	1125	parametron, navigator, mode, constitution	declaration inventoried; detailed owner/consumer review pending; no rename or deletion inferred	module-role mapping only
ResonatorOperands	struct	pub	crates/holonics/src/hnn/ring.rs	1136	parametron, navigator, mode, constitution	declaration inventoried; detailed owner/consumer review pending; no rename or deletion inferred	module-role mapping only
ResonatorStep	struct	pub	crates/holonics/src/hnn/ring.rs	1150	parametron, navigator, mode, constitution	declaration inventoried; detailed owner/consumer review pending; no rename or deletion inferred	module-role mapping only
ResonatorRemainders	struct	pub	crates/holonics/src/hnn/ring.rs	1184	parametron, navigator, mode, constitution	declaration inventoried; detailed owner/consumer review pending; no rename or deletion inferred	module-role mapping only
FloquetRefusal	enum	pub	crates/holonics/src/hnn/ring.rs	1703	parametron, navigator, mode, constitution	declaration inventoried; detailed owner/consumer review pending; no rename or deletion inferred	module-role mapping only
Placement	struct	pub	crates/holonics/src/hnn/ring.rs	1758	parametron, navigator, mode, constitution	declaration inventoried; detailed owner/consumer review pending; no rename or deletion inferred	module-role mapping only
Floquet	struct	pub	crates/holonics/src/hnn/ring.rs	1769	parametron, navigator, mode, constitution	declaration inventoried; detailed owner/consumer review pending; no rename or deletion inferred	module-role mapping only
Growth	struct	pub	crates/holonics/src/hnn/ring.rs	2049	parametron, navigator, mode, constitution	declaration inventoried; detailed owner/consumer review pending; no rename or deletion inferred	module-role mapping only
FloquetCertificate	struct	pub	crates/holonics/src/hnn/ring.rs	2420	parametron, navigator, mode, constitution	declaration inventoried; detailed owner/consumer review pending; no rename or deletion inferred	module-role mapping only
FloquetReading	enum	pub	crates/holonics/src/hnn/ring.rs	2466	parametron, navigator, mode, constitution	declaration inventoried; detailed owner/consumer review pending; no rename or deletion inferred	module-role mapping only
FloquetBound	struct	pub	crates/holonics/src/hnn/ring.rs	2507	parametron, navigator, mode, constitution	declaration inventoried; detailed owner/consumer review pending; no rename or deletion inferred	module-role mapping only
LockedSheets	struct	pub	crates/holonics/src/hnn/ring.rs	2544	parametron, navigator, mode, constitution	declaration inventoried; detailed owner/consumer review pending; no rename or deletion inferred	module-role mapping only
ReceivingBank	struct	pub	crates/holonics/src/hnn/ring.rs	2599	parametron, navigator, mode, constitution	declaration inventoried; detailed owner/consumer review pending; no rename or deletion inferred	module-role mapping only
TurnReading	struct	pub	crates/holonics/src/hnn/ring.rs	2903	parametron, navigator, mode, constitution	declaration inventoried; detailed owner/consumer review pending; no rename or deletion inferred	module-role mapping only
TurnCertificate	struct	pub	crates/holonics/src/hnn/ring.rs	2912	parametron, navigator, mode, constitution	declaration inventoried; detailed owner/consumer review pending; no rename or deletion inferred	module-role mapping only
BankReading	struct	pub	crates/holonics/src/hnn/ring.rs	2920	parametron, navigator, mode, constitution	declaration inventoried; detailed owner/consumer review pending; no rename or deletion inferred	module-role mapping only
CovectorRefusal	enum	pub	crates/holonics/src/hnn/ring.rs	2969	parametron, navigator, mode, constitution	declaration inventoried; detailed owner/consumer review pending; no rename or deletion inferred	module-role mapping only
DominantMultiplier	struct	pub	crates/holonics/src/hnn/ring.rs	2987	parametron, navigator, mode, constitution	declaration inventoried; detailed owner/consumer review pending; no rename or deletion inferred	module-role mapping only
MemberCovector	enum	pub	crates/holonics/src/hnn/ring.rs	2997	parametron, navigator, mode, constitution	declaration inventoried; detailed owner/consumer review pending; no rename or deletion inferred	module-role mapping only
TurnCovector	struct	pub	crates/holonics/src/hnn/ring.rs	3039	parametron, navigator, mode, constitution	declaration inventoried; detailed owner/consumer review pending; no rename or deletion inferred	module-role mapping only
TurnVariation	struct	pub	crates/holonics/src/hnn/ring.rs	3049	parametron, navigator, mode, constitution	declaration inventoried; detailed owner/consumer review pending; no rename or deletion inferred	module-role mapping only
DirectionalRoutes	struct	pub	crates/holonics/src/hnn/ring.rs	3060	parametron, navigator, mode, constitution	declaration inventoried; detailed owner/consumer review pending; no rename or deletion inferred	module-role mapping only
PortScattering	struct	pub(crate)	crates/holonics/src/hnn/ring.rs	3960	parametron, navigator, mode, constitution	declaration inventoried; detailed owner/consumer review pending; no rename or deletion inferred	module-role mapping only
Next	type	pub(crate)	crates/holonics/src/hnn/state_text.rs	11	exterior representation	declaration inventoried; detailed owner/consumer review pending; no rename or deletion inferred	module-role mapping only
ContactCut	struct	pub	crates/holonics/src/hnn/word/continuation.rs	25	ephemeral reached current and bound comparison return	retain consumed lifecycle proof; not a second resident or retention archive	source-reviewed
ContinuationReceipt	struct	pub	crates/holonics/src/hnn/word/continuation.rs	40	clocked tube passage, current, reception, work	declaration inventoried; detailed owner/consumer review pending; no rename or deletion inferred	module-role mapping only
ContactStorageMove	struct	pub	crates/holonics/src/hnn/word/continuation.rs	59	clocked tube passage, current, reception, work	declaration inventoried; detailed owner/consumer review pending; no rename or deletion inferred	module-role mapping only
WorkRead	struct	pub	crates/holonics/src/hnn/word/work.rs	9	clocked tube passage, current, reception, work	declaration inventoried; detailed owner/consumer review pending; no rename or deletion inferred	module-role mapping only
Event	enum	pub(crate)	crates/holonics/src/hnn/word/work.rs	58	clocked tube passage, current, reception, work	declaration inventoried; detailed owner/consumer review pending; no rename or deletion inferred	module-role mapping only
Passage	struct	pub(crate)	crates/holonics/src/hnn/word.rs	127	clocked tube passage, current, reception, work	declaration inventoried; detailed owner/consumer review pending; no rename or deletion inferred	module-role mapping only
Word	struct	pub	crates/holonics/src/hnn/word.rs	170	clocked tube passage on one material cut	retain lifecycle; correct rest-only header; do not replace by packet or stream model	source-reviewed
Resonance	struct	pub	crates/holonics/src/hnn/word.rs	213	clocked tube passage, current, reception, work	declaration inventoried; detailed owner/consumer review pending; no rename or deletion inferred	module-role mapping only
ResonatorBalance	struct	pub	crates/holonics/src/hnn/word.rs	229	clocked tube passage, current, reception, work	declaration inventoried; detailed owner/consumer review pending; no rename or deletion inferred	module-role mapping only
FieldBalance	struct	pub	crates/holonics/src/hnn/word.rs	294	clocked tube passage, current, reception, work	declaration inventoried; detailed owner/consumer review pending; no rename or deletion inferred	module-role mapping only
EndChange	struct	pub	crates/holonics/src/hnn/word.rs	367	field current in wave/contact/resonator chart	retain configuration; source clock Current alone cannot replace it	source-reviewed
ReceptionCarry	struct	pub	crates/holonics/src/hnn/word.rs	395	canonical carried current and port references	retain full change, momenta, pump/tick and references; use existing library point only at matched commit	source-reviewed
Absorption	enum	pub	crates/holonics/src/hnn/word.rs	869	clocked tube passage, current, reception, work	declaration inventoried; detailed owner/consumer review pending; no rename or deletion inferred	module-role mapping only
SourceOpeningReceipt	struct	pub	crates/holonics/src/hnn/word.rs	878	clocked tube passage, current, reception, work	declaration inventoried; detailed owner/consumer review pending; no rename or deletion inferred	module-role mapping only
ChartedSourceOpeningReceipt	struct	pub	crates/holonics/src/hnn/word.rs	897	clocked tube passage, current, reception, work	declaration inventoried; detailed owner/consumer review pending; no rename or deletion inferred	module-role mapping only
WordOpening	enum	pub	crates/holonics/src/hnn/word.rs	914	clocked tube passage, current, reception, work	declaration inventoried; detailed owner/consumer review pending; no rename or deletion inferred	module-role mapping only
PowerForm	struct	pub	crates/holonics/src/hnn/word.rs	955	clocked tube passage, current, reception, work	declaration inventoried; detailed owner/consumer review pending; no rename or deletion inferred	module-role mapping only
Held	struct	pub	crates/holonics/src/hnn/word.rs	1227	clocked tube passage, current, reception, work	declaration inventoried; detailed owner/consumer review pending; no rename or deletion inferred	module-role mapping only
CommitWork	struct	pub	crates/holonics/src/hnn/word.rs	1237	clocked tube passage, current, reception, work	declaration inventoried; detailed owner/consumer review pending; no rename or deletion inferred	module-role mapping only
WordBalance	struct	pub	crates/holonics/src/hnn/word.rs	1254	clocked tube passage, current, reception, work	declaration inventoried; detailed owner/consumer review pending; no rename or deletion inferred	module-role mapping only
ChainedBalance	struct	pub	crates/holonics/src/hnn/word.rs	1458	clocked tube passage, current, reception, work	declaration inventoried; detailed owner/consumer review pending; no rename or deletion inferred	module-role mapping only
Released	struct	pub	crates/holonics/src/hnn/word.rs	1607	clocked tube passage, current, reception, work	declaration inventoried; detailed owner/consumer review pending; no rename or deletion inferred	module-role mapping only
KeptWord	struct	pub(crate)	crates/holonics/src/hnn/word.rs	3188	clocked tube passage, current, reception, work	declaration inventoried; detailed owner/consumer review pending; no rename or deletion inferred	module-role mapping only
