# carry	a	b	primitive exact integer coefficient; source9410077e; affine kernel fixture only
0	1	0	10175194152087407498911486681372783274262106930796802936088888293594130713599820702737388646144
0	2	0	375106917479724645159599685992391858537474607822837343916792274863924713759040854357436250093755
0	3	0	-201789722997737745448511920806098402898592040267055252895332230366273715496510348501889624079526
0	0	1	37985875964371044253458162524555655277459431796251563891070753075852190063452335930978975258432
0	0	2	350230625604916953337707798495132741113692136021951563951855545887129787564645241463056151253371
0	0	3	-268897797948555192874644422923790777648018751106721559813335606835180009770774647075220881851046
3	0	0	-1708470980730568545453449623126695834244222120061075066113560437666954547351947895452395477692069
6	0	0	528346026102637997249310122219551117006541178748304156472502424275810419673208012331681159740010
9	0	0	287670566361448585453765754595494854011012540263989851416722157594263193154606013401513574276875
0	0	0	589643296011674850823852956348086005570390909850720596237196230877833837690680612842102484354054
