x	y	z	k	sx	sy	sz	sk	fixed	population
2	2	2	2	0	0	0	0	2	240
2	5	6	3	0	1	1	1	0	8
2	4	5	3	0	1	1	1	0	62
2	6	8	6	0	1	1	1	0	6
2	3	4	3	0	1	1	1	0	52
2	7	10	11	0	1	1	1	0	4
2	4	6	6	0	1	1	1	0	82
2	5	8	11	0	1	1	1	0	12
2	2	3	3	0	0	1	1	0	74
2	6	10	18	0	1	1	1	0	8
2	4	7	11	0	1	1	1	0	72
2	5	10	27	0	1	1	1	0	4
2	2	4	6	0	0	1	1	0	84
2	2	5	11	0	0	1	1	0	84
2	2	6	18	0	0	1	1	0	46
2	5	7	6	0	1	1	1	0	8
2	3	5	6	0	1	1	1	0	20
2	7	13	38	0	1	1	1	0	4
2	4	8	18	0	1	1	1	0	26
2	5	11	38	0	1	1	1	0	4
2	6	14	66	0	1	1	1	0	8
2	4	10	38	0	1	1	1	0	30
2	5	15	102	0	1	1	1	0	4
2	2	8	38	0	0	1	1	0	20
2	2	10	66	0	0	1	1	0	4
2	6	12	38	0	1	1	1	0	6
2	3	6	11	0	1	1	1	0	20
2	7	16	83	0	1	1	1	0	4
2	5	14	83	0	1	1	1	0	4
2	6	18	146	0	1	1	1	0	2
2	4	13	83	0	1	1	1	0	10
2	5	20	227	0	1	1	1	0	4
2	2	11	83	0	0	1	1	0	10
2	2	14	146	0	0	1	1	0	4
2	5	9	18	0	1	1	1	0	8
2	3	7	18	0	1	1	1	0	4
2	7	19	146	0	1	1	1	0	4
2	4	12	66	0	1	1	1	0	4
2	5	17	146	0	1	1	1	0	4
2	6	22	258	0	1	1	1	0	2
2	4	16	146	0	1	1	1	0	2
2	5	25	402	0	1	1	1	0	4
2	2	18	258	0	0	1	1	0	2
5	2	6	3	1	0	1	1	0	8
5	2	7	6	1	0	1	1	0	8
5	2	8	11	1	0	1	1	0	12
5	2	9	18	1	0	1	1	0	8
5	5	23	2	1	1	1	0	2	8
5	4	18	3	1	1	1	1	0	12
5	5	22	-18	1	1	1	1	0	12
5	6	29	30	1	1	1	1	0	16
5	3	13	6	1	1	1	1	0	8
5	4	16	-25	1	1	1	1	0	8
5	5	19	-66	1	1	1	1	0	8
5	7	34	38	1	1	1	1	0	8
5	4	20	39	1	1	1	1	0	12
5	6	25	-66	1	1	1	1	0	8
5	5	27	102	1	1	1	1	0	12
5	3	10	-18	1	1	1	1	0	4
5	4	12	-57	1	1	1	1	0	4
5	5	14	-106	1	1	1	1	0	4
5	7	25	-178	1	1	1	1	0	4
5	5	30	198	1	1	1	1	0	8
5	2	11	38	1	0	1	1	0	4
5	4	14	-45	1	1	1	1	0	4
5	6	17	-162	1	1	1	1	0	4
5	2	14	83	1	0	1	1	0	4
5	5	18	-78	1	1	1	1	0	4
5	2	17	146	1	0	1	1	0	4
4	2	5	3	1	0	1	1	0	62
4	2	6	6	1	0	1	1	0	82
4	2	7	11	1	0	1	1	0	72
4	2	8	18	1	0	1	1	0	26
4	5	18	3	1	1	1	1	0	12
4	4	14	2	1	1	1	0	2	30
4	6	22	6	1	1	1	1	0	10
4	3	10	3	1	1	1	1	0	40
4	4	13	-9	1	1	1	1	0	40
4	5	16	-25	1	1	1	1	0	8
4	7	26	11	1	1	1	1	0	8
4	4	15	15	1	1	1	1	0	60
4	6	20	-30	1	1	1	1	0	8
4	5	20	39	1	1	1	1	0	12
4	3	8	-9	1	1	1	1	0	20
4	4	10	-30	1	1	1	1	0	20
4	5	12	-57	1	1	1	1	0	4
4	7	20	-97	1	1	1	1	0	4
4	5	22	83	1	1	1	1	0	4
4	4	11	-25	1	1	1	1	0	20
4	6	14	-90	1	1	1	1	0	4
4	2	10	38	1	0	1	1	0	30
4	5	14	-45	1	1	1	1	0	4
4	2	12	66	1	0	1	1	0	4
5	3	14	18	1	1	1	1	0	4
5	7	37	146	1	1	1	1	0	4
5	4	22	83	1	1	1	1	0	4
5	2	10	27	1	0	1	1	0	4
5	6	37	318	1	1	1	1	0	4
5	4	26	195	1	1	1	1	0	4
5	5	39	594	1	1	1	1	0	4
5	2	15	102	1	0	1	1	0	4
5	5	38	542	1	1	1	1	0	4
5	2	20	227	1	0	1	1	0	4
5	2	25	402	1	0	1	1	0	4
6	2	8	6	1	0	1	1	0	6
6	2	10	18	1	0	1	1	0	8
6	2	12	38	1	0	1	1	0	6
6	2	14	66	1	0	1	1	0	8
6	5	29	30	1	1	1	1	0	16
6	4	22	6	1	1	1	1	0	10
6	6	34	2	1	1	1	0	2	4
6	3	15	-2	1	1	1	0	0	6
6	4	20	-30	1	1	1	1	0	8
6	5	25	-66	1	1	1	1	0	8
6	7	39	-34	1	1	1	1	0	6
6	6	30	-110	1	1	1	1	0	8
6	3	11	-34	1	1	1	1	0	2
6	4	14	-90	1	1	1	1	0	4
6	5	17	-162	1	1	1	1	0	4
6	7	27	-322	1	1	1	1	0	2
6	6	18	-254	1	1	1	1	0	2
3	2	4	3	1	0	1	1	0	52
3	2	5	6	1	0	1	1	0	20
3	2	6	11	1	0	1	1	0	20
3	2	7	18	1	0	1	1	0	4
3	5	13	6	1	1	1	1	0	8
3	4	10	3	1	1	1	1	0	40
3	5	14	18	1	1	1	1	0	4
3	6	15	-2	1	1	1	0	0	6
3	3	7	2	1	1	1	0	2	10
3	7	18	2	1	1	1	0	2	2
3	3	6	-2	1	1	1	0	0	10
3	4	8	-9	1	1	1	1	0	20
3	5	10	-18	1	1	1	1	0	4
3	7	15	-34	1	1	1	1	0	2
3	6	11	-34	1	1	1	1	0	2
4	6	26	102	1	1	1	1	0	2
4	4	18	66	1	1	1	1	0	10
4	5	26	195	1	1	1	1	0	4
4	2	13	83	1	0	1	1	0	10
4	2	16	146	1	0	1	1	0	2
7	2	10	11	1	0	1	1	0	4
7	2	13	38	1	0	1	1	0	4
7	2	16	83	1	0	1	1	0	4
7	2	19	146	1	0	1	1	0	4
7	5	34	38	1	1	1	1	0	8
7	4	26	11	1	1	1	1	0	8
7	5	37	146	1	1	1	1	0	4
7	6	39	-34	1	1	1	1	0	6
7	3	18	2	1	1	1	0	2	2
7	7	47	2	1	1	1	0	2	2
7	3	15	-34	1	1	1	1	0	2
7	4	20	-97	1	1	1	1	0	4
7	5	25	-178	1	1	1	1	0	4
7	7	38	-322	1	1	1	1	0	2
7	6	27	-322	1	1	1	1	0	2
6	6	38	146	1	1	1	1	0	2
6	4	26	102	1	1	1	1	0	2
6	5	37	318	1	1	1	1	0	4
6	2	18	146	1	0	1	1	0	2
6	2	22	258	1	0	1	1	0	2
2	0	-1	3	0	-1	-1	1	0	64
2	1	0	3	0	-1	-1	1	0	32
2	2	1	3	0	0	-1	1	0	72
2	0	-2	6	0	-1	0	1	0	80
2	0	2	6	0	-1	0	1	0	80
2	1	2	3	0	-1	0	1	0	32
2	0	1	3	0	-1	-1	1	0	64
2	4	3	3	0	1	1	1	0	56
2	3	2	3	0	1	0	1	0	48
2	4	2	6	0	1	0	1	0	72
2	4	1	11	0	1	-1	1	0	64
2	2	0	6	0	0	-1	1	0	80
2	2	-1	11	0	0	-1	1	0	80
2	1	-1	6	0	-1	-1	1	0	16
2	0	-4	18	0	-1	1	1	0	16
2	0	4	18	0	-1	1	1	0	16
2	1	3	6	0	-1	1	1	0	16
2	3	1	6	0	1	-1	1	0	16
2	4	0	18	0	1	-1	1	0	16
2	4	-2	38	0	1	0	1	0	24
2	2	-2	18	0	0	0	1	0	40
2	2	-4	38	0	0	1	1	0	16
2	0	-3	11	0	-1	1	1	0	32
2	1	-2	11	0	-1	0	1	0	32
2	0	-6	38	0	-1	1	1	0	16
2	0	6	38	0	-1	1	1	0	16
2	1	4	11	0	-1	1	1	0	32
2	0	3	11	0	-1	1	1	0	32
2	3	0	11	0	1	-1	1	0	16
2	4	-5	83	0	1	1	1	0	8
2	2	-7	83	0	0	1	1	0	8
4	0	-2	18	1	-1	0	1	0	48
4	1	0	15	1	-1	-1	1	0	32
4	0	-1	15	1	-1	-1	1	0	64
4	2	1	11	1	0	-1	1	0	64
4	0	-5	39	1	-1	1	1	0	32
4	0	5	39	1	-1	1	1	0	32
4	1	4	15	1	-1	1	1	0	32
4	0	1	15	1	-1	-1	1	0	64
4	0	2	18	1	-1	0	1	0	48
4	2	3	3	1	0	1	1	0	56
4	1	2	11	1	-1	0	1	0	32
4	2	2	6	1	0	0	1	0	72
4	4	6	-30	1	1	1	1	0	16
4	3	4	-9	1	1	1	1	0	16
4	4	3	-9	1	1	1	1	0	32
4	4	5	-25	1	1	1	1	0	16
4	3	2	3	1	1	0	1	0	32
4	4	2	2	1	1	0	0	2	24
4	4	1	15	1	1	-1	1	0	48
4	2	0	18	1	0	-1	1	0	16
4	2	-2	38	1	0	0	1	0	24
0	2	-1	3	-1	0	-1	1	0	64
0	2	-2	6	-1	0	0	1	0	80
0	2	-3	11	-1	0	1	1	0	32
0	4	-2	18	-1	1	0	1	0	48
0	0	-2	2	-1	-1	0	0	2	32
0	3	0	7	-1	1	-1	1	0	64
0	4	-1	15	-1	1	-1	1	0	64
0	4	1	15	-1	1	-1	1	0	64
0	2	1	3	-1	0	-1	1	0	64
0	1	-2	3	-1	-1	0	1	0	32
0	0	-3	7	-1	-1	1	1	0	80
0	2	2	6	-1	0	0	1	0	80
0	3	2	11	-1	1	0	1	0	16
0	4	2	18	-1	1	0	1	0	48
0	4	5	39	-1	1	1	1	0	32
0	2	4	18	-1	0	1	1	0	16
0	2	6	38	-1	0	1	1	0	16
0	0	3	7	-1	-1	1	1	0	80
0	1	2	3	-1	-1	0	1	0	32
0	0	2	2	-1	-1	0	0	2	32
0	1	4	15	-1	-1	1	1	0	16
0	2	5	27	-1	0	1	1	0	32
0	0	7	47	-1	-1	1	1	0	16
0	0	6	34	-1	-1	1	1	0	16
0	2	3	11	-1	0	1	1	0	32
0	3	-2	11	-1	1	0	1	0	16
0	2	-5	27	-1	0	1	1	0	32
0	4	-5	39	-1	1	1	1	0	32
0	1	-4	15	-1	-1	1	1	0	16
0	0	-6	34	-1	-1	1	1	0	16
0	2	-4	18	-1	0	1	1	0	16
0	0	-7	47	-1	-1	1	1	0	16
0	2	-6	38	-1	0	1	1	0	16
3	0	0	7	1	-1	-1	1	0	64
3	1	1	6	1	-1	-1	1	0	16
3	2	2	3	1	0	0	1	0	48
3	0	-2	11	1	-1	0	1	0	16
3	0	2	11	1	-1	0	1	0	16
3	1	2	6	1	-1	0	1	0	16
3	2	1	6	1	0	-1	1	0	16
3	2	0	11	1	0	-1	1	0	16
3	4	4	-9	1	1	1	1	0	16
3	3	3	-2	1	1	1	0	0	8
3	4	2	3	1	1	0	1	0	32
3	3	2	2	1	1	0	0	2	8
4	4	-2	66	1	1	0	1	0	8
4	2	-5	83	1	0	1	1	0	8
2	0	-5	27	0	-1	1	1	0	32
2	0	5	27	0	-1	1	1	0	32
1	2	0	3	-1	0	-1	1	0	32
1	2	-1	6	-1	0	-1	1	0	16
1	2	-2	11	-1	0	0	1	0	32
1	4	0	15	-1	1	-1	1	0	32
1	0	-2	3	-1	-1	0	1	0	32
1	3	1	6	-1	1	-1	1	0	16
1	4	2	11	-1	1	0	1	0	32
1	2	2	3	-1	0	0	1	0	32
1	1	-1	2	-1	-1	-1	0	2	8
1	3	2	6	-1	1	0	1	0	16
1	4	4	15	-1	1	1	1	0	32
1	2	3	6	-1	0	1	1	0	16
1	2	4	11	-1	0	1	1	0	32
1	0	2	3	-1	-1	0	1	0	32
1	1	2	2	-1	-1	0	0	2	8
1	1	3	6	-1	-1	1	1	0	8
1	0	4	15	-1	-1	1	1	0	16
1	1	-2	6	-1	-1	0	1	0	8
1	0	-4	15	-1	-1	1	1	0	16
