winding.linking-number	cycle, receipt	sign(c) = sgn det[t_over, t_under, w];  lk(a,b) = lk(b,a);  lkOver + lkUnder = lkTotal;  direction w ↦ −w or c·w (c>0) moves no sign;  HalvesAgree ⇒ lk = lkOver ∈ ℤ, lkTotal even	the linking number from an embedding and a declared projection is symmetric and projection-side independent	exact rational embedding; HalvesAgree (Seifert) carried as a Prop	L:Foundation/TopologicalReceiver:linkingTotal_comm; L:Foundation/TopologicalReceiver:linkingOver_add_linkingUnder; L:Foundation/TopologicalReceiver:linkingTotal_neg_direction; L:Foundation/TopologicalReceiver:linkingTotal_smul_direction; L:Foundation/TopologicalReceiver:linking_is_an_integer; L:Foundation/TopologicalReceiver:linkingTotal_even_of_halvesAgree	formal-checked	
winding.writhe-not-invariant	cycle, receipt	one direction: one positive self-crossing (writhe 1); another: none (writhe 0)	the projected writhe is not projection invariant	finite exact witness	L:Foundation/TopologicalReceiver:projectedWrithe_is_not_projection_invariant	counterexample	obstructs:winding.linking-number
winding.carry-cocycle	aeon, ratio, navigator	⌊(x+y)/n⌋ = ⌊x/n⌋ + ⌊y/n⌋ + carry(x,y), carry(a,b) = ⌊(a mod n + b mod n)/n⌋ ≤ 1;  carry(a,b) + carry(a+b,c) = carry(b,c) + carry(a,b+c)	helix = circle + carry: the carry is the exact defect of additivity of the winding, a single turn or none, and a cocycle	n > 0	L:Geometry/PhaseCarry:winding_add; L:Geometry/PhaseCarry:carry_le_one; L:Geometry/PhaseCarry:carry_cocycle; L:Geometry/PhaseCarry:carry; D:docs/WINDING_CARRY_AND_PLACEMENT.md; R:holonics::geometry::winding::carry; R:holonics::geometry::winding::winding	formal-checked	
winding.carry-is-content	aeon, ratio	ℤ/4 ≄ ℤ/2 × ℤ/2 (as additive groups)	the carry from the lower level into the upper is what a product of circles lacks: the gluing is content		L:Geometry/PhaseCarry:carried_circle_is_not_the_split_product	counterexample	uses:winding.carry-cocycle
winding.closed-loop-integer	cycle, aeon, complex	Σ increments ≡ 0 mod n ⇒ Σ increments = n·w, w ∈ ℤ	a closed loop of lifted phase increments has an integer winding: the Burgers step of a screw dislocation and the carry of the loop	integer increments	L:Geometry/PhaseCarry:closed_loop_has_integer_winding; R:holonics::geometry::winding::closed_loop_winding	formal-checked	
winding.odometer	navigator, aeon, epoch, key	odometer(a,b) = (a+1, b) if a+1 < n else (0, b+1);  digits(x+1) = odometer(digits x);  odometer^k(a,b) = ((a+k) mod n, b + ⌊(a+k)/n⌋)	the odometer is +1 in the digit chart: the upper level advances by the winding of the lower (the rotor stepping of an Enigma)	a < n, n > 0	L:Geometry/PhaseCarry:odometer; L:Geometry/PhaseCarry:digits_succ; L:Geometry/PhaseCarry:odometer_iterate; R:holonics::geometry::winding::Odometer	formal-checked	uses:winding.carry-cocycle
winding.state-retains-carry	navigator, aeon	Sⁿ = C ⇒ S^(d + nk) = S^d · C^k	carried material factors through the phase modulo closure while the state retains the winding as a central carry	group element S	L:Geometry/PhaseCarry:zpow_add_mul_carry	formal-checked	uses:winding.carry-cocycle
winding.ledger	cycle, receipt, aeon	ledger(polygon) = [(site, endpoints, hand)] computed by the ray test; net = Σ hands is a face of the hand column; square: 1 upward crossing; doubled loop: two sites, winding 2; reversal swaps hands and negates the net	the crossing ledger is derived from the polygon, never declared; the winding net is a receiver face of it	exact ℤ² polygons	L:Geometry/WindingLedger:ledger; L:Geometry/WindingLedger:theNetIsAFaceOfTheLedger; L:Geometry/WindingLedger:theSquareWindsOnceAboutItsInterior; L:Geometry/WindingLedger:theDoubledLoopWindsTwiceOverTwoDistinctSites; L:Geometry/WindingLedger:theReversedLoopSwapsTheHandAndNegatesTheNet	formal-checked	
winding.crossing-site-on-ray	cycle, receipt	upward: s₂ < 0 < e₂ ∧ cross(s,e) > 0; downward: s₂ > 0 > e₂ ∧ cross(s,e) < 0; meeting abscissa = cross(s,e)/(e₂ − s₂) > 0 in both; hands exclusive	both hands cross one declared positive ray; the incidence condition is geometric, not authored	ℚ	L:Geometry/WindingLedger:theCrossingSiteIsTheAffineMeetingWithTheAxis; L:Geometry/WindingLedger:theWithTurnCrossingSitsOnThePositiveRay; L:Geometry/WindingLedger:theTwoHandsCannotBothFire	formal-checked	uses:winding.ledger
winding.two-populations-one-net	cycle, receipt, compression	square (1 crossing) and notched loop (3 crossings, + − +): net +1 both;  cancelling loop (2) and separated loop (0): net 0 both	two different crossing populations can share one winding net: the net is a lossy face	exhibited polygons	L:Geometry/WindingLedger:theTwoPopulationsShareOneNet; L:Geometry/WindingLedger:theCancellingLoopAndTheSeparatedLoopShareOneNet	counterexample	obstructs:winding.ledger
winding.aperture-rotation	cycle, receipt, complex	rotate_k p = (p₁ + k p₂, p₂ − k p₁): cross(rot a, rot b) = (1 + k²) cross(a,b), never reverses a hand; one polygon at two admissible apertures: populations 2 and 0, net 0 both	the declared ray is an aperture: it moves the crossing population and not the net	k ∈ ℤ	L:Geometry/WindingLedger:theApertureRotationScalesTheCrossByAPositiveFactor; L:Geometry/WindingLedger:theApertureRotationNeverReversesAHand; L:Geometry/WindingLedger:theApertureMovesThePopulationAndNotTheNet	formal-checked	uses:winding.ledger
winding.jump-law	cycle	a straight move properly crossing exactly one edge, clear of vertices ⇒ winding changes by that edge's hand; proved entering (+1) and leaving (−1) a square	crossing the boundary changes the winding by the hand of the edge crossed; general polygons open	named open with two instances	L:Geometry/WindingLedger:TheJumpLawAcrossOneEdge; L:Geometry/WindingLedger:theJumpLawHoldsWhereTheMoveEntersTheSquare	open	uses:winding.ledger
winding.universal-cover	aeon, ratio	0 → ℤ → ℝ → S¹ → 0; a phase section gives the floor cocycle; two towers with the same levels and different carries are different objects	the carry is the 2-cocycle gluing one level of a tower to the next		D:docs/WINDING_CARRY_AND_PLACEMENT.md#1-helix--circle--carry	proved-standard	uses:winding.carry-cocycle
winding.mixed-radix-odometer	navigator, aeon, epoch	Odometer over declared radices: digits, step, advance, overflow winding; a nonclosing phase keeps its exact transport and unreduced lift instead of an invented radix	the mixed-radix cascade for declared finite levels is a tower of epochs	finite declared radices	R:holonics::geometry::winding::Odometer; D:docs/WINDING_CARRY_AND_PLACEMENT.md#1-helix--circle--carry	definition	generalizes:winding.odometer
winding.burgers-step	complex, cycle	holonomy (R, t) with R = I: Burgers step t; R ≠ I refused (translation frame dependent);  rotating holonomy: based point closes ⇔ (R − I)x + t = 0; frame closes ⇔ R = I ∧ t = 0	a screw dislocation's Burgers step is the carry of the loop; translation alone is not the closure test	affine holonomy	R:holonics::geometry::winding::burgers_step; D:docs/WINDING_CARRY_AND_PLACEMENT.md#4-face--holonomy-around-a-cell	definition	uses:winding.closed-loop-integer
winding.crt-diagonal	cycle, landmark	n ↦ (n mod p)_p is diagonal winding on a finite product of residue circles; a sieve with coverage through √n decides primality	the integers wind diagonally on the product of residue circles (CRT)	finite prime set	D:docs/WINDING_CARRY_AND_PLACEMENT.md#7-arithmetic-instances-and-their-grades; L:Geometry/PairResonance:diagonal_step_generates_the_coprime_torus	proved-standard	uses:lock.coprime-torus-diagonal
winding.argument-principle	cycle, landmark	#zeros of ξ in a finite strip rectangle (with multiplicity) = winding of ξ on its positively oriented boundary, when the boundary is zero-free	zero counting is winding on a cycle	zero-free boundary	D:docs/WINDING_CARRY_AND_PLACEMENT.md#7-arithmetic-instances-and-their-grades	proved-standard	uses:winding.ledger
winding.circulant-inertia	cycle, parametron, receiver	C = circ(c₀,…,c_(n−1)): λ_k = Σ_j c_j ω^(jk), ω = e^(2πi/n); symmetric C: λ_k an integer combination of β_m = 2cos(2πm/n); cycle adjacency λ_k = β_k < 0 ⇔ step exceeds a quarter turn; null at k/n = 1/4, 3/4 exactly when 4 | n	inertia of a circulant form factors through the character group: each negative direction is named by its winding, not counted as a sign	exact algebraic, no float	H:crates/holonics/src/geometry/winding_inertia.rs	proved-standard	uses:swing.half-turn
winding.niven-star-values	cycle, landmark	2cos(2πm/n) ∈ ℚ ⇔ n/gcd(m,n) ∈ {1,2,3,4,6}, values 2, −2, −1, 0, 1; β_m are the distinct real roots of the squarefree part of D_n(x) − 2, D_n(z + z⁻¹) = zⁿ + z⁻ⁿ	the star table is isolated by exact Sturm bisection and cross-checked against Niven's rational cases	exact integer polynomials	H:crates/holonics/src/geometry/winding_inertia.rs	proved-standard	uses:winding.circulant-inertia
winding.cyclotomic-null-test	cycle, compression	λ_k = f(ω^k) = 0 ⇔ Φ_d | f, d = n/gcd(k,n); quotient kept as witness; nonzero λ_k refined to a sign and certified by Sturm on det(xI − C) (Faddeev–LeVerrier)	a null passage is decided algebraically by one polynomial division, never by a limit	exact rational circulants	H:crates/holonics/src/geometry/winding_inertia.rs	proved-standard	uses:winding.circulant-inertia
winding.hand-is-convention	cycle, swing	A and −A have swapped inertia; which side is positive is a hand; the split (p, z, q) is frame-free	the sign of a direction is a convention; the split of the passages is not	symmetric forms	H:crates/holonics/src/geometry/winding_inertia.rs	definition	uses:winding.circulant-inertia
lock.farey-neighbour	contact, key, landmark	p'q − pq' = 1 ⇔ det[[p',p],[q',q]] = 1;  mediant (p+p')/(q+q') neighbours both;  p/q < a/b < p'/q' ⇒ b ≥ q + q'	neighbouring locks are unimodular, their mediant neighbours both, and every ratio between them costs at least the mediant's period: the mediant is the cheapest lock between	integers, q, q' > 0	L:Geometry/PairResonance:mediant_neighbours_both; L:Geometry/PairResonance:between_neighbours_costs_at_least_the_mediant; L:Geometry/PairResonance:neighbours_iff_unimodular; L:Geometry/PairResonance:mediant_lies_between; D:docs/ELEMENTARY_OBJECTS.md#4-pair-contact; R:holonics::navigator::address::LockAddress	formal-checked	
lock.unimodular-rechart	contact, key	det M = 1 ⇒ M·adj M = adj M·M = 1 and det(MN) = det N	a unimodular word recharts a pair's winding lattice invertibly and conserves the intersection number of any two winding classes	2×2 integer matrices	L:Geometry/PairResonance:unimodular_rechart_is_invertible; L:Geometry/PairResonance:unimodular_rechart_conserves_intersection	formal-checked	uses:lock.farey-neighbour
lock.coprime-torus-diagonal	contact, cycle	gcd(m,n) = 1 ⇒ ∀x ∈ ℤ/m × ℤ/n, ∃k, x = k·(1,1)	independent coprime phases form a torus whose single diagonal step visits every joint phase (CRT)	coprime moduli	L:Geometry/PairResonance:diagonal_step_generates_the_coprime_torus	formal-checked	
lock.pair-lock-zero-power	contact, key, landmark	power(q, p) = 0 ⇔ q v_a = p v_b (p, q ∈ ℤ);  zero-power rates form a line	a rational pair lock is a zero-power direction under a definite response; locks are lines of rates	w > 0, null-definite D	L:Transport/HelicalPairInteraction:lock_iff_zero_power; L:Transport/HelicalPairInteraction:lock_is_a_line; R:holonics::holon::contact::pair_lock	formal-checked	uses:pair.synchronized-is-zero-power
lock.continued-fraction-word	key, navigator, landmark	[[h_(n+1), h_n],[k_(n+1), k_n]] = ∏_(i≤n+1) [[a_i, 1],[1, 0]];  det = (−1)^(n+1);  [[t,1],[1,0]] = Rᵗ·E, E = [[0,1],[1,0]], det E = −1	a continued fraction is a word in GL₂(ℤ); the alternating sign is the determinant along the word, and the exchange (the Swing) makes it alternate	integer partial quotients	L:Geometry/Farey:theProductCarriesTheConvergents; L:Geometry/Farey:theDeterminantIsTheProductAlongTheWord; L:Geometry/Farey:theNaturalStepIsAPowerTimesTheExchange; L:Geometry/Farey:theStepExchangeHasDeterminantMinusOne	formal-checked	uses:lock.farey-neighbour
lock.stern-brocot-generators	key, landmark	L = [[1,0],[1,1]], R = [[1,1],[0,1]] unimodular; hk' − h'k = 1 ⇔ det[[h,h'],[k,k']] = 1	the Stern–Brocot generators are unimodular and Farey neighbours are exactly unimodular pairs: convergents, Farey tree and modular group are one object	ℤ	L:Geometry/Farey:theGeneratorsAreUnimodular; L:Geometry/Farey:theMediantConditionIsUnimodularity; L:Geometry/Farey:sbRPower_eq	formal-checked	equiv:lock.farey-neighbour
lock.euclid-address	key, landmark, navigator	Euclid on p/q = divide (Tᵃ), invert (S), repeat; the L/R word is the Stern–Brocot path stored run-length (the continued fraction); period of p/q in lowest terms = q; root 1/1 = empty word	a positive rational lock's address is a word in the modular group	strictly positive ratios	R:holonics::navigator::address::LockAddress; D:docs/WINDING_CARRY_AND_PLACEMENT.md#2-pair--torus-with-a-modular-address	definition	uses:lock.continued-fraction-word
lock.simplest-between	key, landmark, compression	a nonempty rational tolerance interval has a least-denominator representative (the Stern–Brocot ancestor reached first), found by continued-fraction descent in log time	a tolerance selects a finite address; the interval also contains infinitely many other addresses, so a sweep needs a declared bound	rational interval	R:holonics::navigator::address::simplest_between; D:docs/WINDING_CARRY_AND_PLACEMENT.md#2-pair--torus-with-a-modular-address	proved-standard	uses:lock.farey-neighbour
lock.ford-circles	key, landmark	circles at a/b and c/d are tangent ⇔ |ad − bc| = 1	the Farey determinant is the tangency law of Ford circles, packing by mediants	reduced fractions	D:docs/WINDING_CARRY_AND_PLACEMENT.md#2-pair--torus-with-a-modular-address	proved-standard	uses:lock.farey-neighbour
lock.rigid-rotation-no-staircase	key, cycle	x ↦ x + α has rotation number α for every α and no mode-locking plateaus	a universal devil's-staircase claim for driven pairs is refuted; plateaus need a specific driven family	rigid rotation	D:docs/WINDING_CARRY_AND_PLACEMENT.md#2-pair--torus-with-a-modular-address	counterexample	obstructs:lock.pair-lock-zero-power
lock.modular-vs-rotor	key, navigator	the modular step/inversion representation and a rotor step/reflector are ordered group actions; identifying them needs a homomorphism respecting relations; an involutive reflector is not thereby a modular inversion	no identification of rotor and modular words without a declared homomorphism		D:docs/WINDING_CARRY_AND_PLACEMENT.md#2-pair--torus-with-a-modular-address	definition	uses:lock.euclid-address
trace.phase-carriage-conserves-faces	navigator, parametron, landmark	R_d = S⁻ᵈ P Sᵈ: det R_d = det P;  tr(R_dᵏ) = tr(Pᵏ) ∀k;  det(1 − T R_d) = det(1 − T P);  R_dᵏ = S⁻ᵈ Pᵏ Sᵈ	carrying material to another phase conjugates it, so every class function is a face conserved along the winding	invertible matrices over a commutative ring	L:Transport/GeneratorTraceFaces:carried_material_conserves_determinant; L:Transport/GeneratorTraceFaces:carried_material_conserves_trace_sequence; L:Transport/GeneratorTraceFaces:carried_material_conserves_transfer_determinant; L:Transport/GeneratorTraceFaces:phaseTransport_pow; L:Transport/GeneratorTraceFaces:units_conj_conserves_transfer_determinant	formal-checked	uses:pair.phase-transport
trace.det-one-minus-tm	navigator, parametron, landmark	det(1 − T·⊕_g M_g) = ∏_g det(1 − T M_g);  companion(a, q): ∏_g (1 − a_g T + q_g T²);  tr((⊕M_g)ᵏ) = Σ_g tr(M_gᵏ)	a machine of independent sites has transfer determinant the product of site factors and closed-word count the sum of site trace sequences	2×2 sites, block diagonal	L:Transport/GeneratorTraceFaces:machine_transfer_determinant; L:Transport/GeneratorTraceFaces:machine_factor_of_companions; L:Transport/GeneratorTraceFaces:machine_trace_sequence; D:docs/ELEMENTARY_OBJECTS.md#the-swing; R:holonics::navigator::trace::Machine	formal-checked	uses:trace.phase-carriage-conserves-faces
trace.faces-not-certificate	navigator, receiver	I₂ and [[1,1],[0,1]]: tr of every power 2, det(1 − T·) = (1 − T)² for both; receiver (1,0) after one step from (0,1) separates them	trace faces are invariants, not a complete action certificate	ℚ witness	L:Transport/GeneratorTraceFaces:identityTwo_trace_powers_eq_unipotentTwo; L:Transport/GeneratorTraceFaces:identityTwo_transfer_determinant_eq_unipotentTwo; L:Transport/GeneratorTraceFaces:identityTwo_and_unipotentTwo_are_separated_by_source_receiver; L:Transport/GeneratorTraceFaces:unipotentTwo_pow	counterexample	obstructs:trace.det-one-minus-tm
trace.local-factor-companion	navigator, parametron, landmark	companion M = [[a, −q],[1, 0]]: tr M = a, det M = q;  det(1 − T M) = 1 − aT + qT²;  tr(Mⁿ) = t_n	a local Euler factor is the transfer determinant of a 2×2 companion site and its powers' traces are the trace sequence: one matrix, two receivers	any commutative ring	L:Geometry/LocalFactor:theCompanionHasTraceAndDeterminant; L:Geometry/LocalFactor:theLocalFactorIsTheTransferDeterminant; L:Geometry/LocalFactor:theCompanionPowersCarryTheSequence; L:Geometry/LocalFactor:theShiftedCompanionIsTheFactorMatrix; R:holonics::navigator::trace::SiteFactor	formal-checked	instance-of:trace.det-one-minus-tm
trace.weil-root-split	navigator, parametron, landmark	a² ≤ 4q ⇒ 1 − aT + qT² = (1 − αT)(1 − ᾱT), |α|² = q;  Mᵀ G M = q G for the companion metric	under the level-one bound the factor splits through a root on the circle of radius √q (the placement statement); the companion preserves a scaled metric	a, q ∈ ℤ	L:Geometry/LocalFactor:theFactorSplitsThroughTheWeilRoot; L:Geometry/LocalFactor:companion_preserves_scaled_metric; L:Geometry/TraceSequence:theRootHasSquaredModulusQ	formal-checked	uses:trace.local-factor-companion
trace.sequence-recurrence	navigator, parametron, aeon	t₀ = 2, t₁ = a, t_(p+2) = a t_(p+1) − q t_p;  t_p = 2 Re αᵖ;  a² ≤ 4q ⇒ t_p² ≤ 4qᵖ ∀p	the trace sequence of a 2×2 site obeys one integer recurrence; the level-one bound gives the bound at every level	a, q ∈ ℤ	L:Geometry/TraceSequence:trace_succ_succ; L:Geometry/TraceSequence:theTraceIsTwiceTheRealPart; L:Geometry/TraceSequence:theLevelOneBoundGivesEveryLevel; L:Geometry/TraceSequence:theRootIsCharacteristic	formal-checked	face-of:trace.det-one-minus-tm
trace.circular-or-hyperbolic	navigator, parametron	4q < a², a > 0 ⇒ real root x with x² − ax + q = 0 and x² > q	beyond the bound the characteristic polynomial acquires a real root past √q: the sequence goes hyperbolic (cos becomes cosh)	real a, q	L:Geometry/TraceSequence:theOvershootProducesARealRootBeyondTheCircle; R:holonics::navigator::trace::SiteKind	formal-checked	obstructs:trace.sequence-recurrence
trace.genus-zero-at-q-one	navigator	q = 1: a = 2 gives t ≡ 2; a = −2 gives 2(−1)ᵖ; a = 0 gives 2, 0, −2, 0	the genus-zero family is the same recurrence at q = 1; the moduli 2ᵖ ∓ 1 carry these ∓1 corrections	witness	L:Geometry/TraceSequence:theGenusZeroFamilyIsTheRecurrenceAtOne	formal-checked	instance-of:trace.sequence-recurrence
trace.hasse-strict-at-two	navigator, landmark	a ∈ ℤ, a² ≤ 8 = 2³ ⇒ a² ≤ 4;  five traces over F₂ with t₂, t₃, t₄ tabulated (e.g. a = 1: −3, −5, 1)	at q = 2 integrality forces the bound strictly: no curve over F₂ sits on the boundary	q = 2	L:Geometry/TraceSequence:theHasseIntervalAtTwoIsStrict; L:Geometry/TraceSequence:theFiveTracesOverTheBinaryField	formal-checked	instance-of:trace.sequence-recurrence
trace.place-ledger	ratio, compression, landmark	height(x) = max(|num|, den) = archFactor x · finiteFactor x, archFactor = max(1, |x|), finiteFactor = den = ∏_p p^(v_p den);  |x| · ∏_(p ∈ places x) p^(−v_p x) = 1	the height of a rational is a product of local factors, one per place, and the product formula holds as a product of rationals, never through a logarithm	x ∈ ℚ, x ≠ 0 for the product formula	L:Geometry/PlaceLedger:theLedgerMultipliesToTheHeight; L:Geometry/PlaceLedger:theProductOverEveryPlaceIsOne; L:Geometry/PlaceLedger:theLedgerIsThePAdicValuation; L:Geometry/PlaceLedger:theFiniteFactorIsTheProductOverTheFinitePlaces	formal-checked	
trace.place-ledger-collapse	ratio, compression	height(x⁻¹) = height(x), ledger(x⁻¹) = −ledger(x); 12 and 1/12 share height 12 with factors (12, 1) and (1, 12); equal finite ledgers ⇒ x = ±y	the height compression collapses inversion and sign; the finite ledger is lossless up to sign, so the archimedean coordinate is the unique lossy one	nonzero rationals	L:Geometry/PlaceLedger:theHeightIsInvariantUnderInversion; L:Geometry/PlaceLedger:theInversionNegatesTheLedger; L:Geometry/PlaceLedger:theTwelveAndItsInverseAreACollapsedPair; L:Geometry/PlaceLedger:theFiniteLedgerDeterminesTheRationalUpToSign	formal-checked	uses:trace.place-ledger
trace.height-fibre-count	compression, ratio	H ≥ 2: #{x ∈ ℚ : height x = H} = 4·φ(H) via (k,H), (−k,H), (H,k), (−H,k); H = 1: {0, 1, −1}, size 3	the fibre the height compression retains is an exactly counted finite set at each level	H ≥ 2 for the totient law	L:Geometry/PlaceLedger:theHeightFiberIsFourTimesTheTotient; L:Geometry/PlaceLedger:theHeightPairMapIsInjective; L:Geometry/PlaceLedger:theUnitHeightFiberIsZeroAndTheTwoRootsOfUnity; L:Geometry/PlaceLedger:theUnitFiberIsThreeAndNotFourTimesTheTotient	formal-checked	uses:trace.place-ledger
trace.torsion-green-product	ratio, landmark	n > 0: ∏_(d | n, d > 1) Φ_d(1) = n = ∏_(ζⁿ=1, ζ≠1) (1 − ζ)	the archimedean torsion product equals the order; a calibration control, carrying no arithmetic evidence	n > 0	L:Geometry/PlaceLedger:theTorsionProductOverTheDivisorLatticeIsTheOrder; L:Geometry/PlaceLedger:theTorsionProductHasTheFiniteLedgerOfItsOrder	formal-checked	
trace.site-kind	navigator, parametron	2×2 material (a, q): q < 0 ⇒ Reflection; q = 0 ⇒ Degenerate; q > 0: a² < 4q ⇒ similar over ℝ to √q × rotation in an adapted metric (Rotation); a² = 4q ⇒ possible Jordan shear (Null); a² > 4q ⇒ distinct real eigenvalues of one sign (Boost)	the discriminant branches of a site; not a universal Euclidean polar decomposition, and a SituatedScrew does not determine a SiteFactor	real 2×2 block	R:holonics::navigator::trace::SiteKind; R:holonics::navigator::trace::SiteFactor; D:docs/WINDING_CARRY_AND_PLACEMENT.md#3-navigator-faces-rotationdilation-and-placement; L:Geometry/LocalFactor:companion_preserves_scaled_metric; L:Compression/Landmark/SiteKind:traceless_sq	definition	uses:trace.local-factor-companion
trace.placement-arms	navigator, parametron, constitution	A*G + GA = 0, G nondegenerate of signature (p,q) ⇒ ≤ min(p,q) modes in Re λ > 0, symmetry λ ↦ −λ̄;  dissipative A = (Ω − M)G has A*G + GA = −2G M G, selecting the other arm	placement asks whether modes lie on a circle after dilation or on an axis; the exact rate form selects the applicable arm	declared operator and pairing (#54)	D:docs/WINDING_CARRY_AND_PLACEMENT.md#3-navigator-faces-rotationdilation-and-placement; L:Transport/HolonicInteraction:port_storage_rate	proved-standard	uses:holon.port-storage-rate
trace.hasse-bound	navigator, landmark	good reduction: Frobenius roots of modulus √p; |a_p| ≤ 2√p (Hasse)	the elliptic trace is bounded by the Weil placement of its roots	good reduction	D:docs/WINDING_CARRY_AND_PLACEMENT.md#7-arithmetic-instances-and-their-grades; L:Geometry/TraceSequence:theLevelOneBoundGivesEveryLevel	proved-standard	uses:trace.weil-root-split
trace.ihara-zeta	navigator, cycle, landmark	det(I − uB) = ∏_[P primitive closed geodesic] (1 − u^len(P)), B the non-backtracking dart operator; horizon-truncated ∏_(l≤h)(1 − u^l)^(N_l) ≡ det(I − uB) mod u^(h+1)	Ihara's theorem: the reciprocal graph zeta is a transfer determinant and an Euler product over primitive cycles; the truncated window is compared, coefficients above it withheld	connected loopless multigraph; caller-declared horizon	H:crates/holonics/src/geometry/receiver_topology.rs	proved-standard	instance-of:navigator.zeta
trace.ihara-two-frames	navigator, cycle, receiver	source graph and face-dual graph read as two frames of one construction; first Betti number edges − vertices + 1; the face dual is dual to the diagram graph, not the source	the Ihara identity read in two receiver frames keeps the diagram/source difference visible	projected diagram	H:crates/holonics/src/geometry/receiver_topology.rs	definition	uses:trace.ihara-zeta
holonomy.cell-face	complex, navigator	H = g₀₁ g₁₂ g₂₀;  regauge g_ij ↦ k_i⁻¹ g_ij k_j ⇒ H ↦ k₀⁻¹ H k₀;  pure gauge ⇒ H = 1;  commutative carrier ⇒ H gauge-free	the face read at a two-cell is the holonomy of its edge transports; regauging conjugates it	any group	L:Transport/CellHolonomy:triangleHolonomy; L:Transport/CellHolonomy:triangleHolonomy_regauge; L:Transport/CellHolonomy:pure_gauge_has_trivial_holonomy; L:Transport/CellHolonomy:abelian_holonomy_is_gauge_free; D:docs/WINDING_CARRY_AND_PLACEMENT.md; R:holonics::geometry::winding::triangle_holonomy; R:holonics::geometry::winding::regauge	formal-checked	
holonomy.composition-convention	complex	followed_by applies maps left to right; column matrices and permutations multiply right to left; the formal realization uses the opposite group or the reversed word	a noncommuting triangle checks the order convention of composed transports	affine charts	D:docs/WINDING_CARRY_AND_PLACEMENT.md#4-face--holonomy-around-a-cell	definition	uses:holonomy.cell-face
cell.connection-route-return	complex, holon	two addressed routes with invertible fibre transports: returnedCurvature = T_left⁻¹ T_right;  = 1 ⇔ routes agree;  rebase conjugates it; commutator route return = 1 ⇔ commute	comparing complete routes of a connection along addressed lineage returns their curvature/holonomy defect	invertible fibre transports	L:Foundation/ConnectionLineage:returnedCurvature_eq_one_iff; L:Foundation/ConnectionLineage:routeComparisonReturn_eq_one_iff; L:Foundation/ConnectionLineage:routeComparisonReturn_rebase; L:Foundation/ConnectionLineage:commutatorRouteReturn_eq_one_iff	formal-checked	uses:holonomy.cell-face
cell.flat-descends-bijective-scale	complex, tower	intertwining scale passage: surjective fibre map ⇒ (fine flat ⇒ coarse flat); injective ⇒ (coarse flat ⇒ fine flat); bijective ⇒ (flat ⇔ flat)	a noninvertible receiver or scale map may erase a curvature defect; a bijective one preserves flatness	RouteScalePassage intertwining hypotheses	L:Foundation/ConnectionLineage:fineFlat_of_coarseFlat; L:Foundation/ConnectionLineage:coarseFlat_of_fineFlat; L:Foundation/ConnectionLineage:flat_iff_of_bijective; L:Foundation/ConnectionLineage:returnedCurvature_natural	formal-checked	uses:cell.connection-route-return
cell.word-holonomy	complex, navigator	P(left ++ right) = P(left)·P(right);  P(reverse(w)⁻¹) = P(w)⁻¹;  rebased holonomy = P(route) P(loop) P(route)⁻¹	parallel transport along words: loops compose, reversal inverts, change of basepoint conjugates	permutation-valued transports	L:Foundation/TransportWord:serialLoop_holonomy; L:Foundation/TransportWord:reversal_holonomy; L:Foundation/TransportWord:changeOfBasepoint_holonomy; L:Foundation/TransportWord:parallelTransport_append	formal-checked	
cell.six-sphere-monodromy	complex, cycle, tower	T₁³ = 1 ≠ T₁, T₂⁴ = 1 ≠ T₂², (T₁T₂)T₀ = 1, T₀ = 1 + N, N² = 0; dual A₁A₂M₀ = 1 with A = (T⁻¹)ᵀ, M₀ = 1 − Nᵀ	the (3,4,∞) triangle-group monodromy on ℤ⁴ with a square-zero cusp logarithm, exactly integral	displayed integer matrices; finite algebraic entrance only	L:Geometry/SixSphereMonodromy:T1_hasExactOrderThree; L:Geometry/SixSphereMonodromy:T2_hasExactOrderFour; L:Geometry/SixSphereMonodromy:T0_isTheIntegralInverse; L:Geometry/SixSphereMonodromy:N_isSquareZero; L:Geometry/SixSphereMonodromy:dualMonodromy_product; L:Geometry/SixSphereMonodromy:M0_isDualUnipotent	formal-checked	
cell.six-sphere-fixed-lattice	complex, key	A₁v = v ⇔ v ∈ ℤε + ℤδ̂, ε = (1,2,−4,0), δ̂ = (0,0,0,1); γ(v) = v₀ invariant under A₁, A₂, M₀	the complete fixed lattices of the elliptic dual actions and the surviving monodromy-invariant coordinate	ℤ⁴	L:Geometry/SixSphereMonodromy:A1_fixedLattice; L:Geometry/SixSphereMonodromy:A2_fixedLattice; L:Geometry/SixSphereMonodromy:gamma_isMonodromyInvariant	formal-checked	uses:cell.six-sphere-monodromy
cell.seifert-obstruction	complex, tower	12ℓ₀ − 4ℓ₁ − 3ℓ₂ at (0, 1, −1) = −1, |·| = 1;  orbifold excess 1/3 + 1/4 − 1 = −5/12 = −5/(2²·3)	the twist obstruction of the chosen fillings has unit magnitude; the orbifold Euler excess is a separate scalar	finite input to a π₁ calculation, not the calculation	L:Geometry/SixSphereMonodromy:chosenObstruction_isNegativeOne; L:Geometry/SixSphereMonodromy:chosenObstruction_hasUnitMagnitude; L:Geometry/SixSphereMonodromy:orbifoldExcess_three_four_infinity; L:Geometry/SixSphereMonodromy:seifertObstruction	formal-checked	
cell.a2-cone-orientation	complex	A₂ triangulation: lower cone det = +1, upper cone det = −1 at height-one lifts; modulo translations 1 vertex, 3 edges, 2 faces	the cusp's two triangle classes are unimodular with opposite orientation	plane lattice ℤ²	L:Geometry/SixSphereExceptionalData:lowerCone_det; L:Geometry/SixSphereExceptionalData:upperCone_det; L:Geometry/SixSphereExceptionalData:A2CellOrbit_census	formal-checked	
cell.elliptic-twists-fixed	complex, key	chosen twists fixed by their dual actions, admissible (free cyclic log action); γ(twist₃) = 1, γ(twist₄) = −1	the logarithmic-transform twists are fixed lattice vectors with unit γ-coordinates of opposite sign	source arithmetic gates	L:Geometry/SixSphereExceptionalData:chosenTwist_fixed; L:Geometry/SixSphereExceptionalData:chosenTwist_admissible; L:Geometry/SixSphereExceptionalData:chosenTwist_gamma	formal-checked	uses:cell.six-sphere-fixed-lattice
cell.holonomy-class-functions	complex, landmark	tr(H) and det(H) unchanged by regauging	the trace and determinant of a matrix holonomy are gauge-free faces	invertible matrices over a commutative ring	L:Transport/CellHolonomy:holonomy_trace_is_gauge_free; L:Transport/CellHolonomy:holonomy_determinant_is_gauge_free; R:holonics::geometry::winding::linear_trace	formal-checked	uses:holonomy.cell-face
cell.flux-gauge-free	complex, coholon	d₁(A + d₀φ) = d₁A	the flux through every cell is unchanged by a potential	finite weighted complex over ℚ, d₁d₀ = 0	L:Transport/CellHolonomy:cell_flux_is_gauge_free	formal-checked	uses:complex.boundary-squared
cell.harmonic-dormant-silent	complex, constitution, receiver	h harmonic ⇒ d₁h = 0 ∧ δ₀h = 0;  h = d₀φ harmonic ⇒ h = 0	harmonic standing is silent at the declared node/cell receivers and no potential reproduces it	finite weighted complex	L:Transport/CellHolonomy:dormant_mode_is_locally_silent; L:Transport/CellHolonomy:dormant_mode_is_not_a_potential; D:docs/ELEMENTARY_OBJECTS.md#2-constitution	formal-checked	uses:constitution.hodge-split
cell.harmonic-unique	complex, constitution, compression	z cocycle ⇒ ∃! h harmonic with z − h exact	every closed field retains exactly one dormant harmonic representative in its class	finite weighted complex	L:Transport/CellHolonomy:closed_field_retains_unique_harmonic_mode; L:Transport/CellHolonomy:closed_field_retains_one_dormant_mode	formal-checked	uses:constitution.harmonic-is-cohomology
cell.chern-winding	complex, cycle, coholon	integral flux class = c₁ of a line bundle; divisor of a section = zero locus; on the unit Hodge circle a (p,q) component has character z^p z̄^q, net winding p − q; (p,p) classes have zero net winding	local section winding around a divisor reads curvature (Poincaré–Lelong); Lefschetz (1,1) makes integral (1,1) classes divisor classes	smooth projective complex variety	D:docs/WINDING_CARRY_AND_PLACEMENT.md#4-face--holonomy-around-a-cell	proved-standard	uses:holonomy.cell-face
cell.toeplitz-index	complex, cycle, compression	ind T_φ = −winding(det φ)	the Fredholm index of a Toeplitz operator with continuous invertible matrix symbol is minus the winding of its determinant (Gohberg–Krein)	continuous invertible symbol	D:docs/WINDING_CARRY_AND_PLACEMENT.md#4-face--holonomy-around-a-cell	proved-standard	uses:winding.ledger
cell.lefschetz-number	complex, cycle	L(f) = Σ_i (−1)ⁱ tr(f* | Hⁱ) = graph·diagonal intersection	the Lefschetz number reads graph/diagonal intersection with compactness, orientation and multiplicities	compact oriented	D:docs/WINDING_CARRY_AND_PLACEMENT.md#4-face--holonomy-around-a-cell	proved-standard	uses:trace.phase-carriage-conserves-faces
curvature.gauge-covariance	complex, navigator	A^g_i = g A_i g⁻¹ + g ∂_i g⁻¹ ⇒ F(A^g)_ij = g F_ij g⁻¹	curvature is covariant under the gauge action: the continuum twin of the discrete face covariance (regauging conjugates the holonomy)	C² gauge in a normed algebra	L:Gauge/HolonicGaugeCovariance:curvature_gaugeTransform; L:Objects/Ratio/GaugeCalculus:gaugeTransform	formal-checked	uses:holonomy.cell-face
curvature.discrete-da-squared	complex	d_A² = F_A: on a cell given as a closed walk, (d_A² φ)(base) = (hol − 1)φ(base); flat ⇔ hol = 1	the discrete curvature of a connection-valued incidence is its cell holonomy minus one	edge transports in 𝕜ˣ	L:Holon/Complex:cell_curvature; L:Holon/Complex:dA_squared; L:Holon/Complex:exact_closed_iff_flat	formal-checked	equiv:complex.da-squared-curvature
curvature.maurer-cartan-flat	complex, ratio, navigator	pure gauge A = g⁻¹dg (Maurer–Cartan) has zero curvature; its discrete form has trivial holonomy	a pure gauge is flat; R⁻¹dR of a ratio is such a pure-gauge term		L:Transport/CellHolonomy:pure_gauge_has_trivial_holonomy; L:Holon/Complex:pure_gauge_is_flat; L:Objects/Ratio:logDerivative_eq_pureGauge	formal-checked	uses:curvature.gauge-covariance
curvature.flat-near-curved-far	complex, tube, receiver	short circuits of a declared tube carry no defect while long circuits do; the profile is a receiver reading at the observer's grain	curvature as a function of distance and grain	declared tubes	L:Transport/ContinuingTube:flat_near_curved_far; L:Transport/ContinuingTube:tube_profile_is_flat_at_every_horizon	formal-checked	uses:holonomy.cell-face
screw.twist-velocity	navigator, contact	ξ = (ω, v), V_ξ(x) = ω × x + v	a screw (twist) is a pair of angular and linear parts with its affine velocity field	ℚ³	L:Geometry/ScrewGeometry:Screw; L:Geometry/ScrewGeometry:velocity; D:docs/HELICAL_GEOMETRY.md; R:holonics::geometry::screw::ScrewGenerator	definition	
screw.lie-bracket	navigator	[ξ,η] = (ω_ξ × ω_η, ω_ξ × v_η − ω_η × v_ξ);  [η,ξ] = −[ξ,η];  V_[ξ,η](x) = V_ξ(V_η x) − V_η(V_ξ x) − v_ξ + v_η;  pure translations commute	the screw Lie bracket, antisymmetric, acting as the velocity commutator	ℚ³	L:Geometry/ScrewGeometry:bracket_antisymm; L:Geometry/ScrewGeometry:velocity_bracket_action; L:Geometry/ScrewGeometry:pure_translations_commute; L:Geometry/ScrewGeometry:bracket_angular_antisymm; R:holonics::geometry::screw::ScrewGenerator	formal-checked	uses:screw.twist-velocity
screw.pair-invariants	navigator, contact	K(ξ,η) = ω_ξ·ω_η,  R(ξ,η) = ω_ξ·v_η + v_ξ·ω_η: symmetric, invariant under translation rechart (ω, v) ↦ (ω, v + t × ω)	the two scalar pair invariants of two screws (Killing form and reciprocal product) survive a change of origin	ℚ³	L:Geometry/ScrewGeometry:pairK_symmetric; L:Geometry/ScrewGeometry:pairR_symmetric; L:Geometry/ScrewGeometry:pairK_translation_invariant; L:Geometry/ScrewGeometry:pairR_translation_invariant	formal-checked	
screw.translation-covariance	navigator, complex	V_(translated t ξ)(x + t) = V_ξ(x),  translated t (ω, v) = (ω, v + t × ω)	a finite translation recharts a screw: the angular part is unchanged and the linear part carries the translation arm	ℚ³	L:Geometry/ScrewGeometry:velocity_translation_covariance; L:Geometry/ScrewGeometry:translationRechart	formal-checked	uses:screw.twist-velocity
screw.transferred-law-of-cosines-sines	navigator, contact	two-sided Gram G = K + ιR over A[ι]/(ι² − k): (G₁₁G₂₂ − G₁₂²)(G₁₁G₃₃ − G₁₃²) − (G₁₁G₂₃ − G₁₂G₁₃)² = G₁₁ det G, split into 1-part (Killing K) and ι-part (reciprocal R)	Jacobi's adjugate identity transferred to three helical axes gives the spatial laws of cosines and sines with pitches; k = 0 is the dual-number screw case (Study)	commutative ring A	L:Geometry/TwoSidedIdentityAtlas:transferredLawOfCosinesKillingPart; L:Geometry/TwoSidedIdentityAtlas:transferredLawOfSinesReciprocalPart	formal-checked	uses:screw.pair-invariants
screw.navigator-exponential	navigator, contact	|H_a(s)⟩ = Ĝ_a(s)|H_a(0)⟩, Ĝ_a(s) = exp(s ξ̂_a), ξ̂ = [[[ω]×, v],[0, 0]]	a helical navigator is the screw generator together with an initial configuration, its parameter/clock and receiver; the generator alone does not determine the helix	declared oriented Euclidean frame	D:docs/HELICAL_GEOMETRY.md#the-objects-that-must-be-kept-together; R:holonics::geometry::screw::SituatedScrew	definition	uses:screw.twist-velocity
screw.helix-orbit	navigator	x(s) = c + r[e cos(as + φ) + f sin(as + φ)] + b s n,  ω = a n, v = b n − ω × c;  x' = ω × x + v, x'' = ω × x'	a circular helix is the orbit of the screw generator through its initial point	orthonormal frame (e, f, n), e × f = n	D:docs/HELICAL_GEOMETRY.md#a-helix-and-its-independent-collapses	proved-derived	uses:screw.twist-velocity
screw.collapse-table	navigator, contact	r>0,a≠0,b≠0: helix; b=0: circle; a=0,b≠0: translated line; r=0,b≠0: axis line; b=0 and (r=0 or a=0): stationary point	each object of a pair degenerates independently; the collapses are faces of one generator and initial point	either object of a pair	D:docs/HELICAL_GEOMETRY.md#a-helix-and-its-independent-collapses	proved-derived	uses:screw.helix-orbit
screw.pitch-curvature-torsion	navigator	|x'|² = r²a² + b²;  h = b/a (a ≠ 0);  κ = r a²/(r²a² + b²), τ = a b/(r²a² + b²);  angular chart: κ = r/(r² + h²), τ = h/(r² + h²), r + ih = 1/(κ − iτ)	curvature and torsion of the helix read the reduced pitch; at a line or point the Frenet torsion is not supplied	nondegenerate rotating curve	D:docs/HELICAL_GEOMETRY.md#a-helix-and-its-independent-collapses	proved-derived	uses:screw.helix-orbit
screw.axis-and-pitch-exact	navigator	ω ≠ 0: c_⊥ = (ω × v)/(ω·ω), h = (ω·v)/(ω·ω), c_⊥·ω = 0, v = −ω × c_⊥ + h ω;  (ω,v) ↦ (−ω,−v) preserves h	the screw axis and pitch are exact rational operations with no normalization or square root (Chasles decomposition of a twist)	ω ≠ 0; ω = 0 is translation or rest	D:docs/HELICAL_GEOMETRY.md#a-helix-and-its-independent-collapses; R:holonics::geometry::screw::ScrewGenerator	proved-derived	uses:screw.twist-velocity
screw.chasles-reading	navigator, complex	every proper rigid motion is a screw motion: rotation about an axis with translation along it; a proper rigid holonomy has a screw reading, a flat affine holonomy a Burgers translation	Chasles: the screw reading of rigid motions and of rigid cell holonomy	proper rigid motions	D:docs/WINDING_CARRY_AND_PLACEMENT.md#4-face--holonomy-around-a-cell	proved-standard	uses:screw.axis-and-pitch-exact
screw.adjoint-rechart	navigator, complex	x' = Rx + p: Ad_(R,p)(ω,v) = (Rω, Rv + p × Rω),  V_(Adξ)(Rx + p) = R V_ξ(x);  constructor checks RᵀR = I, det R = 1	the adjoint realization of a twist under a proper rigid frame change; an improper frame needs the pseudovector convention	proper rigid frames	D:docs/HELICAL_GEOMETRY.md#frame-transport-pair-invariants-and-noncommuting-passages; R:holonics::geometry::screw::ScrewGenerator	proved-standard	generalizes:screw.translation-covariance
screw.klein-form-split	navigator, contact	R(ξ,ξ) = 2ω·v; with u = ω + v, z = ω − v: R(ξ,ξ) = (u·u − z·z)/2, signature (3,3); null cone ⊇ zero-pitch rotations and pure translations	the Klein reciprocal form has split signature; K is proportional to the rotational Killing form	compatible unit chart	D:docs/HELICAL_GEOMETRY.md#frame-transport-pair-invariants-and-noncommuting-passages	proved-derived	uses:screw.pair-invariants
screw.wrench-power	navigator, contact, coholon	wrench ⟨τ, f| paired with twist |ξ⟩: power = τ·ω + f·v	a wrench is the dual (coholon) operand of a twist; reciprocity of two twists does not itself establish a measured zero power	material/unit data declared	D:docs/HELICAL_GEOMETRY.md#frame-transport-pair-invariants-and-noncommuting-passages	definition	uses:screw.pair-invariants
screw.bracket-degenerate-cases	navigator	pure translations commute along any directions; with ω_ξ, ω_η ≠ 0, [ξ,η] = 0 forces parallel angular parts and a compatible transverse axis; pitches can differ	"two helices commute exactly when coaxial" is false without nondegeneracy hypotheses		D:docs/HELICAL_GEOMETRY.md#frame-transport-pair-invariants-and-noncommuting-passages; L:Geometry/ScrewGeometry:pure_translations_commute	counterexample	uses:screw.lie-bracket
pair.quadrance-two-jet	contact, navigator	Q(s,t) = |Δ + s v_a − t v_b + (s²/2)a_a − (t²/2)a_b|² = |Δ|² + 2s Δ·v_a − 2t Δ·v_b + s²(v_a·v_a + Δ·a_a) − 2st v_a·v_b + t²(v_b·v_b − Δ·a_b) + remainder	the exact polynomial two-jet of pair quadrance: D²Q carries both motions and the geometric Δ·a terms	ℚ³ paths with declared velocity and acceleration	L:Geometry/ScrewGeometry:pairQuadrancePath_eq_twoJet_plus_remainder; L:Geometry/ScrewGeometry:pairQuadranceTwoJet; L:Geometry/ScrewGeometry:pairQuadrance_origin; R:holonics::geometry::screw::PairQuadranceJet	formal-checked	uses:contact.dq
pair.quadrance-first-difference	contact	Q(h,0) − Q(0,0) = 2h Δ·v_a + h²(v_a·v_a + Δ·a_a) + h³ v_a·a_a + h⁴ |a_a|²/4	the exact finite difference of pair quadrance along one participant	ℚ	L:Geometry/ScrewGeometry:pairQuadrance_first_difference	formal-checked	uses:pair.quadrance-two-jet
pair.quadrance-exchange	contact	Q(−Δ; v_b, v_a; a_b, a_a; t, s) = Q(Δ; v_a, v_b; a_a, a_b; s, t), and so for the two-jet	exchanging the participants and reversing Δ leaves the pair quadrance and its jet unchanged		L:Geometry/ScrewGeometry:pairQuadrance_exchange; L:Geometry/ScrewGeometry:pairQuadrance_twoJet_exchange	formal-checked	
pair.quadrance-is-moment-contraction	contact, receipt	contract(pairMomentReceiver, quadraticMoment(1, (x_a, x_b))) = |x_a − x_b|²	the pair face is an existing quadratic-moment receiver		L:Geometry/ScrewGeometry:pair_quadrance_is_existing_moment_contraction	formal-checked	uses:receipt.quadratic-receiver-is-moment-contraction
pair.slip-map	contact, navigator	J = [v_a | −v_b]: J(ṡ, ṫ) = ṡ v_a − ṫ v_b = Δ̇;  Jᵀ Δ = (Δ·v_a, −Δ·v_b)	the helical pair's relative velocity is a slip map on the two pair parameters; its adjoint pairs the separation with each velocity, orientation kept	one pair configuration over ℚ³	L:Transport/HelicalPairInteraction:pairSlip; L:Transport/HelicalPairInteraction:pairSlip_mulVec; L:Transport/HelicalPairInteraction:pairSlip_transpose_mulVec	formal-checked	
pair.feature-complete-return	contact, navigator, deposition	feature (Δ, Q, DQ) with Hessian H: covector return = Jᵀλ_Δ + λ_Q DQ + Hᵀλ_DQ	the complete fixed-navigator adjoint returns all three feature covectors, including the Hessian term the scalar quadrance pullback cannot supply	fixed navigator and configuration	L:Transport/HelicalPairInteraction:pairFeatureReturn_adjoint; L:Transport/HelicalPairInteraction:pairFeatureReturn; R:holonics::geometry::screw::PairQuadranceJet	formal-checked	uses:contact.dq
pair.hessian-contact-plus-geometric	contact	⟨u, H u⟩ = 2(⟨Ju, Ju⟩ + s² Δ·a_a − t² Δ·a_b), u = (s,t);  two-jet = |Δ|² + DQ·u + ½⟨u, Hu⟩	the pair quadrance's second variation is the isotropic contact form of the same slip map plus the geometric Δ·a terms	ℚ³	L:Transport/HelicalPairInteraction:pairQuadranceHessian_quad; L:Transport/HelicalPairInteraction:pairQuadranceTwoJet_eq_slip_contact_geometric	formal-checked	uses:pair.quadrance-two-jet
pair.helical-power	contact, constitution	⟨u, w JᵀDJ u⟩ = w (ṡ v_a − ṫ v_b)·D(ṡ v_a − ṫ v_b)	a contact face whose slip map is the pair's reads its constitutive response at the pair's relative velocity	declared D, weight w	L:Transport/HelicalPairInteraction:pair_face_power	formal-checked	uses:contact.material
pair.rate-port-congruence	contact, complex	faceForm(J C) = Cᵀ faceForm(J) C;  ⟨z, ·z⟩ = ⟨Cz, faceForm(J) Cz⟩;  zero power ⇔ D(JCz) = 0 (PSD D); ⇔ JCz = 0 if D has no null slip	pulling a pair face through a resident rate port is a congruence that keeps the pair/material null kernel	w > 0, D symmetric PSD	L:Transport/HelicalPairInteraction:faceForm_pairRatePort_congruence; L:Transport/HelicalPairInteraction:pairRatePort_quad_eq_pair_quad; L:Transport/HelicalPairInteraction:pairRatePort_quad_eq_zero_iff_material_null; L:Transport/HelicalPairInteraction:pairRatePort_quad_eq_zero_iff_zero_slip	formal-checked	uses:pair.helical-power
pair.synchronized-is-zero-power	contact, key	w > 0, D null-definite: power(u) = 0 ⇔ u₀ v_a = u₁ v_b;  PSD D: power = 0 ⇔ D J u = 0	synchronized passage is the zero-power kernel; a PSD material distinguishes material-null power from zero slip	positive weight	L:Transport/HelicalPairInteraction:pair_face_power_eq_zero_iff; L:Transport/HelicalPairInteraction:pair_face_power_eq_zero_iff_material_null; L:Transport/HelicalPairInteraction:pair_face_power_eq_zero_iff_zero_slip_of_material_null	formal-checked	uses:pair.helical-power
pair.bilinear-score-polarized	contact, receiver	a·b = (|a|² + |b|² − |a − b|²)/2;  pairScore = −β|Δ|²/2	a bilinear participation score is a polarized pair quadrance: the pair receiver on two circles with no advance	ℚᵏ	L:Transport/HelicalPairInteraction:bilinear_score_eq_polarized_quadrance; L:Transport/HelicalPairInteraction:pairScore	formal-checked	uses:contact.dq
pair.phase-transport	navigator, key, aeon	R_d = S⁻ᵈ P Sᵈ;  R_(d+e) = S⁻ᵉ R_d Sᵉ;  Sⁿ = 1 ⇒ R_(d+n) = R_d;  Sⁿ = C, [C,P] = 0 ⇒ R_(d+n) = R_d	fixed material carried by a phase shift; stepping is frame transport; closed or carry-commuting phases give a toroidal chart of the material while the state keeps the winding	any group	L:Transport/HelicalPairInteraction:phaseTransport; L:Transport/HelicalPairInteraction:phaseTransport_add; L:Transport/HelicalPairInteraction:phaseTransport_add_period; L:Transport/HelicalPairInteraction:phaseTransport_add_carried_period	formal-checked	uses:winding.state-retains-carry
pair.stepped-word-power	navigator, key	∏_(k<n) S⁻ᵏ P Sᵏ = (P S⁻¹)ⁿ Sⁿ	reading n occurrences through fixed material with one phase advance each is the n-th power of one act-and-advance navigator; machine size is independent of n	any group	L:Transport/HelicalPairInteraction:steppedWord_eq_generator_power	formal-checked	uses:pair.phase-transport
pair.reflected-return	navigator, key, contact	return = A⁻¹ F A;  F fixed-point-free ⇒ return fixed-point-free;  S² = 1 ⇒ (Sa = b ⇔ Sb = a)	a passage returns through the operands that produced it; a reflector without fixed points never returns a port to itself (the Enigma reflector)	permutations	L:Transport/HelicalPairInteraction:reflectedReturn; L:Transport/HelicalPairInteraction:reflectedReturn_no_fixed_point; L:Transport/HelicalPairInteraction:boundary_involution_reciprocal; R:holonics::holon::contact::menu::reflected_return; R:holonics::holon::contact::menu::menu_loop_closure	formal-checked	
pair.two-navigators	contact, navigator	a pair has two generators, two initial configurations and independent parameters (s, t); an incidence or synchronization law declares which (s,t) interact	do not identify the pair's parameters; rotation/translation of one generator, the two objects and the two factors of a split algebra are three different decompositions	definition	D:docs/HELICAL_GEOMETRY.md#the-objects-that-must-be-kept-together; R:holonics::geometry::screw::ScrewPair	definition	uses:screw.navigator-exponential
pair.dq-d2q-guide	contact, navigator	DQ = (2Δ·v_a, −2Δ·v_b);  D²Q = [[2v_a·v_a + 2Δ·a_a, −2v_a·v_b],[−2v_a·v_b, 2v_b·v_b − 2Δ·a_b]], a = ω × v;  common rigid motion leaves Q constant	the exact contact differential and second variation of pair quadrance; omitting Δ·a turns it into a Gram approximation	one pair configuration	D:docs/HELICAL_GEOMETRY.md#the-actual-interaction-face-and-its-variation; R:holonics::geometry::screw::PairQuadranceJet	proved-derived	equiv:pair.hessian-contact-plus-geometric
pair.interaction-energy-chain	contact, constitution	U = Φ(Q): DU = Φ'(Q) DQ, D²U = Φ''(Q)(DQ)*DQ + Φ'(Q) D²Q	an interaction energy on the quadrance has a Gram term and a geometric/prestress term	differentiable Φ	D:docs/HELICAL_GEOMETRY.md#the-actual-interaction-face-and-its-variation	proved-derived	uses:pair.dq-d2q-guide
pair.dissipative-face-force	contact, constitution	power ⟨J q̇, D J q̇⟩, force pullback −J* D J q̇	a dissipative pair face with declared slip map and material consumed by the contact form	D = D* ⪰ 0	D:docs/HELICAL_GEOMETRY.md#the-actual-interaction-face-and-its-variation	definition	uses:contact.material
pair.medium-port	contact, constitution, holon	port map C from medium co-state to pair rates: M_medium = C* J* D_f J C, dissipation at J C G z; rank(D J C) = rank(J C) checks definiteness on the attained slip image	pair parameter rate, spatial slip and resident current are separate charts joined by a declared port map	declared units and maps	D:docs/HELICAL_GEOMETRY.md#the-pair-is-a-holonic-interaction-contact	definition	uses:pair.rate-port-congruence
pair.pullback-scope	contact, navigator, deposition	full feature pullback J*λ_Δ + λ_Q DQ + (D²Q)*λ_DQ; PairQuadranceJet::pullback supplies only λ_Q DQ	the scalar quadrance pullback is one term of the complete return; geometry/material/clock derivatives are further terms		D:docs/HELICAL_GEOMETRY.md#the-pair-is-a-holonic-interaction-contact; R:holonics::geometry::screw::PairQuadranceJet	definition	uses:pair.feature-complete-return
pair.coaxial-quadrance	contact, aeon	coaxial pair: Q = |r_a e^(iα) − r_b e^(iβ)|² + (b_a s − b_b t + c)²;  helix x(s) = (r e^(i(as+φ)), bs): parameters one turn apart differ by 2πb/a along the axis	the helix is the lift that retains the winding; a coaxial pair's quadrance has a periodic and an axial part	coaxial helices	D:docs/HELICAL_GEOMETRY.md#the-pair-is-a-holonic-interaction-contact	proved-derived	uses:winding.carry-cocycle
pair.unit-phase-score-chart	contact, receiver, parametron	β cos(2π(q_i − q_j − φ_ij)) = the pair receiver at zero advance and unit radii with connection φ; softmax participation a = softmax(s)	the attention-like phase chart is a collapse of the helical pair	zero advance, unit radii	D:docs/HELICAL_GEOMETRY.md#the-pair-is-a-holonic-interaction-contact; L:Transport/HelicalPairInteraction:bilinear_score_eq_polarized_quadrance	definition	uses:pair.bilinear-score-polarized
pair.helical-moment-bridge	contact, navigator, compression	y = (x_a, 1, x_b, 1) ∈ ℚ⁸, Q = yᵀ S_h y, S = [[I, −I],[−I, I]] on (0,1,2,4,5,6); Z = y ⊗ y transported; exact reduced recurrence iff E T = U E ⇔ ker E ⊆ ker(E T)	the helical pair's quadrance is a moment receiver of the product current; compression of its transport is the commuting square	finite affine motions supplied exactly	D:docs/HELICAL_GEOMETRY.md#landmarks-and-holonic-compression-already-have-owners; L:Geometry/ScrewGeometry:pair_quadrance_is_existing_moment_contraction	proved-derived	uses:compression.history-compression
chain.affine-composition	navigator, tube	affine chart x ↦ Lx + t; ordered composition associative with identity; translations compose by addition	a serial chain's finite charts compose in application order	exact rational affine maps on ℚ³	L:Transport/SerialScrewChain:AffineMap3.compose_assoc; L:Transport/SerialScrewChain:translationChart_compose; L:Transport/SerialScrewChain:AffineMap3.apply	formal-checked	
chain.cayley-z-chart	navigator, parametron	c(q) = (1 − q²)/(1 + q²), s(q) = 2q/(1 + q²): c² + s² = 1;  R_z(q) = [[c,−s,0],[s,c,0],[0,0,1]] preserves |x|²	the rational Cayley half-angle chart of a rotation about z; q is a half-angle chart parameter, not a rational turn rate	q ∈ ℚ	L:Transport/SerialScrewChain:cayleyCos_sq_add_sin_sq; L:Transport/SerialScrewChain:cayleyZChart_preserves_quad; L:Transport/SerialScrewChain:cayleyZChart; R:holonics::geometry::screw::RationalPhase	formal-checked	instance-of:phase.two-sided-pythagoras
chain.serial-configuration	navigator, tube	configuration(xs ++ ys) = configuration(xs) ∘ configuration(ys) (application order);  serialConfiguration fs = configuration(reverse fs), rightmost joint acts first; native foldl = serialConfiguration ∘ base	a serial screw chain's configuration is the ordered prefix product; the base-to-tip convention is the reverse of application order	finite joint lists	L:Transport/SerialScrewChain:configuration_append; L:Transport/SerialScrewChain:configuration_apply_append; L:Transport/SerialScrewChain:serialConfiguration_append; L:Transport/SerialScrewChain:serialFoldl_eq_configuration; L:Transport/SerialScrewChain:serialConfiguration_apply_append	formal-checked	
chain.prefix-accumulation	navigator	prefixes acc (f :: fs) = acc :: prefixes (acc ∘ f) fs;  serialPrefixes acc (f :: fs) = acc :: serialPrefixes (f ∘ acc) fs	prefix charts retain every accumulated joint action with its order		L:Transport/SerialScrewChain:prefixes_succ; L:Transport/SerialScrewChain:serialPrefixes_succ	formal-checked	uses:chain.serial-configuration
chain.jacobian-columns	navigator, contact	articulated body = ordered SituatedScrews with θ_i; configuration = ordered product of finite motions; Jacobian column i = rechart of ξ_i by the preceding motion; revolute/prismatic/screw = zero-advance/zero-angular/general rows; joint space = torus × lines	a serial chain's Jacobian columns are recharted Lie generators and its contact rows are pair contacts	finite motions supplied as AffineMap3 with RationalPhase; continuous Jacobian owed (#27, #28, #62)	D:docs/HELICAL_GEOMETRY.md#the-pair-is-a-holonic-interaction-contact; R:holonics::geometry::screw::ScrewGenerator; R:holonics::holon::contact::SerialChain	definition	uses:chain.serial-configuration
chain.link-contact-material	navigator, contact	link contacts form one full J_chainᵀ D J_chain including cross-joint terms; all-prismatic target preimage keeps nullspace, limits and endpoint equation	the chain's contact material is one matrix over all joints	finite serial chain	R:holonics::holon::contact::LinkContactJacobian; R:holonics::holon::contact::contact_material; H:crates/holonics-cuda/src/holonic_chain/serial.rs; D:docs/HELICAL_GEOMETRY.md#the-pair-is-a-holonic-interaction-contact	definition	uses:contact.material
frame.gauge-differential-rules	navigator, complex	∂_i(f ± g) = ∂_i f ± ∂_i g;  ∂_i(fg) = f ∂_i g + (∂_i f) g (order kept in 𝔤)	the connection-calculus chart shared by ratio jets and curvature, with noncommutative product rule	C² maps into a normed algebra	L:Geometry/ConnectionCalculus:differential_mul; L:Geometry/ConnectionCalculus:differential_add; L:Geometry/ConnectionCalculus:differential; L:Geometry/ConnectionCalculus:Connection	formal-checked	
frame.cross-ratio-undivided	ratio, swing, complex	RatioPresentation (num, den); blockTransport (A,B;C,D): (A num + B den, C num + D den); later block multiplies on the left; commutes with right scaling	the ratio's primary carrier is the undivided pair; ordered block transport works over any ring, singular denominators included	arbitrary (noncommutative) ring	L:Geometry/CrossRatio:RatioPresentation; L:Geometry/CrossRatio:RatioPresentation.blockTransport_comp; L:Geometry/CrossRatio:RatioPresentation.blockTransport_rightScale	formal-checked	
frame.fractional-chart	ratio, complex	C num + D den a unit ⇒ chart · (C num + D den) = A num + B den	division is one affine chart of the pair, available only where the transformed denominator is a unit	unit denominator certified	L:Geometry/CrossRatio:RatioPresentation.fractionalChart; L:Geometry/CrossRatio:RatioPresentation.fractionalChart_mul_denominator	formal-checked	uses:frame.cross-ratio-undivided
frame.swing-pair-affine	swing, ratio	swingPair(ua+v, ub+v, uc+v, ud+v) = (u·u)·swingPair(a,b,c,d);  crossRatio affine invariant (u ≠ 0, c ≠ b, d ≠ a);  scaling is projective equality	an affine change transports both Swing coordinates by the same exact square; the scalar cross ratio is one quotient receiver of the pair	field	L:Geometry/CrossRatio:swingPair_affine_coordinates; L:Geometry/CrossRatio:swingPair_affine_projectively; L:Geometry/CrossRatio:crossRatio_affine; L:Geometry/CrossRatio:ratioPresentation_projectivelyEq_scale; H:crates/holonics/src/geometry/receiver_atlas.rs	formal-checked	uses:frame.cross-ratio-undivided
frame.divisor-ledger	ratio, complex	div(f⁻¹) = −div f;  div(f/g) = div f − div g;  Cartier transitions t_lr t_rl = 1, t_lr e_r = e_l; admitted transitions with zero principal ledger ⇒ local ledgers agree	a divisor ledger turns multiplication of local functions into addition of signed codimension-one populations; an apparent quotient of local equations is a unit chart transition	declared irreducible loci	L:Geometry/DivisorAtlas:divisor_inv; L:Geometry/DivisorAtlas:divisor_div; L:Geometry/DivisorAtlas:transition_reverse; L:Geometry/DivisorAtlas:localEquation_reconstructs; L:Geometry/DivisorAtlas:localLedgersAgree	formal-checked	
frame.pullback-naturality	complex, coholon	⟨∂ᵀφ, c⟩ = φ(∂c);  ∂₁∂₂ = 0 ⇒ d d = 0;  chain map ⇒ ∂_Cᵀ(m₀ᵀφ) = m₁ᵀ(∂_Dᵀφ);  defect = φ((m₀∂_C − ∂_D m₁)c)	discrete Stokes pairing, square-zero coboundary, and pullback naturality with its exact receiver defect	modules over a ring	L:Geometry/ExteriorBoundary:stokes_pairing; L:Geometry/ExteriorBoundary:coboundary_squared; L:Geometry/ExteriorBoundary:pullback_coboundary; L:Geometry/ExteriorBoundary:pullback_coboundary_defect	formal-checked	uses:holon.stokes
frame.gyroparallelogram	complex	gyrogroup with gyrations; coaddition; gyroparallelogram D = (left ⊞ right) ⊖ source; additive group: zero gyration, D = left + right − source	the gyroparallelogram completion; an abelian group is the zero-gyration case	gyrocommutative law carried as a named property	L:Geometry/Gyrogroup:gyroparallelogram; L:Geometry/Gyrogroup:additive_gyroparallelogram; L:Geometry/Gyrogroup:Gyrogroup; L:Geometry/Gyrogroup:coadd	formal-checked	
frame.six-sphere-period-equivariance	complex, navigator	Π = [[6μ, τ, 1, 0],[β, μ, 0, 1]]: Π(g_i p) = R_i Π(p) M_i;  det R₁ = −1/τ, det R₂ = 1/τ, R₀ = 1;  Q₀ alternating, T_i-invariant, rows isotropic	the period matrix is exactly equivariant for the three generators, with an invariant alternating form	τ ≠ 0; pointwise period data	L:Geometry/SixSpherePeriods:periodMatrix_g1_equivariant; L:Geometry/SixSpherePeriods:periodMatrix_g2_equivariant; L:Geometry/SixSpherePeriods:periodMatrix_g0_equivariant; L:Geometry/SixSpherePeriods:Q0_is_T1_invariant; L:Geometry/SixSpherePeriods:periodRows_q0_isotropic; L:Geometry/SixSpherePeriods:R1_det	formal-checked	uses:cell.six-sphere-monodromy
frame.six-sphere-real-determinant	complex	det(real Π) = Im τ Im β − 6(Im μ)² = Im τ · D, D = Im β − 6(Im μ)²/Im τ;  Im τ > 0, D < 0 ⇒ det < 0, columns independent; D invariant under g₀, g₁, g₂;  Im(g_i τ) = Im τ/|τ|²	the real period determinant gate and its generator-invariant defect D	upper half-plane	L:Geometry/SixSpherePeriods:realPeriodMatrix_det_eq_tauIm_mul_D; L:Geometry/SixSpherePeriods:realPeriodMatrix_det_negative; L:Geometry/SixSpherePeriods:realPeriodMatrix_det_ne_zero_iff; L:Geometry/SixSpherePeriods:D_g1; L:Geometry/SixSpherePeriods:g1_tau_im	formal-checked	
frame.six-sphere-hodge-gram-negative	complex, receiver	det(hodgeGram) = 24·(Im τ Im β − 6(Im μ)²) = 2³·3·Im τ·D < 0; hodgeGram not positive semidefinite	the Hermitian form iQ₀(v, v̄) on the period rows is indefinite: the finite obstruction to positive definiteness	Im τ > 0, D < 0	L:Geometry/SixSpherePeriods:hodgeGram_det; L:Geometry/SixSpherePeriods:hodgeGram_det_negative; L:Geometry/SixSpherePeriods:hodgeGram_is_not_positiveSemidefinite; L:Geometry/SixSpherePeriods:derivedHodgeGram_eq_realGram	counterexample	uses:frame.six-sphere-real-determinant
frame.six-sphere-torus-fibre	complex, tower	Λ_p = periods(ℤ⁴) ⊆ ℂ² discrete and closed; ComplexTorusFibre = ℂ²/Λ_p; R_i maps Λ_p onto Λ_(g_i p); transports descend to continuous additive equivalences; A_i = (T_i⁻¹)ᵀ are the variance adapters	the arithmetic monodromy acts on the geometric complex two-torus fibre	Im τ > 0, D < 0	L:Geometry/SixSphereTorusFibre:periodLattice_isDiscrete; L:Geometry/SixSphereTorusFibre:periodLattice_isClosed; L:Geometry/SixSphereTorusFibre:R1_maps_periodLattice; L:Geometry/SixSphereTorusFibre:periodColumnVector_g1_inverseVariance; L:Geometry/SixSphereTorusFibre:torusTransportG1_mk	formal-checked	uses:frame.six-sphere-period-equivariance
frame.swing-preserves-potential	swing, receiver, compression	rebasing observation, receiver and navigators through S_a preserves every history outcome;  dist(S_a x, S_a y) = dist(x, y);  a tolerance on the future family transports through the Swing	rebasing through a Swing preserves every possible future face; in a normed chart it carries a declared tolerance exactly	normed additive chart for the metric part	L:Geometry/SwingPotential:swing_preserves_history_potential; L:Geometry/SwingPotential:swing_preserves_distance; L:Geometry/SwingPotential:swing_transports_tolerance	formal-checked	uses:swing.half-turn
frame.swing-joint-quotient	swing, compression	q(S_a x) = S_(q a)(q x);  q(T_word x) = T̄_word(q x) for primitive Swing words	the joint additive receiver quotient carries the affine Swing and its anchor; Swing words conduct through it exactly	joint receiver history	L:Geometry/SwingPotential:joint_quotient_swing; L:Geometry/SwingPotential:swing_word_joint_receiver_exact; L:Geometry/SwingPotential:swingHistoryCompression	formal-checked	uses:compression.joint-receiver-descent
frame.local-chart-relations	complex, tower	a frame is one local chart joined to others by declared exact maps; geometry is compared only along a unique route or an explicitly supplied route	no global coordinate system: comparison belongs to declared frame relations	exact rational charts	H:crates/holonics/src/geometry/model.rs	definition	uses:frame.pullback-naturality
frame.cayley-rotations	complex, parametron	cayley_rotation_{x,y,z}(t) and rational_circle(t) = ((1 − t²)/(1 + t²), 2t/(1 + t²)) are exact rational rotations	exact frames use rational Cayley rotations; no rendering scalar enters the kernel	t ∈ ℚ	R:holonics::geometry::exact::cayley_rotation_z; R:holonics::geometry::exact::rational_circle	definition	uses:chain.cayley-z-chart
frame.receiver-projection	complex, receiver, receipt	projection is a map owned by the receiver; projected rate by the exact first derivative; pole/focal-plane crossings are refused rather than differentiated through	a projected face and its rate are receiver testimony, not a reconstruction of the source	receiver chart	H:crates/holonics/src/geometry/projection.rs	definition	
frame.receiver-topology	complex, receiver, cycle	a regular projected crossing splits only in the receiver diagram and keeps both source branches and their over/under order; faces and dual graph are receiver testimony	source incidence and projected incidence are distinct	one receiver	H:crates/holonics/src/geometry/receiver_topology.rs; L:Foundation/TopologicalReceiver:linkingTotal_comm	definition	uses:winding.linking-number
phase.two-sided-pythagoras	parametron, swing, ratio	C = e(1 − k t²)/(1 + k t²), S = 2et/(1 + k t²), e² = 1: C² + k S² = 1;  numerator (e(1 − kt²))² + k(2et)² − (1 + kt²)² = 0	the two-sided (curvature-k) half-angle chart: circular k = 1, Galilean k = 0, hyperbolic k = −1; e = −1 = e^{iπ} is the half-turn winding	1 + k t² ≠ 0	L:Geometry/TwoSidedIdentityAtlas:twoSidedPythagoras; L:Geometry/TwoSidedIdentityAtlas:twoSidedPythagorasNumerator; L:Geometry/TwoSidedIdentityAtlas:twoSidedCos	formal-checked	
phase.two-sided-addition	parametron, navigator	C(a+b) = C_a C_b − k S_a S_b, S(a+b) = S_a C_b + C_a S_b, winding of the sum e₁e₂	the addition laws hold uniformly in the curvature k; the sum's winding is forced by the group law	nonvanishing denominators	L:Geometry/TwoSidedIdentityAtlas:twoSidedCosineAddition; L:Geometry/TwoSidedIdentityAtlas:twoSidedSineAddition	formal-checked	uses:phase.two-sided-pythagoras
phase.galilean-chart-not-fibre	parametron, compression	k = 0: C = e ∈ {1, −1}; principal chart e = 1 certifies C − 1, the half-turn chart refutes it	a chart family that omits a component certifies a non-identity (V(xy) charted only on y = 0)	ℚ witness	L:Geometry/TwoSidedIdentityAtlas:galileanPrincipalChartIsNotTheFibre	counterexample	obstructs:phase.two-sided-pythagoras
phase.two-sided-algebra	parametron, ratio	A_k = ℝ[ι]/(ι² − k); the trigonometric exponential is generated by iι with (iι)² = −k; (C,S)(C',S') = (CC' − kSS', SC' + CS')	the two-sided algebra and the conic C² + kS² = 1 use related but different generators; stating it avoids swapping circular and hyperbolic signs	denominator domain retained	D:docs/HELICAL_GEOMETRY.md#two-sided-angles-are-an-algebraic-chart-of-this-construction	definition	uses:phase.two-sided-pythagoras
phase.rational-phase-winding	parametron, aeon, navigator	RationalPhase = (Cayley half-angle parameter, extra_turns per passage); closed period: lifted winding = polygon + period·extra_turns; nonclosed period returns its exact endpoint discrepancy	a rational Cayley point need not close at any finite period; the parameter is not a turn count or rational angular rate	finite closure checked separately	D:docs/WINDING_CARRY_AND_PLACEMENT.md#1-helix--circle--carry; H:crates/holonics/src/geometry/screw.rs	definition	uses:chain.cayley-z-chart
phase.half-turn-receiver	parametron, swing	e^{i(θ+π)} = e^{iπ} e^{iθ} = −e^{iθ}; pump storage invariant under θ ↦ θ + π; locked sheets θ ∈ {0, π} with spin face ±1; whole turns invisible to the carrier	the parametron is a driven half-turn receiver: the half-turn is the Swing on the phase carrier	real phase	L:Physics/PhaseCarrier:phaseCarrier_halfTurn_isSwingReceiver; L:Physics/PhaseCarrier:pumpStorage_halfTurnSheet; L:Physics/PhaseCarrier:phaseCarrier_fullTurn_fibre; L:Physics/PhaseCarrier:phaseCarrier_binaryPhase	formal-checked	uses:swing.half-turn
phase.i-power-i-winding	parametron, ratio, aeon	log_n i = i(π/2 + 2πn), exp(log_n i) = i ∀n;  i^i_n = exp(i·log_n i) = e^(−π/2 − 2πn) ∈ ℝ	i^i is a winding-resolved family of real numbers, one per branch; the principal face is n = 0	n ∈ ℤ	L:Physics/PhaseCarrier:windingIPowerI_eq; L:Physics/PhaseCarrier:exp_windingLogI; L:Physics/PhaseCarrier:logarithmicWindingHolon_hasDistinctOccurrences	formal-checked	uses:ratio.log-branch
phase.direct-reflected-modulation	parametron, swing	real-linear scalar passage z ↦ a z + b z̄: composition law; mirror twice is identity; real determinant = |a|² − |b|²	a complex carrier's real-linear passage has a direct and a conjugate (reflected) coefficient; a mirror is conjugate-linear	a, b ∈ ℂ	L:Physics/PhaseCarrier:modulatedCarrier_real_determinant; L:Physics/PhaseCarrier:modulatedCarrier_compose; L:Physics/PhaseCarrier:modulatedCarrier_mirror_twice	formal-checked	
phase.infinite-tower-i	parametron, aeon	z = i^(i^(i^⋯)) is the constraint z = e^((iπ/2)z) on the principal branch, z = (2i/π) W(−iπ/2), attracting since (π/2)|z| < 1; arg z = (π/2)Re z, |z| = e^(−(π/2) Im z)	the tower of i: the real part turns and the imaginary part contracts, a quarter-turn split between circulation and dissipation	principal branch; never a float	D:docs/ELEMENTARY_OBJECTS.md#6-tube-and-tower	definition	uses:phase.i-power-i-winding
jet.telescoping	navigator, cycle	Σ_(k<n) (f(k+1) − f(k)) = f(n) − f(0);  closed path f(n) = f(0) ⇒ sum 0;  (Σ_(k<n) r^k)(1 − r) = 1 − rⁿ	finite telescoping and the geometric remainder, exact over any group or ring		L:Geometry/Telescoping:finite_telescoping; L:Geometry/Telescoping:closed_path_exact_sum_zero; L:Geometry/Telescoping:finite_geometric_remainder	formal-checked	
jet.truncation-ladder	tower, ratio	truncate_r ∘ truncate_s = truncate_r (r ≤ s);  truncate_r c = truncate_r d ⇔ c_i = d_i ∀i ≤ r;  one step's fibre is the dropped top coefficient	jet restriction is a projection whose fibre is exactly what it forgets	coefficients over ℚ	L:Transport/JetStaircase:truncate_comp; L:Transport/JetStaircase:truncate_eq_iff; L:Transport/JetStaircase:truncate_fibre_is_the_top_coefficient; L:Transport/JetStaircase:truncate_forgets_above	formal-checked	
jet.staircase-difference	ratio, epoch, navigator	Δ C(·, k+1) = C(·, k);  Δ(Σ_(k≤r+1) a_k C(·,k)) = Σ_(k≤r) a_(k+1) C(·,k);  a_j = (Δʲ f)(0);  Δ^(r+1) annihilates an order-r jet	difference data and jet data are one exact Newton/Mahler change of basis over ℚ; the staircase has exactly r + 1 steps	ℕ tick lattice	L:Transport/JetStaircase:delta_ofCoefficients; L:Transport/JetStaircase:coefficient_eq_iteratedDelta_at_zero; L:Transport/JetStaircase:iteratedDelta_ofCoefficients_eq_zero; L:Transport/JetStaircase:delta_eq_difference	formal-checked	uses:ratio.jet
jet.square-second-difference	ratio, epoch	Δ²(n²) = 2, Δ³(n²) = 0	the quadratic coordinate's second difference is the constant 2 and its third vanishes: the cusp's staircase on the induced flux face	ℕ	L:Transport/JetStaircase:square_secondDifference; L:Transport/JetStaircase:square_thirdDifference	formal-checked	instance-of:jet.staircase-difference
jet.rebuild-from-differences	ratio, compression	integrate(f(0), Δf) = f;  rebuild_k((Δⁱf)(0))_(i<k), Δᵏ f) = f	a sequence is reconstructed exactly from its k-th difference column and its k boundary differences	ℕ → ℚ	L:Transport/JetStaircase:integrate_delta; L:Transport/JetStaircase:rebuild_iteratedDelta; L:Transport/JetStaircase:delta_integrate	formal-checked	uses:jet.staircase-difference
jet.d-finite-navigator	navigator, compression, landmark	D-finite function = annihilating operator with finite initial data; closed under sum, product, integral; equality decided by a supplied annihilator and sufficient initial data	an admitted D-finite function is an algorithmic navigator; creative telescoping builds recurrences for sums and integrals with boundary terms	admitted germ/domain	D:docs/WINDING_CARRY_AND_PLACEMENT.md#6-continuing-and-compression-of-functionality	proved-standard	
jet.names	ratio, aeon	log-ratio jet (ℓ, dℓ, d²ℓ, d³ℓ, d⁴ℓ, d⁵ℓ, d⁶ℓ) read as position-like, velocity, acceleration, jerk, snap, crackle, pop; force-current jets yank, tug, snatch, shake correspond to jerk, snap, crackle, pop	jet names are receiver labels on orders, asserting no kinematic law	declared chart	L:Objects/Ratio:logJet; L:Geometry/HolonicPantographicSwingJets:forceDerivativeDimension_eq_mass_add_lengthJetDimension; D:docs/ELEMENTARY_OBJECTS.md#9-ratio	definition	uses:ratio.jet
jet.shifted-leibniz	ratio, navigator	Δ_g(f·h) = f·Δ_g h + (Δ_g f)·(h∘T_g) (shifted Leibniz); a difference word returns the complete ledger of occurrence-level product faces	higher differences along a word keep their chronology; binomial formulas are quotients of the ledger	commutative ring faces	L:Foundation/HigherDifferenceTransport:difference_mul; L:Foundation/HigherDifferenceTransport:differenceWord_mul_eq_ledgerSum; L:Foundation/HigherDifferenceTransport:productLedger_retains_word	formal-checked	uses:jet.staircase-difference
jet.chronology-not-free	ratio, navigator	difference word [flip, erase] reads −1, [erase, flip] reads 0 on the same receiver; interchange receipt ⇒ permutation invariance	a higher-difference word does not collapse to its multiset without an interchange receipt	finite noncommuting control	L:Foundation/HigherDifferenceTransport:chronology_free_collapse_fails; L:Foundation/HigherDifferenceTransport:differenceWord_eq_of_perm; L:Foundation/HigherDifferenceTransport:difference_commutes_of_interchange	counterexample	obstructs:jet.shifted-leibniz
jet.local-reciprocal	ratio	denominator · Δ_word(1/denominator) = principal face + remainder, given an inverse on the visited successor window only	the reciprocal's higher differences recur locally, assuming an inverse only where the word actually visits	local inverse on the successor window	L:Foundation/HigherDifferenceTransport:localReciprocal_recurrence; L:Foundation/HigherDifferenceTransport:differenceWord_mul_eq_principal_add_remainder	formal-checked	uses:jet.shifted-leibniz
jet.annihilator-pruning	ratio, compression	a face is removed only with a proof its value is zero; pruning preserves the ledger sum; ‖sum‖ ≤ (#active)·max‖face‖; strict scale descent: each retained face points to a strictly lower order	proof-bearing annihilators compress a higher-difference ledger without losing its sum	normed faces	L:Foundation/HigherDifferenceAnnihilator:ledgerSum_eq_activeLedger; L:Foundation/HigherDifferenceAnnihilator:norm_ledgerSum_le_activeLength_mul; L:Foundation/HigherDifferenceScaleDescent:norm_strictOrderReturn_le_envelope; L:Foundation/HigherDifferenceScaleDescent:predecessor_lt	formal-checked	uses:jet.shifted-leibniz
tower.scale-square	tower, navigator, holarchy	π A_fine = A_coarse π ⇒ π A_fineⁿ = A_coarseⁿ π ∀n;  defect S = π A_f − A_c π;  S x = 0 ⇔ π(A_f x) = A_c(π x)	a commuting scale square propagates to every horizon; its operator defect read at a state is the pointwise square	linear restriction π	L:Holon/Restriction:scale_square_pow; L:Holon/Restriction:squareDefect; L:Holon/Restriction:squareDefect_mulVec_eq_zero_iff; D:docs/ELEMENTARY_OBJECTS.md#3-navigator; R:holonics::holon::restriction::SquareDefect	formal-checked	
tower.shift-no-coarse-navigator	tower, navigator	fine shift ẋ₁ = x₂, ẋ₂ = 0 read by x₁: defect at (0,1) is 1 for every coarse a;  diagonal diag(a,b) closes with coarse a	a dynamic reduction can have a nonzero defect for every coarse navigator; a diagonal one closes exactly	witnesses over ℚ	L:Holon/Restriction:shift_has_no_coarse_generator; L:Holon/Restriction:diagonal_square	counterexample	obstructs:tower.scale-square
tower.descent-total	tower, receiver, compression	∀ π, ρ: (∃ ρ̄, ρ = ρ̄∘π) ∨ (∃ x,y, πx = πy ∧ ρx ≠ ρy);  a separated merged pair refutes every coarse reading	every reading either descends through a restriction or exhibits a merged pair it separates; the defect keeps its fibre and separator	any maps	L:Holon/Restriction:descent_total; L:Holon/Restriction:descent_defect_refutes_factoring; L:Holon/Restriction:Descent	formal-checked	uses:receipt.standing-law
tower.affine-fibre	tower, receipt, compression	A·particular = y, A r_i = 0 ⇒ A(particular + Σ c_i r_i) = y	a retained affine fibre particular + span(radical) lies in the preimage, so no representative is chosen	linear A	L:Holon/Restriction:affineFibre_mem	formal-checked	
tower.gluing-passage	tower, holarchy, compression	Glues ⇔ Obstruction = ∅, Obstruction = {c | locally admissible ∧ ¬∃r, realize r = c}	gluing is exactly the emptiness of the obstruction population of locally admissible candidates no realizer carries	realization lands in local admissibility	L:Foundation/GluingPassage:glues_iff_obstruction_isEmpty; L:Foundation/GluingPassage:not_glues_iff_obstruction_nonempty; L:Foundation/GluingPassage:Obstruction	formal-checked	specializes:compression.cokernel
tower.boundary-scale-passage	tower, complex	π ∘ ∂_fine = ∂_coarse ∘ π; passages compose	scale-natural boundary transport shared by chain, topology and physical realizations		L:Foundation/BoundaryScalePassage:transport_boundary; L:Foundation/BoundaryScalePassage:comp_transport_boundary	formal-checked	
tower.successor-witness-section	tower	inhabited base + surjective successor restrictions ⇒ a coherent section through all depths; bool flip self-loop: surjective yet no coherent section	the local-to-global existence law for a sequence of witness fibres, and the loop obstruction it cannot pass	ℕ-indexed fibres	L:Foundation/SuccessorWitnessSystem:nonempty_coherentSection; L:Foundation/SuccessorWitnessSystem:coherentWitness_compatible; L:Foundation/SuccessorWitnessSystem:boolFlipCoherent_isEmpty	formal-checked	uses:tower.adjacent-surjective-section
tower.continuing-tower	tower, holarchy	Tower: Face_i over a refinement preorder, restrict: i ≤ j → Face j → Face i with restrict_refl = id, restrict_trans;  CompatibleSection = thread (s_j) with restrict s_j = s_i	a tower is the transverse restriction across grains; its compatible sections are the continuing object	refinement preorder	L:Foundation/ContinuingTower:Tower; L:Foundation/ContinuingTower:CompatibleSection; L:Foundation/ContinuingTower:restrict_self_eq_id; D:docs/ELEMENTARY_OBJECTS.md#6-tube-and-tower	definition	
tower.gluing	tower, holarchy	GluingResult ∈ {unique, plural, obstructed}, total	gluing of a tower's compatible sections is unique, plural or obstructed, and exactly one is returned	any tower	L:Foundation/ContinuingTower:gluingResult_total; L:Foundation/ContinuingTower:GluingResult	formal-checked	uses:tower.continuing-tower
tower.round-trip-no-holonomy	tower, complex	restrict_refl forces every one-chart restriction to be the identity; every index loop is coherent; the bool-flip self loop is empty	a tower's own restrictions carry no holonomy; the loop obstruction lives in the atlas cocycle defect	functorial tower	L:Foundation/ContinuingTower:restrict_roundTrip; L:Foundation/ContinuingTower:restrict_self_eq_id; L:Foundation/ContinuingTower:boolFlipSelfLoop_isEmpty	formal-checked	uses:tower.continuing-tower
tower.adjacent-surjective-section	tower	adjacent compatibility ⇒ compatibility at every gap;  inhabited base + surjective adjacent restrictions ⇒ ∃ compatible section	over ℕ adjacent restrictions suffice, and surjective ones construct a coherent history through all depths	tower over ℕ	L:Foundation/ContinuingTower:compatible_of_adjacent; L:Foundation/ContinuingTower:nonempty_compatibleSection_of_surjectiveAdjacent	formal-checked	uses:tower.continuing-tower
tower.observation-fibre	tower, receipt, compression	ObservationFibre(face at chart i) = PreimageFibre of the restrict-to-chart receiver (definitional);  Carried ⇔ fibre inhabited;  obstruction nonempty ⇔ not glues	the population behind one materialized face is exactly the preimage fibre; a tower at one chart is a gluing passage		L:Foundation/ContinuingTower:observationFibre_eq_preimageFibre; L:Foundation/ContinuingTower:carried_iff_observationFibre; L:Foundation/ContinuingTower:obstruction_nonempty_iff; L:Foundation/ContinuingTower:chartReceiverTransformer_iff	formal-checked	uses:tower.gluing-passage
tower.continuing-transition	tower, complex, compression	Transition: apply with retained residual; (apply x, residual x) injective; later receiver factors through (apply, residual); residual separates what apply merges;  invertible ⇔ residual subsingleton	a non-invertible chart map carries the part of the source it does not transport, with its reopening	any charts	L:Foundation/ContinuingTower:Transition; L:Foundation/ContinuingTower:apply_residual_injective; L:Foundation/ContinuingTower:laterReceiverFactors; L:Foundation/ContinuingTower:residual_separates; L:Foundation/ContinuingTower:injective_of_subsingleton_residual	formal-checked	
tower.transition-composition	tower, complex	residual(T₂ ∘ T₁) = (residual T₁, residual T₂);  associator on residuals;  linear section: residual receiver-blind	composition composes residuals as a pair; the linear section residual is one instance		L:Foundation/ContinuingTower:comp_residual; L:Foundation/ContinuingTower:compAssocResidualEquiv_residual; L:Foundation/ContinuingTower:ofLinearSection_residual_receiverBlind	formal-checked	uses:tower.continuing-transition
tower.transition-every-word	tower, navigator, compression	equivariant transition ⇒ ReceiverHistoryCompression; apply(T_w x) = T̄_w(apply x) and the residual reopens after every word	an equivariant transition inherits the every-ordered-word law	equivariant transition	L:Foundation/ContinuingTower:toReceiverHistoryCompression; L:Foundation/ContinuingTower:apply_transportWord; L:Foundation/ContinuingTower:residual_reopens_after_word	formal-checked	uses:tower.continuing-transition
tower.padic-plural	tower	padicTower: Face_n = ℤ/pⁿ, cast restrictions surjective; gluing plural; ℤ_p ≃ CompatibleSection	the p-adic tower is the plural witness and its sections are exactly ℤ_p	prime p	L:Foundation/ContinuingTower:padicTower_plural; L:Foundation/ContinuingTower:padicTower_gluing; L:Foundation/ContinuingTower:padicSectionEquiv; L:Foundation/ContinuingTower:padicTower_restrict_surjective	formal-checked	instance-of:tower.gluing
tower.padic-fibre-splitting	tower, compression	fibre over a level-m face at level m+k ≃ ZMod(p^k);  one refinement step splits it into exactly p cosets;  same face ⇔ difference ∈ (pⁿ)	the exact fibre splitting of the p-adic tower	prime p	L:Foundation/ContinuingTower:padicFibre_card; L:Foundation/ContinuingTower:padicAdjacentFibre_card; L:Foundation/ContinuingTower:padic_sameFace_iff_sub_mem_ker; L:Foundation/ContinuingTower:padicObservationFibre_reaches_exactly_p	formal-checked	uses:tower.padic-plural
tower.shift-obstructed	tower	shiftTower: every level inhabited, adjacent restrictions not surjective, no coherent section, obstruction nonempty	a tower can have every level inhabited and no compatible section	witness	L:Foundation/ContinuingTower:shiftTower_obstructed; L:Foundation/ContinuingTower:shiftTower_not_glues; L:Foundation/ContinuingTower:shiftTower_adjacent_not_surjective	counterexample	instance-of:tower.gluing
tower.coarse-grain-transition	tower, compression	coarseGrain not injective; residual retained; composed residual is the pair and reassembles the source	a concrete non-invertible transition whose composition law is exact	witness	L:Foundation/ContinuingTower:coarseGrain_not_injective; L:Foundation/ContinuingTower:coarseGrain_residual; L:Foundation/ContinuingTower:coarseGrain_comp_residual_reassembles	formal-checked	instance-of:tower.continuing-transition
tower.order-face-not-module	tower, receipt	ℤ/4 and ℤ/2 ⊕ ℤ/2: same order 4 = 2², not isomorphic	the order face does not determine the module	witness	L:Foundation/ContinuingTower:theOrderFaceDoesNotDetermineTheModule	counterexample	
tower.migration	tower, complex	Migration: functor of index categories + natural transformation on faces; compose, identity; Rebase is the invertible instance; ResidualMigration ≃ family of transitions satisfying naturality	a migration changes the whole chart family; naturality is genuine content beyond the chartwise transitions		L:Foundation/ContinuingTower:Migration; L:Foundation/ContinuingTower:rebaseMigration; L:Foundation/ContinuingTower:naturality_is_genuine_content; L:Foundation/ContinuingTower:ofTransitionFamily_transition; L:Foundation/ContinuingTower:residual_is_not_determined_by_the_face_map	formal-checked	uses:tower.continuing-transition
tower.migration-incomparable	tower, complex	ConnectsIncomparableCharts ⇒ ¬FactorsThroughRefinement; two charts with no common refinement; swap migration connects them	a migration can pass between incomparable charts where no tower restriction goes (the wormhole)	two-chart index	L:Foundation/ContinuingTower:not_factorsThroughRefinement_of_connectsIncomparableCharts; L:Foundation/ContinuingTower:swapMigration_connectsIncomparableCharts; L:Foundation/ContinuingTower:twoCharts_no_common_refinement	formal-checked	uses:tower.migration
tower.reverse-passage-is-residual	tower, compression	ReversePassage exists ⇔ component injective ⇔ residual subsingleton;  residual restores the reverse passage	traversability back along a migration is decided by the residual and nothing else		L:Foundation/ContinuingTower:traversability_is_the_residual; L:Foundation/ContinuingTower:reversePassage_of_injective; L:Foundation/ContinuingTower:not_reversePassage_of_not_injective; L:Foundation/ContinuingTower:padicHalfMigration_residual_restores_the_reverse_passage	formal-checked	uses:tower.migration
tower.cyclotomic-coprime-irreducible	tower	gcd(m,n) = 1 ⇒ Φ_n irreducible over ℚ(ζ_m), [ℚ(ζ_mn) : ℚ(ζ_m)] = φ(n)	the horizontal (coprime) layer is irreducible by the tower law of degrees	coprime m, n	L:Foundation/IwasawaTower:theCyclotomicPolynomialIsIrreducibleOverTheCoprimeLevel; L:Foundation/IwasawaTower:theRelativeCyclotomicDegreeIsTheTotient; L:Foundation/IwasawaTower:theCoprimeIrreducibilityIsNotVacuous; L:Foundation/IwasawaTower:theRelativeOrbitFillsTheCoprimeLevel	formal-checked	
tower.ramified-layer-reducible	tower	(p,k) ≠ (2,1), k ≥ 1 ⇒ Φ_(p^(k+1)) reducible over ℚ(ζ_(p^k)); the vertical layer has degree p	the vertical ℤ_p layer is totally ramified of degree p and does not need (or have) relative irreducibility	prime p	L:Foundation/IwasawaTower:theRamifiedLayerCyclotomicIsReducible; L:Foundation/IwasawaTower:thePPowerLayerHasDegreeP	counterexample	obstructs:tower.cyclotomic-coprime-irreducible
tower.filtration-is-tower	tower, compression	antitone filtration N_n of M ⇒ quotientTower; section map M → sections injective ⇔ ⋂ N_n = 0 (separated); surjective under completeness	any antitone filtration of a module is a tower; separation is exactly injectivity of the section map	completeness carried as a hypothesis	L:Foundation/IwasawaTower:quotientTower; L:Foundation/IwasawaTower:quotientTowerSection_injective_iff; L:Foundation/IwasawaTower:quotientTowerSection_bijective_of; L:Foundation/IwasawaTower:omegaTowerSection_injective_iff	formal-checked	uses:tower.continuing-tower
tower.control-kernel-cokernel	tower, compression	level Selmer control map: injective ⇔ kernel trivial; bijective ⇔ both residuals trivial; a family with both control residuals nonzero	the control map keeps its kernel and cokernel as retained residuals	abstract additive levels	L:Foundation/IwasawaTower:control_bijective_iff_residuals; L:Foundation/IwasawaTower:theControlKernelAndCokernelAreBothRetained; L:Foundation/IwasawaTower:cokernel_subsingleton_iff	formal-checked	uses:compression.cokernel
tower.characteristic-face-blind	tower, receipt, compression	Λ/(T²) and Λ/(T) ⊕ Λ/(T): same characteristic ideal (T²), not isomorphic (T annihilates only the second);  a nonzero pseudo-null module killed by p and T has unit characteristic ideal	the codimension-one characteristic face does not determine the module and is blind above codimension one	Λ = ℤ_p[[T]]	L:Foundation/IwasawaTower:theCharacteristicFaceDoesNotDetermineTheModule; L:Foundation/IwasawaTower:thePseudoNullResidueIsInvisibleToTheFace	counterexample	
tower.main-conjecture-not-identity	tower, receipt	TheMainConjecture = equality of two codimension-one faces (open Prop); face equality ⇏ module equality	the main conjecture is receiver exactness, not source identity	open	L:Foundation/IwasawaTower:theMainConjectureIsNotSourceIdentity; L:Foundation/IwasawaTower:TheMainConjecture	open	uses:tower.characteristic-face-blind
tower.iwasawa-growth-law	tower	|M/ω_n M| = p^(μ pⁿ + λ n + ν), n ≫ 0;  ω_n: μ = 0, λ = pⁿ	μ and λ are growth exponents read from a distinguished factorization (cited Iwasawa 1959, Washington Thm 13.13), not proved here	finitely generated torsion Λ-module	L:Foundation/IwasawaTower:TheGrowthLaw; L:Foundation/IwasawaTower:omegaWeierstrassData	proved-standard	
tower.grain-selection-not-restriction	tower, receipt, contact	selection Inside ⇒ fine Inside; equal aperture not lawful (fine-only Inside pairs exist); selection is a lawful Tower yet not the restriction	a coarse grain chosen by selection is a lawful tower but under-reports fine contacts; tower laws cannot detect the difference	grain axis component ⊑ residue ⊑ atom	L:Foundation/GrainRestriction:selection_inside_implies_fine_inside; L:Foundation/GrainRestriction:equal_aperture_is_not_lawful; L:Foundation/GrainRestriction:selectionTower	counterexample	uses:tower.continuing-tower
tower.grain-radius-inflation	tower, contact	d_coarse ≤ d_fine + r₁ + r₂ (grain radii) ⇒ coarse aperture a + r₁ + r₂ carries every fine contact	the inflation of a coarse aperture is forced by the grain radius through the triangle inequality, not a safety factor	pseudo-distance	L:Foundation/GrainRestriction:coarse_distance_le_fine_aperture_add_radii; L:Foundation/GrainRestriction:inflated_carries_every_fine_contact	formal-checked	
tower.residual-not-open-class	tower, compression, contact	the grain residual reopens the source; an open (undecided) admission is a plural family no function realizes; residual does not close an open reading; a narrower interval decides	a grain residual and an undecided reading are two different objects a coarse receiver fails to carry		L:Foundation/GrainRestriction:grain_residual_and_open_class_are_two_objects; L:Foundation/GrainRestriction:open_admission_is_not_a_residual; L:Foundation/GrainRestriction:residual_does_not_close_an_open_reading; L:Foundation/GrainRestriction:narrower_interval_decides	formal-checked	uses:complex.aperture-trichotomy
tower.contact-class-join	tower, contact	outside < openContact < inside; join idempotent, commutative, associative; block join = inside ⇔ some member inside	restricting a contact class to a coarser grain is the join over the block		L:Foundation/GrainRestriction:classJoin_assoc; L:Foundation/GrainRestriction:classJoin_comm; L:Foundation/GrainRestriction:foldr_classJoin_eq_inside_iff	formal-checked	
tower.filtration-persistence	tower, receipt	filtration = Tower on the order dual; persistent range functorial, rank monotone;  μ(b,d) = β^(b+1,d) − β^(b,d) − β^(b+1,d+1) + β^(b,d+1); equal persistent ranks ⇒ equal pairing	a filtration is a tower on the reversed index, and its persistence pairing is determined by the persistent ranks, independent of reduction choices	finite bar population	L:Foundation/TopologicalReceiver:multiplicity_eq; L:Foundation/TopologicalReceiver:multiplicity_eq_of_rank_eq; L:Foundation/TopologicalReceiver:bornAt_eq_of_rank_eq; L:Foundation/TopologicalReceiver:persistentRank_le_left; L:Foundation/TopologicalReceiver:toTower_restrict	formal-checked	uses:tower.continuing-tower
tower.ordered-word-chain	tower, complex, navigator	ordered words as generators: ∂(prefix apex·triangle) = triangle − apex·∂triangle; closed triangle current ⇒ tetrahedron boundary of its prefix cone is the current	an ordered word is an occurrence; its elementary cone contracts in degree two	repetitions and reversals stay distinct	L:Foundation/OrderedWordChain:tetrahedronBoundary_prefixTriangle; L:Foundation/OrderedWordChain:tetrahedronBoundary_prefixTriangle_of_closed; L:Foundation/OrderedWordChain:closedPrefixHolon	formal-checked	
tower.hensel-thread	tower, ratio	a coherent thread lifts level by level, uniquely when the lifting condition holds (Hensel: f(a) ≡ 0 mod p, f'(a) ≢ 0 ⇒ unique lift mod pᵏ)	continuing = a compatible thread through a tower; unique lifting requires its lifting condition	prime p, simple root	D:docs/WINDING_CARRY_AND_PLACEMENT.md#6-continuing-and-compression-of-functionality; L:Foundation/ContinuingTower:nonempty_compatibleSection_of_surjectiveAdjacent	proved-standard	uses:tower.continuing-tower
tower.minimal-realization	tower, compression, receiver	Myhill–Nerode / Kalman minimal realization = future-distinguishability = StandingLaw; D E = ρ, E_next T_g = U_g E	compression of functionality keeps what admitted futures distinguish and the gluing between levels	finite-state or linear systems	D:docs/WINDING_CARRY_AND_PLACEMENT.md#6-continuing-and-compression-of-functionality; L:Foundation/Standing:standingLaw_exists_iff_future_factors	proved-standard	uses:compression.retention-quotient
tower.cascade-holonomy-decomposition	tower, compression, navigator	finite transformation semigroups decompose into permutation/reset cascades with state-dependent interlevel dependencies and a covering map; reset maps have no inverse	the carry cocycle is one concrete gluing, not a classification of every cascade	finite semigroups (holonomy decomposition)	D:docs/WINDING_CARRY_AND_PLACEMENT.md#6-continuing-and-compression-of-functionality	proved-standard	uses:winding.carry-cocycle
iwasawa.tower	tower, navigator	ω_n = (1+T)^(pⁿ) − 1: monic, deg pⁿ, distinguished (p | lower coefficients, ω_n(0) = 0), ω_n | ω_(n+1);  rank_(ℤ_p) Λ/(ω_n) = pⁿ;  ℤ_p[T]/(ω_n) ≅ ℤ_p[γ]/(γ^(pⁿ) − 1), γ = 1+T	the finite Iwasawa level is the group ring of Γ/Γ_n ≅ ℤ/pⁿ, with a divisibility chain of distinguished polynomials	prime p, Λ = ℤ_p[[T]]	L:Foundation/IwasawaTower:omegaPoly_isDistinguished; L:Foundation/IwasawaTower:omegaPoly_dvd_succ; L:Foundation/IwasawaTower:omegaQuotient_finrank; L:Foundation/IwasawaTower:omegaGroupRingEquiv; L:Foundation/IwasawaTower:omegaPoly_natDegree	formal-checked	instance-of:tower.continuing-tower
fractal.packing	navigator, tower	Cell [a,b]: left child [a, a + w/3], right child [b − w/3, b]; child width w/3; gap w/3 > 0; descend w root has width 3^(−|w|)	the exact rational two-branch packing: restriction, rebase, separation and lineage recur together at every depth	rational Cantor carrier	L:Foundation/FractalPacking:child_width; L:Foundation/FractalPacking:sibling_gap; L:Foundation/FractalPacking:descend_width; L:Foundation/FractalPacking:contains_descend; L:Foundation/FractalPacking:siblings_separated	formal-checked	
fractal.restriction-word-address	navigator, tower, key	polarized addresses share a parent and their descendants are separated; descend[left,right] ≠ descend[right,left]	an ordered source word is the navigator's address: a restriction word cannot collapse to a multiset		L:Foundation/FractalPacking:restriction_word_cannot_collapse_to_a_multiset; L:Foundation/FractalPacking:polarized_descendants_are_separated; L:Foundation/FractalPacking:polarized_addresses_share_parent	formal-checked	uses:fractal.packing
trace.site-classification	navigator, ratio, landmark	det M = 1: |tr| < 2 rotation, tr/2 = cos θ (winding);  |tr| = 2 null (double root, lock);  |tr| > 2 boost, tr/2 = cosh χ = γ;  factor 1−aT+qT²: a² ≤ 4q ⇔ roots on |T| = q^(−½)	a navigator site is a rotation, a lock or a boost by its trace face; the Lorentz factor is half the trace and ≤ 0 discriminant is non-hyperbolicity	SL(2) or a quadratic site factor	N:2026-09-24_THE_NULL_CONE_IS_THE_CONSTITUTIONS_LOCK_AND_CLOSURE_IS_A_RECEIVER_READING.md	proved-standard	uses:trace.det-one-minus-tm
trace.boost-torus-entropy	navigator, aeon, cycle	hyperbolic M ∈ SL(2,ℤ) on the clock torus: h = log ρ(M) = log k = rapidity;  [[2,1],[1,1]]: tr 3, γ = 3/2, k = φ², null lines of slope 1/φ	a boost on the two-clock torus is a hyperbolic automorph whose entropy is its rapidity; its null lines never close	hyperbolic toral automorphisms	N:2026-09-24_THE_NULL_CONE_IS_THE_CONSTITUTIONS_LOCK_AND_CLOSURE_IS_A_RECEIVER_READING.md	proved-standard	uses:trace.site-classification, uses:aeon.two-clocks-lock
fractal.reflected-integration	navigator, swing, tower, receiver	S₀x = x/3, S₁x = (x+2)/3, Jx = 1 − x: S₁ = J S₀ J, J J = 1;  S_(h::w) = S_w∘S_h, S_w x − S_w y = 3^(−|w|)(x − y), descend w root = [S_w 0, S_w 1];  A_n(f,x₀) = 2^(−n) Σ_(|w|=n) f(S_w x₀);  A_(n+1)(f,x) = ½(A_n(f,S₀x) + A_n(f,S₁x)) = ½(A_n(f∘S₀,x) + A_n(f∘S₁,x));  A_(n+m)(f,x) = 2^(−n) Σ_(|w|=n) A_m(f∘S_w,x);  ∫f dμ = ½∫f∘S₀ dμ + ½∫f∘S₁ dμ = 2^(−n) Σ_(|w|=n) ∫f∘S_w dμ;  |A_n(f,x₀) − ∫f dμ| ≤ K·3^(−n)	integration over the Cantor packing: the depth-n word partition is a receiver's grain, its word average reads the integral against the equal-weight self-similar measure, and K·3^(−n) is the residual the grain leaves	f K-Lipschitz on [0,1], x₀ ∈ [0,1]; finite laws in any ordered field (exact over ℚ), the limit in ℝ; ∫f dμ is the limit reflectedIntegral, its identification with a constructed measure is open	L:Foundation/FractalPacking:cantorMap_right_eq_conj; L:Foundation/FractalPacking:reflect_reflect; L:Foundation/FractalPacking:wordMap_sub; L:Foundation/FractalPacking:descend_root_eq_wordMap; L:Foundation/FractalPacking:mem_words; L:Foundation/FractalPacking:nodup_words; L:Foundation/FractalPacking:wordAverage_succ; L:Foundation/FractalPacking:wordAverage_succ_restrict; L:Foundation/FractalPacking:wordAverage_add_restrict; L:Foundation/FractalPacking:reflectedIntegral_self_similar; L:Foundation/FractalPacking:reflectedIntegral_eq_sum; L:Foundation/FractalPacking:abs_wordAverage_sub_reflectedIntegral_le; N:2026-09-25_THE_NATURAL_GRAIN_IS_THE_FUTURE_QUOTIENT_AND_REFLECTION_INTEGRATES_A_FRACTAL_PACKING.md	formal-checked	uses:fractal.packing, uses:fractal.word-average-cauchy, instance-of:swing.half-turn
fractal.word-average-cauchy	receiver, tower	|A_n(f,x) − A_n(f,y)| ≤ K·3^(−n)·|x − y| ≤ K·3^(−n);  |A_(n+k)(f,x) − A_n(f,y)| ≤ K·3^(−n);  |A_n(f,x) − A_m(f,y)| ≤ K·3^(−min(n,m));  hence A_n(f,x₀) is Cauchy and its limit does not depend on x₀ ∈ [0,1]	two base points, or two grains finer than n, differ by at most the coarser grain's residual, so the word averages converge to one integral	f K-Lipschitz on [0,1] (K ≥ 0 follows); x, y ∈ [0,1]; limit in ℝ	L:Foundation/FractalPacking:abs_wordAverage_sub_le_mul; L:Foundation/FractalPacking:abs_wordAverage_sub_le; L:Foundation/FractalPacking:abs_wordAverage_add_sub_le; L:Foundation/FractalPacking:abs_wordAverage_sub_wordAverage_le; L:Foundation/FractalPacking:cauchySeq_wordAverage; L:Foundation/FractalPacking:tendsto_wordAverage	formal-checked	uses:fractal.reflected-integration
fractal.reflection-invariance	swing, navigator, receiver	J S_w J = S_(w̄), w̄ = w with every hand flipped;  w ↦ w̄ permutes the words of length n;  A_n(f∘J, Jx) = A_n(f, x);  ∫f∘J dμ = ∫f dμ;  A_n(id, x) = ½ + 3^(−n)(x − ½), A_n(id, x) + A_n(id, Jx) = 1;  ∫x dμ = ½	integration by reflection: the half-turn about ½ sends every word to its complement word, so the self-similar measure is J-invariant and its centre is read by reflection alone; the first-moment residual of the grain is exactly 3^(−n)(x₀ − ½), zero at the fixed point of J	any ordered field for the finite laws (exact over ℚ); f K-Lipschitz on [0,1] for the limit in ℝ	L:Foundation/FractalPacking:reflect_cantorMap; L:Foundation/FractalPacking:reflect_wordMap_reflect; L:Foundation/FractalPacking:words_map_flip_perm; L:Foundation/FractalPacking:wordAverage_reflect; L:Foundation/FractalPacking:reflectedIntegral_reflect; L:Foundation/FractalPacking:wordAverage_id; L:Foundation/FractalPacking:wordAverage_id_add_reflect; L:Foundation/FractalPacking:reflectedIntegral_id	formal-checked	instance-of:swing.half-turn, uses:fractal.reflected-integration
