em.faraday-successor	holon, coholon, complex	Φ_f(n) − Φ_f(0) = −Σ_{t<n} ∮_{∂f} emf(t)	one face of an exact discrete Faraday history is a successor-current law: flux is the coordinate and negative circulation its source	SatisfiesFaradayHistory on a finite grain	L:Physics/HolonicEntropyActionInduction:faradaySuccessorCurrent_telescopes; L:Physics/HolonicEntropyActionInduction:faradaySuccessorCurrent	formal-checked	instance-of:coupling.holonic-successor-induction
thermal.entropy-production	tube, holon, receiver	S_{k+1} − S_k + J_out,k = σ_k ⇒ S_n − S_0 + Σ J_out = Σ σ;  J_out in ker ρ ⇒ ρ(S_n − S_0) = ρ(Σσ)	a world-tube entropy line telescopes to total interior production minus side current; a balance closes after projection to a receiver when the side current lies in its kernel	additive quantity line, finite epochs	L:Physics/HolonicEntropyActionInduction:CurrentBalance.telescopes; L:Physics/HolonicEntropyActionInduction:CurrentBalance.receiver_difference_eq_production	formal-checked	uses:coupling.holonic-successor-induction, uses:coupling.holonic-entropy-current-balance
heat.second-law-receiver	tube, receiver	σ_k ≥ 0 in the receiver cone, J_out ∈ ker ρ ⇒ ρ S monotone;  ρ(S_n − S_0) = 0 ⇔ every ρ σ_k = 0	entropy increase is relative to a receiver cone, not an absolute scalar clock; a null total change is the nullity of every local production grain	ordered receiver, nonnegative production	L:Physics/HolonicEntropyActionInduction:CurrentBalance.receiver_monotone_of_boundary_kernel; L:Physics/HolonicEntropyActionInduction:CurrentBalance.receiver_difference_eq_zero_iff; L:Physics/HolonicEntropyActionInduction:EntropyCurrentBalance.closed_monotone; L:Physics/HolonicEntropyActionInduction:EntropyCurrentBalance.closed_difference_eq_zero_iff	formal-checked	uses:thermal.entropy-production, uses:coupling.holonic-entropy-current-balance
heat.h-theorem-core	constitution, contact	f monotone ⇒ (y − x)(f y − f x) ≥ 0;  σ = Σ κ_o (y_o − x_o)(f y_o − f x_o) ≥ 0;  f strictly monotone, κ > 0: σ = 0 ⇔ every y_o = x_o	a monotone constitutive response pairs an oriented difference with a difference of the same hand, so interaction production is nonnegative and has no hidden cancellation under a strict response	ordered ring, κ ≥ 0	L:Physics/HolonicEntropyActionInduction:monotoneDifference_product_nonnegative; L:Physics/HolonicEntropyActionInduction:interactionProduction_nonnegative; L:Physics/HolonicEntropyActionInduction:interactionProduction_eq_zero_iff_of_strict; L:Physics/HolonicEntropyActionInduction:strictMonotoneDifference_product_pos_iff	formal-checked	specializes:contact.material, generalizes:coupling.holonic-strict-response-production
heat.thermal-gradient-split	coholon	D_ij = ½(D_ij + D_ji) + ½(D_ij − D_ji);  stretch symmetric, turn antisymmetric with zero diagonal	an inverse-temperature gradient splits into a receiver stretch and a receiver turn on the four addressed axes	4×4 derivative	L:Physics/HolonicEntropyActionInduction:thermalGradient_eq_stretch_add_turn; L:Physics/HolonicEntropyActionInduction:thermalTurn_swap; L:Physics/HolonicEntropyActionInduction:thermalStretch_swap	formal-checked	uses:coupling.holonic-thermal-stretch-turn
heat.entropy-cross-current	holon, receiver, cycle	X_{ij}(L,R) = L_i R_j − L_j R_i;  X_{ji} = −X_{ij};  X(R,L) = −X(L,R);  X(L,L) = 0;  X(L′,R′) − X(L,R) = X(L′−L, R) + X(L′, R′−R)	the entropy/action two-current is an exterior product on four torus axes: oriented, antisymmetric in the Holons, zero on aligned currents, with an exact one-event Leibniz return	commutative scalars; on integer windings it is the six-plane cycle wedge	L:Physics/HolonicEntropyActionInduction:entropyAxisCrossCurrent_returnedDifference; L:Physics/HolonicEntropyActionInduction:entropyAxisCrossCurrent_swap_holons; L:Physics/HolonicEntropyActionInduction:entropyAxisCrossCurrent_aligned; L:Physics/HolonicEntropyActionInduction:entropyAxisCrossCurrent_eq_cycleWedge	formal-checked	uses:holon.stokes, uses:coupling.holonic-entropy-axis-cross-current
heat.cross-current-alignment	holon, receiver	over a field, L ≠ 0: (∀ i,j: X_{ij}(L,R) = 0) ⇔ ∃c: R = cL;  one zero plane keeps a large fibre	the complete six-plane null reading reconstructs one common current line, while a single plane does not	field scalars, nonzero reference	L:Physics/HolonicEntropyActionInduction:allEntropyAxisCrossCurrents_zero_iff_aligned; L:Physics/HolonicEntropyActionInduction:entropyAxisCrossFiber_nontrivial	formal-checked	uses:heat.entropy-cross-current
ph.skew-dissipative-turn	constitution, holon	ṙ(g) = Ω(g,g) − D(g) + s(g) = −D(g) + s(g) for alternating Ω;  s = 0 ⇒ ṙ ≤ 0	alternation annihilates the conservative self-pairing: the skew part circulates while the positive part makes the returned potential rate nonpositive	Ω alternating bilinear, D ≥ 0, explicit source s	L:Physics/HolonicEntropyActionInduction:SkewDissipativeTurnLaw.returnedRate_eq; L:Physics/HolonicEntropyActionInduction:SkewDissipativeTurnLaw.returnedRate_nonpositive_of_source_zero	formal-checked	generalizes:contact.material
heat.free-energy-grain	constitution, receipt	F = E − Θ(S);  F′ − F = (E′ − E) − Θ(S′ − S);  F_after + D = F_before + P_boundary, D ≥ 0, P_boundary = 0 ⇒ F_after ≤ F_before	physical free energy keeps energy and entropy differences separate, and a closed grain with nonnegative dissipation cannot increase it	additive thermal constitution Θ at fixed temperature; rational chart F = E − T·S	L:Physics/HolonicEntropyActionInduction:freeEnergy_difference; L:Physics/HolonicEntropyActionInduction:FreeEnergyBalanceGrain.closed_descends; L:Physics/HolonicEntropyActionInduction:rational_freeEnergy	formal-checked	uses:xent.free-energy-kl
wave.junction-reflection	contact, tube, deposition	Γ = (R − M)/(R + M),  T = 4RM/(R + M)²,  T + Γ² = 1,  Γ = 0 ⇔ R = M,  service rounds = ⌈(R + M)²/(4RM)⌉ = ⌈1/T⌉ (1 when matched, ≥ 2 when unmatched)	a junction between arrived and transmitted populations reflects exactly by the impedance mismatch; crossing and reflected power exhaust the arrival, and an unmatched boundary re-enters at least once more	positive rational populations R, M	L:Computation/HolonicWorldReturnDeposit:transmission_add_reflection_sq; L:Computation/HolonicWorldReturnDeposit:reflection_eq_zero_iff; L:Computation/HolonicWorldReturnDeposit:serviceRounds_eq_ceil_inv_transmission; L:Computation/HolonicWorldReturnDeposit:serviceRounds_ge_two_of_unmatched	formal-checked	uses:learn.route-deposit
physics.port-hamiltonian	holon, constitution, receipt	ẋ = (J − R)∇𝓗(x) + Bu,  y = Bᵀ∇𝓗;  d𝓗/dτ = −⟨f_R, R f_R⟩ + ⟨e_P, f_P⟩ + ⟨e_A, f_A⟩ (+ ½⟨x, Q̇x⟩ for a changing constitution)	a Holon's motion is a bond in its Dirac structure satisfying its element relations: storage rate = −dissipation + port power + active power + deposition work	PortHolon over ℝ: Dirac D on storage/resistive/external/active ports, storage ½⟨x,Qx⟩ or nonlinear 𝓗 with d𝓗 = ⟨e,·⟩	L:Holon/Element:PortHolon.energy_balance; L:Holon/Element:PortHolon.energy_balance_fderiv; L:Holon/Element:PortHolon.power_balance; D:ELEMENTARY_OBJECTS.md#the-holon-as-one-object	formal-checked	uses:holon.power-neutral, uses:holon.energy-balance
ph.triangle-witness	complex, cycle	triangle 0→1→2→0, φ = (0,1,3): drops (1,2,−3), loop current (1,1,1), power 1 + 2 − 3 = 0;  cycle matrix (1,1,1) spans ker dᵀ	a loop current against an exact potential carries zero power	ℚ³ witness	L:Holon/Dirac:triangle_witness; L:Holon/Dirac:triangle_kernelForm; L:Holon/Dirac:triangleCycle_spans	formal-checked	instance-of:holon.kirchhoff-dirac, uses:holon.kirchhoff-is-kernel-form
ph.lc-pump-work	parametron, holon, deposition	ẋ = Ω_LC Q(t)x, Q(t) = diag(c(t), l):  dE/dt = ½ ċ q²;  constant c conserves energy; ċ = 1 at q = 1 supplies ½	the pumped LC loop is a lossless port Holon whose only energy change is the pump's deposition work	time-varying inverse capacitance c(t), fixed 1/L = l	L:Holon/Conformance:lc_pump_work; L:Holon/Conformance:lc_pump_witness; L:Holon/Conformance:lcExchange_skew	formal-checked	uses:parametron.lc-exchange, uses:holon.energy-balance, generalizes:parametron.pump-work
maxwell.stokes-dirac	complex, holon, coholon	Ḋ = d₁ᵀH, Ḃ = −d₁E (skew on edges ⊕ faces);  d₁d₀ = 0 ⇒ d₀ᵀḊ = 0;  ⟨Gx, ẋ⟩ = −⟨Gx, MGx⟩ + ⟨u, BᵀGx⟩ with G = diag(ε⁻¹, μ⁻¹)	Maxwell is the Stokes–Dirac port Holon on the cochain complex: the lossless rate preserves discrete Gauss, and the balance is Joule loss plus source power	finite complex with d₁d₀ = 0; Ohmic conduction M on edges	L:Holon/Conformance:maxwell_balance; L:Holon/Conformance:maxwell_gauss; L:Holon/Conformance:maxwellSkew_skew; L:Holon/Conformance:triangle_face_complex; D:ELEMENTARY_OBJECTS.md#the-holon-as-one-object	formal-checked	instance-of:physics.port-hamiltonian, uses:holon.stokes, uses:holon.maxwell-stokes-dirac
em.energy-cone	holon, coholon, receiver	u = ½(|X|² + |Y|²),  S = c X×Y:  |X×Y|² = |X|²|Y|² − (X·Y)²;  c²u² − |S|² = c²[(|X|² − |Y|²)²/4 + (X·Y)²] ≥ 0 ⇒ |S| ≤ c·u;  Y ∥ X ⇒ S = 0	the electromagnetic Poynting flux never exceeds c times the energy density, with equality only for null fields (|X| = |Y|, X ⟂ Y)	normalized finite field chart (positive constitutive coefficients absorbed), c ≥ 0	L:Physics/MaxwellEnergyCone:energy_cone_identity; L:Physics/MaxwellEnergyCone:flux_speed_bound; L:Physics/MaxwellEnergyCone:cross_norm_identity; L:Physics/MaxwellEnergyCone:flux_zero_for_parallel	formal-checked	uses:maxwell.stokes-dirac
gr.observer-current	receiver, holon, coholon	∂_μ(−T^{μν}u_ν) = −f^ν u_ν − T^{μν}∂_μu_ν;  T symmetric ⇒ only sym(∂u) enters;  Killing (∂_μu_ν + ∂_νu_μ = 0) ⇒ divergence = −f·u	the observer current of a stress-energy tensor is conserved up to the force power and the observer's deformation; a Killing observer sees only the force	finite chart contraction; derivative and force arrays supplied (no manifold divergence theorem)	L:Physics/ObserverBoundaryCurrent:observerCurrentDivergence_eq; L:Physics/ObserverBoundaryCurrent:observerCurrentDivergence_killing; L:Physics/ObserverBoundaryCurrent:observerCurrentDivergence_eq_symmetric_gradient; L:Physics/ObserverBoundaryCurrent:productJetDivergence_eq_observerCurrent	formal-checked	uses:holon.stokes
gr.joined-balance	holon, holarchy, receipt	bulk_L + interface_L = exterior_L, bulk_R + interface_R = exterior_R, interface_L + interface_R = 0 ⇒ bulk_L + bulk_R = exterior_L + exterior_R	a shared interface flux cancels once when two local balances join, whatever the grain	opposite interface orientation	L:Physics/ObserverBoundaryCurrent:joined_balance	formal-checked	uses:holon.interconnect
mass.lorentz-cosines	holon, ratio	⟪P,Q⟫ = E_P E_Q − c² p_P·p_Q;  ⟪P+Q,P+Q⟫ = ⟪P,P⟫ + ⟪Q,Q⟫ + 2⟪P,Q⟫;  ⟪(E,0),(0,p)⟫ = 0 ⇒ ⟪P,P⟫ = E² − c²|p|²	the mass shell E² = (pc)² + (m₀c²)² is the Pythagorean face of the Lorentz law of cosines, because the time and space faces are Lorentz-orthogonal	four-momentum at light speed c	L:Physics/HolonicMassShellFace:lorentzPairing_add_add; L:Physics/HolonicMassShellFace:lorentzPairing_timeFace_spaceFace; L:Physics/HolonicMassShellFace:massShell_iff; L:Physics/HolonicMassShellFace:lorentzPairing_self_eq_faces	formal-checked	uses:coupling.holonic-mass-shell-face
mass.rest-branch	holon, constitution	E² = c²|p|² + (m₀c²)², p = 0, E ≥ 0, c > 0, m₀ ≥ 0 ⇒ E = m₀c²	the positive rest branch of the mass shell is E = m₀c²; stored energy has inertia E/c²	c > 0, m₀ ≥ 0	L:Physics/ReceiverStressEnergy:massShell_positiveRestBranch; L:Physics/ReceiverStressEnergy:massShell_positiveRestBranch_from_owner; D:MASS_ENERGY_AND_CAUSAL_TRANSPORT.md	formal-checked	specializes:mass.lorentz-cosines
mass.photon-pair	holon, ratio	⟪P+Q,P+Q⟫ = 2e₁e₂(1 − cos θ) for massless P, Q;  opposite unit photons: 4;  parallel: 0;  an opposite pair of energy ε has invariant 4ε², below any energy threshold	a composite of massless parts has invariant mass from their angle; positive composite mass does not imply a common positive excitation threshold	c = 1 chart for witnesses	L:Physics/CompositeMassEnergy:massless_pair_norm; L:Physics/CompositeMassEnergy:balanced_opposite_photons; L:Physics/CompositeMassEnergy:parallel_photons_zero_system_norm; L:Physics/CompositeMassEnergy:arbitrarilyLightMassivePhotonPair	formal-checked	uses:mass.lorentz-cosines
mass.exchange-norm	holon	⟪P+dP,P+dP⟫ − ⟪P,P⟫ = 2⟪P,dP⟫ + ⟪dP,dP⟫	an exchanged four-momentum changes the invariant by twice the grip plus its own norm; directional recoil is kept, not replaced by a scalar energy	four-momenta	L:Physics/CompositeMassEnergy:lorentzNorm_exchange	formal-checked	uses:mass.lorentz-cosines
lorentz.boost-scale	ratio, swing	γ²(1 − β²) = 1 ⇒ the boost preserves ⟪P,P⟫;  (γ, β) = (5/3, 4/5);  k > 0: ((k + k⁻¹)/2)² − ((k − k⁻¹)/2)² = 1, γ = (k + k⁻¹)/2, β = (k − k⁻¹)/(k + k⁻¹)	a positive multiplicative scale (Doppler factor) supplies the Lorentz hyperbola rationally without evaluating a logarithm or rapidity	k > 0; rational witness 5/3, 4/5	L:Physics/CompositeMassEnergy:unitBoost_preserves_lorentzNorm; L:Physics/CompositeMassEnergy:multiplicativeScale_lorentz_identity; L:Physics/CompositeMassEnergy:multiplicativeScale_unitBoost_preserves_lorentzNorm; L:Physics/CompositeMassEnergy:rational_boost_parameters	formal-checked	uses:ratio.log-branch
gr.stress-energy-observer	receiver, holon	ρ_u = T(u,u) in signature (−,+,+,+);  perfect fluid: T(rest,rest) = ρ, T_ii = p (i ≠ 0), spatial trace 3p;  boosted u = (5/3,4/3,0,0): T(u,u) = 25ε/9 + 16p₁/9, T(u,s) = 20(ε + p₁)/9;  vacuum p = −ε reads ε for every observer	energy density belongs to the observer: a boosted observer mixes energy and pressure, while the vacuum tensor reads the same density for every observer	fixed observer chart, exact rational boost	L:Physics/ReceiverStressEnergy:diagonalTensor_boostedEnergy; L:Physics/ReceiverStressEnergy:diagonalTensor_boostedMixed; L:Physics/ReceiverStressEnergy:diagonalTensor_vacuumBoosted; L:Physics/ReceiverStressEnergy:perfectFluidTensor_restEnergy; L:Physics/ReceiverStressEnergy:perfectFluidTensor_spatialPressureTrace	formal-checked	uses:gr.observer-current
gr.angular-current	holon, coholon	M^{μab} = x^a T^{μb} − x^b T^{μa};  ∂_μM^{μab} = (T^{ab} − T^{ba}) + x^a f^b − x^b f^a;  T symmetric and conserved ⇒ ∂_μM^{μab} = 0	angular momentum is conserved exactly when the stress-energy is symmetric and force-free; the antisymmetric part is the torque source	first derivative jet in a finite chart	L:Physics/ReceiverStressEnergy:angularDivergence_eq_antisymmetric_add_force; L:Physics/ReceiverStressEnergy:angularDivergence_eq_zero_of_symmetric_conserved; L:Physics/ReceiverStressEnergy:angularCurrent_antisymmetric	formal-checked	uses:gr.observer-current
gr.eight-pi-charts	ratio, cycle	8π = 2·(4π) = 2²·(2π);  4·arc/differential = the dyadic fork-depth coupling	the Einstein coupling 8π reads as a sphere chart 2·(4π) or a circle chart 2²·(2π); both carry the integer face 2³ and one circle constraint	π as a constraint identity	L:Physics/HolonicMassShellFace:eightPi_chart_expansions; L:Physics/HolonicMassShellFace:fourArcOverDifferential_eq_forkDepth	formal-checked	uses:einstein.field-equation
lorentz.reverse-cauchy-schwarz	coholon, receiver	q symmetric, q(ω,ω) > 0: (∀x: q(ω,ω)q(x,x) ≤ q(ω,x)²) ⇔ (q(ω,w) = 0 ⇒ q(w,w) ≤ 0);  Minkowski x₀y₀ − x₁y₁: reverse holds, forward Cauchy–Schwarz fails at (0,1)	the reverse Cauchy–Schwarz inequality against a timelike class is exactly nonpositivity on its perp; the two inequalities point in opposite directions	symmetric bilinear form over an ordered field	L:Coupling/LorentzianPerp:theReverseCauchySchwarzIsNonpositivityOnThePerp; L:Coupling/LorentzianPerp:theMinkowskiPerpIsNonpositive; L:Coupling/LorentzianPerp:theForwardInequalityFailsOnThePlane	formal-checked	uses:hodge.lorentzian-reverse-inequality
lorentz.perp-nonpositive	coholon	q(x,x) ≤ g·p(ω,x)² ∀x ⇒ q(w,w) ≤ 0 on p(ω,·)⁻¹(0);  diag(1,−1,−1,−1) with an ample class of self-pairing 24 is nonpositive (≤ 0) on its perp	a form bounded by a square of one pairing is nonpositive on that class's perp with no symmetry or nondegeneracy (the archimedean step); the Hodge-index shape on a lattice	bilinear forms over an ordered field	L:Coupling/LorentzianPerp:theBoundedFormIsNonpositiveOnThePerp; L:Coupling/LorentzianPerp:theAmplePerpIsNonpositive; L:Coupling/LorentzianPerp:theEstimateSlackIsASquare	formal-checked	uses:lorentz.reverse-cauchy-schwarz, uses:hodge.lorentzian-reverse-inequality
einstein.field-equation	holon, receiver, constitution	G + Λg = κ T(u, p),  ∇·G = 0 (contracted Bianchi),  ∇·g = 0,  κ ≠ 0 ⇒ ∇·T = 0, read as zero by every declared receiver	the Einstein field equation with its Bianchi and metric-compatibility ports forces covariant conservation of the fluid-constituted stress-energy source	receiver-indexed interface; metric, Einstein tensor and covariant divergence are supplied ports	L:Fluid/NavierStokesCurvedTransport:EinsteinFluidDynamics.stressEnergy_conserved; L:Fluid/NavierStokesCurvedTransport:EinsteinFluidDynamics.everyReceiver_reads_conservation; L:Fluid/NavierStokesCurvedTransport:EinsteinFluidDynamics	formal-checked	uses:gr.observer-current, uses:coupling.ns-einstein-fluid
gr.coupling-not-universal	ratio, receiver	κ = 4·(arc/differential) at depth two;  κ ≠ 0 ⇒ ¬∀ arc: κ = 4·arc/1;  under that selection every linear receiver reads G = 4(C/r)·(source face)	the depth-two arc/differential ratio can calibrate a local receiver but is not a universal Einstein coupling	nonzero coupling	L:Geometry/HolonicCurvedArcEinstein:nonzeroCoupling_is_not_universalArcRatio; L:Geometry/HolonicCurvedArcEinstein:typedRefineForkCoupling_two_zero; L:Fluid/NavierStokesCurvedTransport:EinsteinFluidDynamics.receiverEquation_fourArcOverDifferential	counterexample	uses:gr.eight-pi-charts, uses:coupling.ns-einstein-fluid
gr.route-curvature	holon, cycle, swing	return(L, R) = L⁻¹R = 1 ⇔ R = L;  additive (abelian) gyration return is flat;  gyr[a,b]x ≠ x ⇒ return ≠ 1;  phase shifts compose: ∏ shift(θ_i) = shift(Σθ_i)	curvature is the relative return of two transports along routes; an abelian group is flat, a moving gyration is curved	oriented arcs carrying invertible connection transports	L:Geometry/HolonicCurvedArcEinstein:routeCurvatureReturn_eq_one_iff; L:Geometry/HolonicCurvedArcEinstein:additive_gyrationCurvatureReturn_is_flat; L:Geometry/HolonicCurvedArcEinstein:gyrationCurvatureReturn_nontrivial_of_moves; L:Geometry/HolonicCurvedArcEinstein:parallelTransport_phaseShift	formal-checked	uses:holon.stokes, uses:ym.curved-arc-holonomy
gr.local-action-glues	holon, holarchy	S_{A∪B}[φ] = S_A[φ] + S_B[φ] for disjoint A, B;  action differences glue and commute with additive receivers	a finite local action over admitted regions glues exactly over disjoint regions	finite event regions, additive coefficient group	L:Physics/HolonicFieldTheoryPassage:LocalFieldTheory.actionOn_union; L:Physics/HolonicFieldTheoryPassage:LocalFieldTheory.actionDifference_union; L:Physics/HolonicFieldTheoryPassage:LocalFieldTheory.receiver_actionDifference	formal-checked	uses:coupling.holonic-field-theory-passage
quantum.conjugate-pair	holon, receiver	(q, E) + (−q, E) = (0, 2E)	conjugate charge orientations cancel while energies add: charge cancellation does not imply energy cancellation	E ≠ 0 for the nonzero energy face	L:Physics/HolonicFieldTheoryPassage:matter_conjugate_sum; L:Physics/HolonicFieldTheoryPassage:matter_conjugate_energy_is_nonzero	formal-checked	uses:coupling.holonic-matter-conjugate-reading
heat.pair-collision-departure	holon	n² − n_eq² = (n − n_eq)(n + n_eq)	a pair-collision departure from equilibrium factors into a difference times a sum	rational populations	L:Physics/HolonicFieldTheoryPassage:pairCollisionDeparture_factor	formal-checked	
gr.ricci-triangle-flow	constitution, cycle, receiver	ℓ ↦ ℓ + τ(neighbour second difference) on a triangle: deviation × (1 − 3τ);  W′ = (1 − 3τ)²W ≤ W for 0 ≤ τ ≤ 2/3;  fixed ⇔ round (τ ≠ 0);  τ = 1/3 collapses (many-to-one);  τ = 1: W quadruples (0,1,2): 2 → 8	the one-complex shadow of ∂g/∂t = −2Ric has an exact ratchet rate, not only monotonicity; the rate is a winding eigenvalue 1 − 2τ + 2τcos(2π/3), and the ratchet belongs to its declared aperture	rational edge lengths on a combinatorial circle	L:Geometry/Ricci:theReadingObeysItsExactRate; L:Geometry/Ricci:theDeviationContractsAtTheWindingRate; L:Geometry/Ricci:theRatchetHoldsOnItsAperture; L:Geometry/Ricci:theOnlyFixedShapeIsRound; L:Geometry/Ricci:theCollapseApertureDeletes; L:Geometry/Ricci:theRatchetFailsPastItsAperture	formal-checked	uses:thermal.heat-kernel, uses:coupling.poincare-exact-ricci-grain
gr.curvature-commutator	holon, cycle	F = dA + A∧A,  A∧A ∝ [A, B] = 0 ⇔ A, B commute;  2×2 witnesses with [A, B] ≠ 0	Einstein and Yang–Mills share one curvature formula: the nonabelian self-interaction is the commutator, which vanishes exactly in the abelian (Maxwell) case	matrix-valued connection components	L:Gauge/CurvatureAndGap:theCurvatureCommutatorIsTheNonabelianTerm; L:Gauge/CurvatureAndGap:theAbelianCurvatureIsLinear; L:Gauge/CurvatureAndGap:theNonabelianTermIsNonzero	formal-checked	uses:maxwell.stokes-dirac, uses:ym.curvature-commutator-gap
fluid.navier-stokes	holon, coholon, constitution	∂_tρ + div(ρu) = 0,  ∂_t(ρu) + div(ρu⊗u) = div σ + f,  σ = −pI + 2μ Def u + λ(div u)I;  constant ρ, μ, div u = 0: ∂_tu + (u·∇)u = −∇(p/ρ) + νΔu + f/ρ, ν = μ/ρ	Navier–Stokes follows from mass and momentum balance on a control volume with Newtonian stress; zero viscous stress gives Euler, and nonnegative dissipation needs μ ≥ 0, λ + 2μ/n ≥ 0	flat Euclidean control volume, Newtonian material, units retained; curved domains need div_g(2μ Def_g u) with its curvature terms	D:HOLONIC_FLUID_CONSTRUCTION.md#3-euler-follows-from-the-material-motion-stress-supplies-the-dissipative-extension; L:Holon/Conformance:navierStokes_balance	proved-derived	instance-of:physics.port-hamiltonian, uses:ns.material-polygon, uses:holon.lie-poisson-navier-stokes
fluid.euler-from-action	holon, navigator, swing	S = ∫dt∫ρ|u|²/2,  δu = ∂_tη + [u, η], div η = 0 ⇒ δS = −∫dt∫ρ[∂_tu + ∇_u u + ∇(|u|²/2)]·η;  stationarity ⇔ P[∂_tu + ∇_u u] = 0	Euler is derived from the material composition of volume-preserving transports and kinetic energy, not postulated; the gradient pairs to zero with every admissible variation	flat periodic domain, constant density, variations vanishing at the temporal ends	D:HOLONIC_FLUID_CONSTRUCTION.md#3-euler-follows-from-the-material-motion-stress-supplies-the-dissipative-extension	proved-derived	specializes:fluid.navier-stokes
fluid.advection-skew	holon, coholon	⟨v, ∇_u w⟩ + ⟨∇_u v, w⟩ = ∮_∂Ω (v·w)(u·n) = 0 for div u = 0, closed domain	the advection operator is skew in its transported argument under incompressibility, so it does no work	div u = 0, closed boundary	D:HOLONIC_FLUID_CONSTRUCTION.md#3-euler-follows-from-the-material-motion-stress-supplies-the-dissipative-extension	proved-standard	uses:holon.power-neutral, uses:ns.periodic-energy-work
fluid.newtonian-power	constitution, contact	σ:∇u = −p div u + 2μ|Def u|² + λ(div u)²;  slip traction t = −κ_f w gives heat κ_f|w|²	the local Newtonian power separates pressure work from mechanical loss, which becomes internal energy in the complete Holon; equal opposite tractions cancel only with both bodies and any surface storage included	μ, κ_f ≥ 0	D:HOLONIC_FLUID_CONSTRUCTION.md#3-euler-follows-from-the-material-motion-stress-supplies-the-dissipative-extension	proved-derived	uses:contact.power
fluid.lamb-one-form	coholon, holon, complex	α = u♭, δα = 0:  ∂_tα + i_u dα + dB_p = −νΔ_Hα + f♭,  B_p = p/ρ + |u|²/2,  (i_u dα)_j = u^k∂_k u_j − ∂_j(|u|²/2)	in the velocity coholon, Navier–Stokes is the Lamb cross-current i_u dα (vorticity dα contracted with u) plus an exact Bernoulli drop; pressure is the exact part	flat periodic or compatible boundary conditions, positive Hodge Laplacian Δ_H = dδ + δd	D:HOLONIC_FLUID_CONSTRUCTION.md#4-hodge-provides-pressure-elimination-and-retains-toroidal-circulation; D:ELEMENTARY_OBJECTS.md#the-targets	proved-derived	equiv:fluid.navier-stokes, uses:ns.lamb-current
fluid.pressure-elimination	coholon, complex, cycle	Δ₀B_p = δ(f♭ − i_u dα);  P = I − dG₀δ:  α̇ = −P i_u dα − νΔ_Hα + P f♭;  constants, harmonic parts and boundary data kept in their kernels	Hodge projection eliminates pressure as the exact part while retaining harmonic toroidal circulation, whose period around a cycle survives zero local curl and divergence	G₀ inverts δd on the nonconstant scalar range	D:HOLONIC_FLUID_CONSTRUCTION.md#4-hodge-provides-pressure-elimination-and-retains-toroidal-circulation	proved-derived	uses:fluid.lamb-one-form, uses:holon.stokes
fluid.kelvin-holonomy	cycle, coholon, holon	Γ(γ_t) = ∮_{γ_t} ⟨u, dγ⟩ = ⟨u♭ | γ_t⟩;  Euler conserves Γ on material cycles, viscosity produces σ ≥ 0;  helicity = linking reading of vortex cycles	Kelvin circulation is a holonomy pairing of the velocity coholon with a material cycle; the aeon reading of a closed cycle is conserved by Euler	material cycles, ν = 0 for conservation	D:ELEMENTARY_OBJECTS.md#the-targets; N:2026-09-24_THE_AEON_EPOCH_AND_CYCLE_STANDARDIZE_THE_PASSAGE_OF_TIME.md	proved-standard	uses:ns.kelvin-curve, uses:ns.kelvin-polygon, instance-of:aeon.pairing
fluid.swing-split	swing, holon	u = b + r:  ½[N(b+r) + N(b−r)] = N(b) − B(r,r),  ½[N(b+r) − N(b−r)] = S_ν r − B(b,r) − B(r,b);  moving anchor: N(2b − u) + N(u) − 2ḃ = 2[N(b) − ḃ − B(u−b,u−b)]	a Swing about the resolved state separates the fluid's even response (unresolved self-interaction) from its odd transport (both cross terms), with nothing discarded	finite Galerkin N(u) = S_ν u − B(u,u) with Leray projection and aperture	L:Physics/FluidReceiverClosure:finiteGalerkinNavierStokesVectorField_swing_even; L:Physics/FluidReceiverClosure:finiteGalerkinNavierStokesVectorField_swing_odd; L:Physics/FluidReceiverClosure:moving_swing_galerkin_rate_defect	formal-checked	uses:fluid.navier-stokes
fluid.receiver-closure	receiver, compression, holon	Y = q X, X = RY + r, qR = I:  Ẏ = q̇X + q N(RY + r);  closure defect = q̇X + q[S_ν r − B(RY,r) − B(r,RY) − B(r,r)];  q r = 0 does not hide the quadratic and mixed terms	a coarse fluid receiver closes only with the full hidden-state feedback; with a filter this is the unresolved (Reynolds) stress q(u⊗u) − q(u)⊗q(u), and chart motion is a real rate term even at an identity cut	finite Galerkin carrier; derivative hypotheses bind maps to the trajectory	L:Physics/FluidReceiverClosure:moving_galerkin_receiver_equation; L:Physics/FluidReceiverClosure:finiteGalerkin_rateDefect_eq_hidden_feedback_of_section; L:Physics/FluidReceiverClosure:full_receiver_retains_chart_motion; L:Physics/FluidReceiverClosure:norm_fluid_rateDefect_le	formal-checked	instance-of:predict.moving-receiver-rate
fluid.relativistic-euler	holon, receiver	T^{μν} = eU^μU^ν + p h^{μν}, h = g + U⊗U, g(U,U) = −1:  D_U e + (e + p)θ = 0,  (e + p)a^α + h^{αν}∇_νp = 0	relativistic Euler follows from the perfect-fluid stress object by projecting its conservation along and across U; heat flux and shear add their full divergence to both projections	c = 1; ∇_μT^{μν} = 0 from the field equation	D:HOLONIC_FLUID_CONSTRUCTION.md#3-euler-follows-from-the-material-motion-stress-supplies-the-dissipative-extension	proved-derived	uses:einstein.field-equation, uses:gr.observer-current
fluid.phase-field	holon, constitution, coholon	u̇ = −B(u,u) − νΔ_Hu + A_Q†μ_Q,  Q̇ = −A_Q u − Mμ_Q,  μ_Q = W′(Q) − κΔQ:  Ḣ = −ν‖∇u‖² − ⟨μ_Q, Mμ_Q⟩;  σ_Q = [W + κ|∇Q|²/2]I − κ∇Q⊗∇Q	internal modes couple through the exact advection adjoint so the cross terms cancel; the material force is a capillary stress divergence (a phase-field fluid class)	flat periodic incompressible chart, M positive self-adjoint, κ ≥ 0	D:HOLONIC_FLUID_CONSTRUCTION.md#7-a-constructed-extension-internal-modes-contribute-stress-and-diffusion	proved-derived	instance-of:physics.port-hamiltonian
fluid.complex-euler	holon, swing	U = a + ib: ȧ = −B(a,a) + B(b,b) + νΔa, ḃ = −B(a,b) − B(b,a) + νΔb;  K = ∫(|a|² + |b|²)/2: K̇ = −2∫(b⊗b):∇a − ν∫(|∇a|² + |∇b|²)	complex Euler/NS keeps an indefinite stretching exchange: its Hermitian energy is not conserved, conjugation is the Swing about (a,0), and projection to a loses B(b,b)	periodic divergence-free domain	D:HOLONIC_FLUID_CONSTRUCTION.md#8-complex-eulerns-and-conducting-fluid-modes-retain-their-distinct-signs; L:Physics/ConductiveFluidReflection:complexRealProjection_retains_Bbb	proved-derived	uses:fluid.navier-stokes
fluid.mhd-elsasser	holon, swing, constitution	ḃ = −B(a,b) + B(b,a) + η_mΔb;  complex imaginary evolution − MHD = −2B(b,a);  z± = a ± b, ν± = (ν ± η_m)/2: ż± = −B(z∓, z±) + ν₊Δz± + ν₋Δz∓	MHD induction carries the opposite stretching sign, which cancels the cross power; the swap (a,b) ↦ (b,a) is a Swing whose eigensections are the Elsasser variables	constant-density incompressible MHD, finite Galerkin	L:Physics/ConductiveFluidReflection:elsasser_identity_plus; L:Physics/ConductiveFluidReflection:elsasser_identity_minus; L:Physics/ConductiveFluidReflection:complexImaginaryEvolution_differs_from_mhd; L:Physics/ConductiveFluidReflection:diffusion_plus	formal-checked	uses:fluid.complex-euler
fluid.paired-swing-cayley	swing, holon	C_h = (I − hJ/2)⁻¹(I + hJ/2), J = −P∇_u skew:  C_h†C_h = I;  R_C R_I = diag(C_h, C_h†);  moving involution R(t): Ω = ṘR is skew	two constituted Swings realize a Cayley advection step and its opposite transport; ordered moving reflections generate an energy-preserving infinitesimal transport	frozen divergence-free velocity; I − hJ/2 invertible	D:HOLONIC_FLUID_CONSTRUCTION.md#2-the-constitutive-contact-equation-is-a-swing; L:Computation/HolonicConstitutiveCirculation:paired_graphSwings_transport; L:Computation/HolonicConstitutiveCirculation:graphScattering_inversePair	formal-checked	uses:holon.cayley-isometry
em.telegrapher-energy	holon, constitution, tube	V_s = −∂_t(LI) − RI + e_src,  I_s = −∂_t(CV) − GV + i_src:  e = (LI² + CV²)/2,  e_t + (VI)_s = e_src I + i_src V − RI² − GV² − (L_t I² + C_t V²)/2	a reduced channel keeps inductance, capacitance and heat: energy flux VI, Joule and leakage loss, and the work of changing L and C	one-dimensional channel coordinate s	D:FLUID_REFLECTION_AND_CONCENTRATED_INTERIORS.md#a-reduced-channel-retains-inductance-capacitance-and-heat	proved-derived	instance-of:physics.port-hamiltonian
fluid.plasma-source	holon, constitution	ρ_t + div(ρu) = 0,  (ρu)_t + div(ρu⊗u + pI − τ) = −ρ∇Φ + ρ_eE + J×B + f_rad,  div B = 0, B_t = −curl E, ρ_{e,t} + div J = 0	the lightning source is a conducting fluid coupled to Maxwell: momentum receives gravitational, electric, Lorentz and radiative forces	declared constitutive closures for τ, J, f_rad	D:FLUID_REFLECTION_AND_CONCENTRATED_INTERIORS.md#physical-source-and-receiver	definition	uses:fluid.navier-stokes, uses:maxwell.stokes-dirac
em.streamer-drift	holon, constitution	Γ_e = n_e u − μ_e n_e E − D_e∇n_e,  ∂_t n_e + div Γ_e = S_ion + S_photo − S_attach − S_recombine,  div E = ρ_e/ε₀, E = −∇φ	a leader channel is founded by drift–diffusion of electrons with ionization and attachment sources under the Poisson field	electrostatic chart	D:FLUID_REFLECTION_AND_CONCENTRATED_INTERIORS.md#leaders-form-a-conducting-medium-return-strokes-use-and-change-it	definition	uses:heat.leader-breakdown
heat.leader-breakdown	deposition, constitution, tube	j = ⋆_Θ dφ, ∂j = σ (flux from constitution);  Θ ← Θ + Γ(j) (constitution from flux);  next growth ∝ |⟨dφ, e⟩|^η on frontier cells	lightning and canyon carving are one deposition loop: breakdown raises conductance on grown edges, the return stroke re-solves on the changed constitution, and the new potential sets the next growth measure	dielectric breakdown model; Markov on (Θ, φ), not on events	D:ELEMENTARY_OBJECTS.md#8-deposition	proved-standard	uses:deposition.law
fluid.boundary-memory	tube, globe, holon	ẋ = Ax + Bz + f, ż = Cx + Dz + g, z = Kx + r ⇒ ṙ = (D − KB)r + (C + DK − KA − KBK − K̇)x + g − Kf;  z(t) = e^{tD}z(0) + ∫₀ᵗ e^{(t−s)D}[Cx(s) + g(s)]ds	eliminating an interior keeps a dynamical boundary memory (kernel B e^{(t−s)D} C, initial interior, forcing); a static Schur elimination can fail even for a passive oscillator	constant D for the memory kernel; changing chart K(t)	L:Physics/ReflectedBoundaryMemory:reflectedResidual_rate; L:Physics/ReflectedBoundaryMemory:hasDerivAt_reflectedResidual; D:HOLONIC_FLUID_CONSTRUCTION.md#6-microscopicmacroscopic-and-interiorexterior-are-two-receiver-cuts	formal-checked	uses:resolvent.dynamic-schur
fluid.boundary-reduction	tube, compression	∀x,z: E′(Ax + Bz) = U(Ex) ⇔ E′A = UE ∧ E′B = 0;  moving chart: Ė + EA = UE, EB = 0	a changing boundary encoding eliminates an arbitrary interior exactly when the boundary action descends and the interior coupling is invisible in the next encoding; the encoder derivative participates	linear maps over a field	L:Physics/ReflectedBoundaryMemory:boundary_reduction_iff; L:Physics/ReflectedBoundaryMemory:boundary_reduction_with_forcing; L:Physics/ReflectedBoundaryMemory:moving_boundary_rate	formal-checked	uses:quotient.joint-descent, generalizes:compression.boundary-reduction
fluid.static-elimination-fails	tube, constitution	passive coupled example: total quadratic energy loses z² at every state, static interior equilibrium C + DK = 0 holds, yet at x = 1 the residual is 0 while its derivative is 1	discarding a dynamically returning interior is wrong even for a passive system whose energy decreases	real two-coordinate witness	L:Physics/ReflectedBoundaryMemory:counterexample_residual_derivative_at_one; L:Physics/ReflectedBoundaryMemory:counterexample_energy_rate; L:Physics/ReflectedBoundaryMemory:counterexample_static_interior_equilibrium	counterexample	obstructs:fluid.boundary-reduction
heat.port-ohmic	holon, constitution, parametron	storage E = ½(C⁻¹q² + L⁻¹φ²) (capacitive and inductive coordinates):  dE/dt = port power − ohmic heat, heat ≥ 0 for nonnegative conductances;  E + retained heat changes exactly by port power;  d/dt(½kq²) = (kq)q̇ + ½k̇q²	a capacitor/inductor port pair balances stored energy against external power and returned ohmic heat; a changing capacitance adds its own work	differentiable trajectory obeying the constitutive dynamics	L:Physics/PortEnergyHeat:hasDerivAt_portStoredEnergy; L:Physics/PortEnergyHeat:hasDerivAt_totalEnergy_of_ohmicLaw; L:Physics/PortEnergyHeat:ohmicHeat_nonneg; L:Physics/PortEnergyHeat:changingCapacitiveEnergy_deriv_eq_voltage_current	formal-checked	instance-of:physics.port-hamiltonian
thermal.heat-kernel	complex, coholon, cycle	x ↦ x − aΔ_H x (Euler heat step) fixes harmonic h and keeps residues in h^⊥;  Δ(dα) = d(δdα);  T(h + r) = h + T r;  transported exact residue ⇒ class unchanged: T(h + dα) = h + dβ;  heat trace Z(t) = tr e^{−tΔ_H} → dim ker Δ_H	the heat flow on a complex evolves exact and coexact components while fixing the harmonic class; step stability is a separate spectral condition	finite differential complex with Hodge Laplacian	L:Physics/TemporalHodgeResidue:eulerHeatStep_fixes_harmonic; L:Physics/TemporalHodgeResidue:eulerHeatStep_preserves_residue; L:Physics/TemporalHodgeResidue:closed_class_representative; L:Physics/TemporalHodgeResidue:transport_harmonic_residue; D:HOLONIC_FLUID_CONSTRUCTION.md#9-fractal-scale-hodge-rh-and-bsd-share-operations-with-specified-sources	formal-checked	uses:holon.diffusion-dissipates
heat.implicit-step-defect	constitution, epoch	C(φ₁ − φ₀) = s − τLφ₁ ⇒ E₁ − E₀ = ⟨φ₁, s⟩ − τ⟨φ₁, Lφ₁⟩ − ‖φ₁ − φ₀‖²_C/2	a finite implicit diffusion step dissipates an extra time-step defect, not a physical friction; for the graded law L needs both lower and upper Hodge terms	positive capacities C, L ⪰ 0	D:HOLONIC_FLUID_CONSTRUCTION.md#exact-library-return-after-the-architecture-audit	proved-derived	uses:holon.backward-euler-defect
heat.spectral-dimension	complex, tower, cycle	Z(λ²t) − b = λ^{−d_s}[Z(t) − b], b = dim ker Δ_H	a heat-trace scaling relation specifies a spectral dimension when it holds; a fixed finite matrix has no small-time power law by default	identified scale family of Laplacians	D:HOLONIC_FLUID_CONSTRUCTION.md#9-fractal-scale-hodge-rh-and-bsd-share-operations-with-specified-sources	definition	uses:thermal.heat-kernel
wave.scattering-rotation	contact, holon	R(a,b) = [[a,−b],[b,a]], a² + b² = 1 ⇒ |R x|² = |x|² on complex ports;  attenuation d: d²P + (1 − d²)P = P, heat (1 − d²)P ≥ 0 for 0 ≤ d ≤ 1	a power-normalized two-port scattering is a rotation preserving summed port power; attenuation leaves the complementary fraction as explicit heat	finite transmission channel	L:Physics/ScatteringWaveHeat:scattering_power; L:Physics/ScatteringWaveHeat:attenuation_power_heat; L:Physics/ScatteringWaveHeat:attenuationHeat_nonneg	formal-checked	uses:wave.junction-reflection
mass.released-motion	holon, swing	x(t) = x₀ + v₀t + gt²/2, v(t) = v₀ + gt:  flow property x(t+s) = x_{x(t),v(t)}(s);  KE + PE conserved;  impulse J: m v′ − m v = J, ΔKE = ⟨v, J⟩ + |J|²/(2m)	weak-field constant-acceleration released motion is a flow that conserves mechanical energy; an impulse changes momentum by J and kinetic energy by ⟨v,J⟩ + |J|²/2m	prescribed uniform acceleration g, m > 0	L:Physics/ReleasedMotion:flow_position; L:Physics/ReleasedMotion:constant_acceleration_total_energy; L:Physics/ReleasedMotion:releasedVelocity_momentum_increment; L:Physics/ReleasedMotion:releasedVelocity_kinetic_work_increment; H:crates/holonics/src/exact_linear/released_motion.rs	formal-checked	
mass.released-endpoint-defect	receiver	x₁(t) − x₀(t) = Δx + tΔv + (t²/2)Δg,  ‖·‖ ≤ ‖Δx‖ + |t|‖Δv‖ + (t²/2)‖Δg‖	the endpoint defect between two released motions is exactly the transported difference of their initial data and accelerations	normed vector space	L:Physics/ReleasedMotion:position_endpoint_defect; L:Physics/ReleasedMotion:endpoint_defect_norm_le	formal-checked	uses:mass.released-motion
mass.conformation-stiffness	constitution, receiver	K_t = k·(2x)ᵀ·1·(2x) + prestress(k, a, x): the coupled-incidence response for strain Jacobian B = 2x plus a geometric term;  changing scale charts keep an exact square (zero passage defect)	a mechanical tangent stiffness is the coupled-incidence material response plus a prestress term, and changing receiver scales still return an exact local square	nonzero calibration scales; declared explicit-Euler step	L:Physics/MechanicalReceiver:conformation_stiffness_joins_coupled_response; L:Physics/MechanicalReceiver:scaled_update_exact; L:Physics/MechanicalReceiver:updateHolon_defect_zero; L:Physics/MechanicalReceiver:changing_mechanical_history_exact	formal-checked	uses:parametron.lc-exchange
mass.exact-descent-not-energy	receiver, constitution	q(fine(1,1,1,1)) = coarse(q 1) with energy 2 → 50	exact receiver descent does not imply energy descent for a large finite step; a richer oriented response cannot factor through the squared-extension receiver	k = a = h = x = 1 witness	L:Physics/MechanicalReceiver:exact_coarse_step_can_increase_energy; L:Physics/MechanicalReceiver:oriented_response_reopens_extension; L:Physics/MechanicalReceiver:unit_extension_fibre_is_plural	counterexample	obstructs:mass.conformation-stiffness
wave.seam-contact	contact, holon, cycle	δ = y − u x (unit connection u):  |x′|² + |y′|² = |x|² + |y|² − 2α(1 − α)|δ|²;  x′ + ū y′ = x + ū y;  energy + heat = energy;  gauge covariant under unit reorientations (g, h)	a connection-covariant passive phase contact dissipates exactly 2α(1−α)|transported difference|² as heat and conserves the transported pair sum	|u| = 1, 0 ≤ α ≤ 1	L:Physics/PhaseContactPassage:seamMix_energy_decrement; L:Physics/PhaseContactPassage:seamMix_transported_sum; L:Physics/PhaseContactPassage:seamMix_energy_plus_heat; L:Physics/PhaseContactPassage:seamMix_gauge_covariant	formal-checked	instance-of:contact.material
wave.sign-holonomy	cycle, complex	signs (+1, +1, −1) around a three-cycle admit only the zero parallel section; all-positive admits every constant	a negative sign holonomy (a half-turn around the cycle) forbids a nonzero parallel section; orientation needs product +1	three-cycle of unit connections	L:Physics/PhaseContactPassage:signedThreeCycle_only_zero; L:Physics/PhaseContactPassage:positiveThreeCycle_constant	formal-checked	uses:holon.stokes
wave.interpolation-intensity	ratio, receiver	(1−t)|x|² + t|y|² − |(1−t)x + ty|² = t(1−t)|y − x|² ≥ 0	affine nodal intensity loses exactly the retained phase variance; interference is the cross term an intensity average drops	0 ≤ t ≤ 1, complex amplitudes	L:Physics/PhaseContactPassage:interpolation_intensity_defect; L:Physics/PhaseContactPassage:interpolation_intensity_defect_nonneg	formal-checked	uses:encoding.chord-cross-terms
heat.enzyme-conservation	holon, complex	E + S ⇄ ES → E + P: source columns give Ė + ĖS = 0 and Ṡ + ĖS + Ṗ = 0 for every rate vector (mass-action or accessibility-modulated)	stoichiometric sources conserve the enzyme and substrate totals by column cancellation, whatever the rates or conformation-dependent accessibility	four-species chart; nonnegative concentrations give nonnegative currents	L:Physics/ReactionCurrent:enzyme_total_source_conserved; L:Physics/ReactionCurrent:substrate_total_source_conserved; L:Physics/ReactionCurrent:sequenceReactionSource_conserves; L:Physics/ReactionCurrent:massActionRates_nonneg	formal-checked	uses:holon.stokes
heat.joint-fold-flux	receiver, compression	two joint populations with equal fold marginals and equal free totals have binding fluxes a/2 and b/2 (differ by (b − a)/2)	binding flux sees free population together with fold-specific access; marginals do not determine the flux	a ≠ b	L:Physics/ReactionCurrent:joint_population_binding_flux_ne; L:Physics/ReactionCurrent:joint_population_same_fold_marginals; L:Physics/ReactionCurrent:joint_population_binding_flux_difference	counterexample	uses:xent.scalar-fibre
heat.hodge-cut-ledger	complex, cycle	E_A(h + e) = E_A(h) + E_A(e) + X_A(h, e);  X_{A∪B} = X_A + X_B;  orthogonal total ⇒ X_A = −X_B;  witness on a 4-cycle: total 30 = 25 + 5, cuts 5 and 25, cross −10 and +10	cutting a closed current into pieces keeps a mixed harmonic/exact term in each piece; the pieces' cross terms cancel only in the whole	closed finite cycle; complex or real currents	L:Physics/PartitionedHodgeEnergy:orthogonal_union_has_opposite_cut_terms; L:Physics/PartitionedHodgeEnergy:witness_cut_cross_defects; L:Physics/PartitionedHodgeEnergy:witness_cut_ledger_retains_mixed_term; L:Physics/PartitionedHodgeEnergy:cut_boundaries_cancel	formal-checked	uses:gr.joined-balance
em.faraday-telescope	complex, aeon, epoch	Σ_{t<n} ∮_{∂f} E_t = −(Φ_f(n) − Φ_f(0));  equal face circulations ⇒ emfs differ by a curl-free cochain	induced circulations over any number of time grains telescope to the one exterior flux difference, with no rounding or chosen time scale	SatisfiesFaradayHistory	L:Physics/HolonicDiscreteInduction:faradayHistory_telescopes; L:Physics/HolonicDiscreteInduction:faceCirculation_sub_eq_zero_of_eq	formal-checked	uses:ym.discrete-faraday
em.continuity-global	complex, holon	Σ_nodes div j = 0 on a closed carrier;  local q′ − q + div j = s ⇒ Σ(q′ − q) = Σ s;  local face currents are source-free at every node	charge continuity sums to the global source/storage balance because every branch departure and arrival cancel once	closed finite carrier	L:Physics/HolonicDiscreteInduction:ContinuityGrain.globalBalance; L:Physics/HolonicDiscreteInduction:sum_nodeDivergence_eq_zero; L:Physics/HolonicDiscreteInduction:nodeDivergence_localFaceCurrent_eq_zero	formal-checked	uses:holon.stokes
em.mutual-induction	holon, constitution, swing	emf_o = −Σ_s M_{os}(I_s′ − I_s);  coordinated reorientation of currents and both indices of M reorients the returned linkage and changes nothing else	mutual induction is the signed superposition of all exact current differences through the coupling table, covariant under every winding-orientation change: up/down is a receiver hand	four-axis coupling table	L:Physics/HolonicDiscreteInduction:inducedAxisEmf_eq_sum_currentDifferences; L:Physics/HolonicDiscreteInduction:inducedAxisEmf_reorient; L:Physics/HolonicDiscreteInduction:axisFluxLinkage_reorient	formal-checked	uses:ym.discrete-faraday, uses:ym.eddy-current-and-axis-emf
em.period-bivector	cycle, complex	period pairing ⟨γ̂, δ̂⟩ = 6 = −⟨δ̂, γ̂⟩, ⟨û, ŵ⟩ = 1 = −⟨ŵ, û⟩;  the bivector is alternating and invariant under the monodromies A1, A2, M0	the rank-four period carrier has an alternating period bivector with oriented plane multiplicities 6 and 1, preserved by its monodromy	integer period lattice	L:Physics/HolonicDiscreteInduction:gamma_delta_periodPairing; L:Physics/HolonicDiscreteInduction:u_w_periodPairing; L:Physics/HolonicDiscreteInduction:periodBivector_isAlternating; L:Physics/HolonicDiscreteInduction:periodBivector_is_M0_invariant	formal-checked	uses:ym.period-bivector-invariance
em.poynting-midpoint	holon, tube, receipt	Faraday ΔB = −curl Ē, Ampère ΔE = K B̄ − J (midpoint sections) ⇒ U(t+1) − U(t) + P_boundary(Ē, B̄) + ⟨Ē, J⟩ = 0;  telescopes over a world tube;  closed material carrier, J = 0 ⇒ energy conserved	the midpoint Maxwell grain satisfies the Poynting law exactly: stored field energy change plus outward boundary power plus source work is zero, with no forward-step remainder	positive cell Hodge; K = material co-curl closes the boundary port	L:Physics/HolonicDiscreteMaxwellOperator:poynting_balance; L:Physics/HolonicDiscreteMaxwellOperator:telescopes; L:Physics/HolonicDiscreteMaxwellOperator:closed_material_sourceFree_conserves; L:Physics/HolonicDiscreteMaxwellOperator:boundaryPower_materialCoCurl_eq_zero; L:Physics/HolonicDiscreteMaxwellOperator:fieldEnergy_firstDifference	formal-checked	instance-of:thermal.entropy-production, uses:maxwell.stokes-dirac, uses:ym.discrete-maxwell-operator
em.scale-passage-injective	tower, constitution	a scale passage preserving the complete Hodge field energy commutes with curl and co-curl and is injective on edges and faces;  no passage through a noninjective (e.g. zero) edge transport	a genuinely lossy receiver cannot be promoted to a complete constituted scale passage: complete energy preservation forbids losing a direction	CellHodgeScalePassage between grains	L:Physics/HolonicDiscreteMaxwellOperator:edgeTransport_injective; L:Physics/HolonicDiscreteMaxwellOperator:no_passage_with_noninjective_edgeTransport; L:Physics/HolonicDiscreteMaxwellOperator:fieldEnergy_natural; L:Physics/HolonicDiscreteMaxwellOperator:transport_curl	formal-checked	uses:ym.discrete-maxwell-operator
wave.maxwell-wave	holon, complex, cycle	Δ²E = −c² curl*curl E,  Δ²B = −c² curl curl* B,  c² = (με)⁻¹ > 0;  every linear receiver commutes with the second difference	Faraday followed by Ampère–Maxwell gives the curl–curl wave law with the exact constitutive speed; a lawful fold retains the wave equation including c²	vacuum Maxwell passage on the six-plane carrier (3 + 1 split)	L:Physics/HolonicMaxwellPropagation:electric_secondDifference; L:Physics/HolonicMaxwellPropagation:magnetic_secondDifference; L:Physics/HolonicMaxwellPropagation:propagationSpeed_sq; L:Physics/HolonicMaxwellPropagation:electricWave_preserved; L:Physics/HolonicDiscreteMaxwellOperator:electric_secondDifference	formal-checked	equiv:ym.maxwell-propagation
heat.cross-current-heat-source	holon, receiver	X(J,K) = Im(conj z_J · z_K);  J, K each solve ∂_t = ν∂_x²;  X(t,x) = e^{−νt}(e^{−4νt} − 1) sin x/2, zero at t = 0 and for ν = 0, nonzero for ν, t > 0, sin x ≠ 0;  (∂_t − ν∂_x²)X = mixed spatial cross current e^{−5νt} sin x	the oriented cross-current of two heat-transported currents is not itself a heat solution: its heat defect is exactly the mixed derivative current	explicit four-axis currents at different heat frequencies	L:Physics/HolonicEntropyHeatCurrent:entropyHeatCrossCurrent_eq; L:Physics/HolonicEntropyHeatCurrent:entropyHeatCrossCurrent_nonzero; L:Physics/HolonicEntropyHeatCurrent:entropyHeatCrossCurrent_sourced_heat_equation; L:Physics/HolonicEntropyHeatCurrent:entropyAxisCrossCurrent_eq_complex_pairing	formal-checked	uses:heat.entropy-cross-current, uses:coupling.holonic-entropy-axis-cross-current
heat.caloric-polynomials	constitution, navigator	v_n: ∂_t v_n = ∂_x² v_n, ∂_x v_{n+1} = (n+1)v_n (Appell), v_n(x,0) = xⁿ;  v₂ = x² + 2t, v₃ = x³ + 6xt, v₄ = x⁴ + 12x²t + 12t²;  v_n(x, −½) = He_n(x);  v_n(lx, l²t) = lⁿv_n(x,t)	the heat polynomials are the exact heat carrier over ℚ: an Appell family, parabolically homogeneous, and running the flow back by ½ gives the Hermite polynomials	rational polynomial carrier	L:Fluid/Caloric:theCaloricRecurrenceSolvesTheHeatEquation; L:Fluid/Caloric:theCaloricFamilyIsAnAppellSequence; L:Fluid/Caloric:theFirstCaloricPolynomials; L:Fluid/Caloric:theAppellTimeReversalIsTheHermitePolynomial; L:Fluid/Caloric:theParabolicScalingIsHomogeneous	formal-checked	instance-of:thermal.heat-kernel, uses:ns.caloric-carrier
heat.backward-heat-window	constitution, compression	E_N(τ)p = Σ_{k≤N} (τ^k/k!) p^{(2k)};  deg p ≤ N ⇒ E_N(−τ)E_N(τ)p = p for every rational τ;  (E_N(τ) − 1)^{N+1} = 0 on the window;  every window has a construction outside it	on a polynomial window the heat flow is unipotent and exactly invertible at every time; the aperture belongs to the carrier, not to the operator, and the nilpotency order is not uniform	polynomials of degree ≤ N over ℚ	L:Fluid/Caloric:theBackwardFlowHasNoAperture; L:Fluid/Caloric:theFlowIsTheTruncatedHeatSeries; L:Fluid/Caloric:theDifferenceIsNilpotentOnTheWindow; L:Fluid/Caloric:theTwoCarriersDisagreeAboutTheAperture; L:Fluid/Caloric:theNilpotencyOrderIsNotUniform	formal-checked	uses:coupling.poincare-condensation-reconstructs, uses:ns.caloric-carrier
wave.standing-wave	cycle, receiver, globe	2i sin z = e^{iz} − e^{−iz};  sin(kL) = 0 ⇔ kL ∈ πℤ;  gap = π/L > 0, shrinking as L grows;  sinh(kt) ≠ 0 for k, t > 0;  #{n : nπ/L ≤ K} ⇔ n ≤ KL/π (Weyl, density L/π), uniform spacing π/L	a standing wave is two counter-propagating directions; a fixed boundary quantizes the interior with first rung π/L (a gap from a boundary condition), nodes exist only on the closing side, and the mode count is linear in cutoff and box	real k, L > 0	L:Physics/StandingWave:theStandingWaveIsTwoCounterPropagating; L:Physics/StandingWave:theNodesAreQuantisedByTheBoundary; L:Physics/StandingWave:theGapShrinksWithTheBox; L:Physics/StandingWave:theEscapingSideHasNoNodes; L:Physics/StandingWave:theModeConditionIsLinear; L:Physics/StandingWave:theNodeSpacingIsUniform	formal-checked	uses:ym.spectrum-has-mass-gap, uses:coupling.standing-wave-gap
fluid.helicity-linking	cycle, holon	H(Γ) = Σ_{i,j} lk(i,j) Γ_i Γ_j;  lk symmetric;  inserting a crossing c changes lk by its hand sign on the pairs it meets, and H by sign(c)·Σ_{meets} Γ_iΓ_j	helicity is the circulation-weighted linking reading of an addressed crossing population of vortex strands	three strands, finite crossing population	L:Fluid/HelicityAsLinking:helicity_cons; L:Fluid/HelicityAsLinking:linkingNet_cons; L:Fluid/HelicityAsLinking:linkingNet_symm	formal-checked	uses:fluid.kelvin-holonomy, uses:ns.helicity-linking-form
quantum.fermi-dirac	receiver, ratio, parametron	n = 1/(1 + e^{β(ε − μ)}) = σ(β(μ − ε)),  vacancy 1 − n,  (ε + c, μ + c) leaves n unchanged	a fermionic mode's grand-canonical occupation is the binary normalized exponential (sigmoid) of the energy–chemical-potential difference; a common energy reference is a gauge	one mode with occupation 0 or 1; no independent-mode factorization for interacting Hamiltonians	L:Physics/FermionicModeReceiver:fermi_dirac_receiver; L:Physics/FermionicModeReceiver:occupation_is_sigmoid; L:Physics/FermionicModeReceiver:common_energy_reference; L:Physics/FermionicModeReceiver:vacancy_is_one_minus_occupation	formal-checked	instance-of:norm.sigmoid-binary
quantum.car	holon, parametron	{c_i, c_j} = 0, {a_i, a_j} = 0, {a_i, c_j} = δ_ij;  c_i² = 0;  sign(i, S) = (−1)^{#{k ∈ S : k < i}}, sign² = 1;  a = c*;  |occupations| = 2^{#modes}	the finite fermionic carrier is occupation subsets with Koszul signs; creation and annihilation satisfy the complete canonical anticommutation relations, and exclusion holds for every superposed mode	linearly ordered finite mode population	L:Computation/HolonicFermionicOccupation:annihilate_create_add_create_annihilate; L:Computation/HolonicFermionicOccupation:create_create_add_swap; L:Computation/HolonicFermionicOccupation:superposedCreation_square_zero; L:Computation/HolonicFermionicOccupation:annihilationMatrix_eq_conjTranspose_creationMatrix; L:Computation/HolonicFermionicOccupation:card_occupation	formal-checked	
quantum.koszul-sign	holon, swing	inserting an earlier unoccupied mode reverses a later mode's sign; the two insertion orders of distinct modes carry opposite total sign	fermionic exchange antisymmetry is the Koszul sign of the preceding occupation, a half-turn per earlier occupied mode	distinct absent modes	L:Computation/HolonicFermionicOccupation:koszulSign_insert_of_lt; L:Computation/HolonicFermionicOccupation:koszulSign_swap; L:Computation/HolonicFermionicOccupation:koszulSign_mul_self	formal-checked	uses:quantum.car
quantum.fermi-hubbard	holon, complex, constitution	H = −t Σ_bonds Σ_σ (u c†_iσ c_jσ + ū c†_jσ c_iσ) + U Σ_i n_i↑ n_i↓ − μ N;  H Hermitian for real t, U; every term preserves particle number	the finite Fermi–Hubbard Hamiltonian composed from CAR transports is Hermitian with connection-weighted links, and number-preserving term by term	finite lattice of sites and bonds, spin ↑↓	L:Computation/HolonicFermiHubbard:hamiltonianWithLinks_isHermitian; L:Computation/HolonicFermiHubbard:hamiltonian_isHermitian; L:Computation/HolonicFermiHubbard:bondHopping_preservesParticleNumber; L:Computation/HolonicFermiHubbard:complexBondHopping_isHermitian	formal-checked	uses:quantum.car
quantum.evolution-kinds	holon, aeon	real time: ‖e^{−itH}ψ‖ = ‖ψ‖, U(s+t) = U(s)U(t);  imaginary time: e^{−(s+t)H} = e^{−sH}e^{−tH} (nonunitary semigroup);  Markov: Σ mass = 1;  boundary: storage change + Σ port returns = balance	real-time unitary transport, imaginary-time semigroups, stochastic mass transport, physical diffusion and open boundary return are distinct evolution kinds with distinct conserved faces	finite self-adjoint Hamiltonian	L:Computation/HolonicEvolutionKinds:realTime_norm_conserved; L:Computation/HolonicEvolutionKinds:realTime_add; L:Computation/HolonicEvolutionKinds:imaginaryTime_add; L:Computation/HolonicEvolutionKinds:markov_mass_preserved; L:Computation/HolonicEvolutionKinds:physical_boundary_balance	formal-checked	uses:resolvent.markov-composition
quantum.worldline-sign	holon, cycle	signed amplitude of a fermionic worldline history = −A for odd exchange parity, +A for even	a fermionic worldline history carries its exchange parity as a half-turn sign on its amplitude	finite occupation slices	L:Computation/HolonicEvolutionKinds:signedAmplitude_odd; L:Computation/HolonicEvolutionKinds:signedAmplitude_even	formal-checked	uses:quantum.koszul-sign
wave.malus	receiver, parametron	⟨analyzer θ_a | source θ_s⟩ = cos(θ_s − θ_a),  |·|² = cos²(θ_s − θ_a);  every real orthonormal pair averages to the unpolarized density, which reads ½ on every linear analyzer	Malus's law is the squared overlap of relative polarization directions; an unpolarized density is a receiver fibre of many pure pairs	declared transverse Jones chart (arrows are rays, not spatial directions)	L:Physics/DirectionalPolarization:malus_relative_angle; L:Physics/DirectionalPolarization:angle_overlap; L:Physics/DirectionalPolarization:rotated_pair_same_mixture; L:Physics/DirectionalPolarization:mixed_receiver_half	formal-checked	uses:wave.interpolation-intensity
wave.stokes-determinant	receiver, ratio	det ρ(s₀,s₁,s₂,s₃) = (s₀² − s₁² − s₂² − s₃²)/4;  det J = 1 ⇒ det(JρJ*) = det ρ;  equal horizontal reading, distinct diagonal reading (2 vs 1) separate a diagonal density from the mixture	the Stokes quadratic form is a Minkowski norm preserved by unimodular Jones congruence (which may change intensity); one analyzer does not identify a density	2×2 complex densities	L:Physics/DirectionalPolarization:stokes_determinant; L:Physics/DirectionalPolarization:determinant_unimodular_transport; L:Physics/DirectionalPolarization:equal_horizontal_distinct_diagonal	formal-checked	uses:lorentz.reverse-cauchy-schwarz
wave.ray-cross-ratio	receiver, ratio, swing	wedge(Fa, Fb) = det F·wedge(a, b);  cross ratio of four Jones rays invariant under a common invertible frame and under rescaling each ray	the projective four-ray relation of polarization states is frame-invariant, while physical evolution may still change it	wedge(a,d), wedge(b,c) ≠ 0, det F ≠ 0	L:Physics/DirectionalPolarization:rayCrossRatio_transport; L:Physics/DirectionalPolarization:rayCrossRatio_rescale; L:Physics/DirectionalPolarization:wedge_transport	formal-checked	uses:ratio.log-branch
quantum.t-duality	cycle, parametron	R ↦ α′/R with (n, w) ↦ (w, n): p_L unchanged, p_R ↦ −p_R, M² = (p_L² + p_R²)/2 + N unchanged, level product n·w unchanged;  R ↦ α′/R is an involution	compactified momentum and winding charges exchange under radius duality with the mass spectrum preserved	α′ ≠ 0, R ≠ 0; closed-string circle sector, ℏ = c = 1	L:Physics/CompactifiedModeTransport:massSquared_dual; L:Physics/CompactifiedModeTransport:leftMover_dual; L:Physics/CompactifiedModeTransport:rightMover_dual; L:Physics/CompactifiedModeTransport:levelMatching_dual; L:Physics/CompactifiedModeTransport:dualRadius_involutive	formal-checked	
quantum.winding-not-phase	cycle, compression	charges (0,0) and (0,4) share the slope modulo 4 but have M² = 0 and 16 (unit radius and α′, zero offset)	integer winding cannot be replaced by a finite phase code: the spectral receiver separates what the modular face merges	concrete witness	L:Physics/CompactifiedModeTransport:finite_phase_loses_mass	counterexample	uses:ratio.div-rem
quantum.routh-reduction	holon, cycle	L(v + δ) − L(v) = p·δ + (s/2)δ²;  p = s(v + A) = q at v = q/s − A;  L − q·v = L_base + qA − q²/(2s)	eliminating a compact cyclic velocity at fixed conjugate momentum keeps both the gauge coupling qA and the compact energy q²/2s	scale s ≠ 0	L:Physics/CompactifiedModeTransport:cyclic_routh_reduction; L:Physics/CompactifiedModeTransport:fixedMomentum_velocity; L:Physics/CompactifiedModeTransport:cyclicLagrangian_velocity_increment	formal-checked	
mass.invariant-rate	holon, constitution	Mc⁴Ṁ = EĖ − c² p·ṗ;  rest frame: c²Ṁ = Ė	along a positive-mass family, bulk velocity changes energy without changing invariant mass, while heat retained at rest adds Ė/c² to the mass	differentiable positive-mass family, constant c	D:MASS_ENERGY_AND_CAUSAL_TRANSPORT.md#2-binding-decay-fusion-fission-and-recoil	proved-derived	uses:mass.exchange-norm
mass.binding-q-value	holon, receipt	B = (Σ m_i − M_bound)c²,  Q = (Σ M_in − Σ M_out)c²	binding energy and reaction Q-values are rest-energy differences carried by kinetic, recoil and radiative outputs; the sign of Q belongs to the final channel, not to the name fusion or fission	complete four-momentum balance	D:MASS_ENERGY_AND_CAUSAL_TRANSPORT.md#2-binding-decay-fusion-fission-and-recoil	proved-standard	uses:mass.lorentz-cosines
mass.photon-recoil	holon	parent M at rest → photon + daughter m: E_γ = (M² − m²)c²/(2M) < (M − m)c², E_d = Mc² − E_γ, p_d = −p_γ	applying the daughter's mass shell to the conserved total: the photon carries less than the rest-energy difference because the daughter recoils	M > m ≥ 0	D:MASS_ENERGY_AND_CAUSAL_TRANSPORT.md#2-binding-decay-fusion-fission-and-recoil	proved-derived	uses:mass.lorentz-cosines
mass.confined-radiation	holon, globe	M = E_rest/c² for stationary radiation in a reflecting box with zero total momentum	confined radiation has inertia; massive and propagating are not disjoint categories, and a radiation population can have timelike total momentum	reflecting boundary conditions and their work included	D:MASS_ENERGY_AND_CAUSAL_TRANSPORT.md#1-mass-belongs-to-the-complete-energymomentum-configuration	proved-standard	uses:mass.photon-pair
heat.moving-control-volume	holon, globe, complex	∂_t a + div j = s ⇒ d/dt ∫_{Ω(t)} a = −∮_{∂Ω(t)} (j − a w)·n + ∫_{Ω(t)} s	the boundary current of a moving region is relative to the region's own velocity; shared internal interfaces cancel under composition, while surface storage and sources remain	boundary velocity w	D:MASS_ENERGY_AND_CAUSAL_TRANSPORT.md#3-interior-to-exterior-energy-transport	proved-derived	uses:holon.stokes, uses:gr.joined-balance
em.poynting-continuum	holon, coholon	u = ½(ε₀|E|² + |B|²/μ₀),  S = E×B/μ₀,  ∂_t u + div S = −J·E	electromagnetic energy balance: the work term J·E exchanges energy between field and material; outgoing light has several source balances (emission, reflection, scattering)	fixed vacuum chart	D:MASS_ENERGY_AND_CAUSAL_TRANSPORT.md#3-interior-to-exterior-energy-transport	proved-standard	uses:em.poynting-midpoint
lorentz.velocity-cone	holon, ratio	v = c²p/E ⇒ |v|²/c² = 1 − M²c⁴/E² < 1;  w = (u + v)/(1 + uv/c²);  γ = cosh χ, γβ = sinh χ	a massive body's velocity lies strictly inside the light cone, velocity composition preserves the cone, and boost and dilation are one hyperbolic rotation	M > 0, finite positive E	D:MASS_ENERGY_AND_CAUSAL_TRANSPORT.md#6-lorentz-dilation-and-changing-frames	proved-derived	uses:lorentz.boost-scale
quantum.proper-time-phase	holon, parametron, aeon	rest-energy eigenstate: ψ(τ) = e^{−iMc²τ/ℏ} ψ(0)	mass also has a proper-time phase-rate reading; a common phase is invisible to a phase-insensitive receiver while relative phases stay available to interference and clock comparison	unitary evolution, rest energy as the time-translation Hamiltonian	D:MASS_ENERGY_AND_CAUSAL_TRANSPORT.md#6-lorentz-dilation-and-changing-frames	proved-derived	uses:mass.rest-branch
em.field-boost	receiver, holon	energy density and Poynting flux are contractions of the stress tensor: a new observer transforms E, B (preserving E² − c²B² and E·B) before recomputing u and S	a changed observer must transform the fields or full tensor, never apply a four-vector boost to a scalar energy-density summary	electromagnetic field tensor	D:MASS_ENERGY_AND_CAUSAL_TRANSPORT.md#6-lorentz-dilation-and-changing-frames	definition	uses:gr.stress-energy-observer
heat.telegraph-relaxation	constitution, holon	τ q_t + q = −κ∇T, C T_t + div q = 0 ⇒ τT_tt + T_t = DΔT, D = κ/C, front speed v² = D/τ	a finite-relaxation heat flux gives a telegraph equation with finite front; the parabolic limit τ → 0 has immediate tails that are an approximation, not a superluminal channel	D/τ ≤ c² for causal fronts	D:MASS_ENERGY_AND_CAUSAL_TRANSPORT.md#7-diffusion-relaxation-and-the-retained-propagation-state	proved-derived	uses:thermal.heat-kernel
wave.heat-from-wave	constitution, holon	e^{−tA} = (4πt)^{−1/2} ∫_ℝ e^{−s²/(4t)} cos(s√A) ds;  D = d + δ, D² = Δ ⇒ e^{−tΔ} is a Gaussian average of e^{isD}	the heat propagator is a Gaussian average of the wave propagator; harmonic modes stay fixed, and the Gaussian's full parameter range accounts for heat's noncompact tails	finite symmetric nonnegative A, t > 0	D:MASS_ENERGY_AND_CAUSAL_TRANSPORT.md#wave-heat-and-gamma-as-an-explicit-transform; L:Zeta/FlowedGamma:gaussian_fourier	proved-derived	uses:thermal.heat-kernel
heat.rebase-quadratic-form	constitution, swing	x′ = Bx, G′ = B^{−T}GB^{−1} ⇒ x′ᵀG′x′ = xᵀGx	an energy surface or cone is unchanged when state and measuring form co-transform; zero at one receiver is not permission to erase a direction seen by another	invertible B	D:MASS_ENERGY_AND_CAUSAL_TRANSPORT.md#8-modes-hodge-classes-rebase-and-fractal-navigators	proved-derived	uses:receipt.rate-form-congruence
heat.gibbs-free-energy	constitution, receiver	p_g ∝ e^{−βH_g}, β = (k_BT)⁻¹;  S = k_B H_nats(p);  F = ⟨H⟩ − TS	available work (free energy) and retained mass–energy are different receivers of one thermodynamic state; rest energy is the complete internal energy, not the free energy	physical Gibbs chart	D:MASS_ENERGY_AND_CAUSAL_TRANSPORT.md#9-entropy-code-length-gamma-and-zeta	proved-standard	uses:xent.free-energy-kl
heat.zeta-gibbs	receiver, ratio, navigator	p_σ(n) = n^{−σ}/ζ(σ), σ > 1, A = ln ζ:  H₂ = (A − σA′)/ln2,  A″ = Var(ln n);  ζ(σ + iω)/ζ(σ) = characteristic function of ln n	the zeta family is a Gibbs ensemble over log source size; an energy law H(n) = ε ln n would identify σ = βε, the unit law belonging to the realization	σ > 1	D:MASS_ENERGY_AND_CAUSAL_TRANSPORT.md#9-entropy-code-length-gamma-and-zeta	proved-derived	uses:navigator.zeta
heat.bose-mellin	navigator, landmark	Γ(s)ζ(s) = ∫₀^∞ x^{s−1}/(eˣ − 1) dx;  Fermi denominator gives Γ(s)η(s)	Gamma is the Mellin bridge between occupation kernels (Bose, Fermi) and the zeta and eta navigators	convergence domains Re s > 1 (ζ), Re s > 0 (η)	D:MASS_ENERGY_AND_CAUSAL_TRANSPORT.md#9-entropy-code-length-gamma-and-zeta	proved-standard	uses:navigator.zeta, uses:quantum.fermi-dirac
heat.branch-bound	navigator, tower	per-branch bound A qⁿ over Bⁿ branches ⇒ A(Bq)ⁿ before phase-aware cancellation;  selecting one of 2ⁿ Cantor cells needs n fixed-length bits	energy or information bounds on a branching navigator family must sum the admitted branches; recursive description and branch address are distinct compression operands	fractal navigator with B branches per level	D:MASS_ENERGY_AND_CAUSAL_TRANSPORT.md#8-modes-hodge-classes-rebase-and-fractal-navigators	proved-derived	uses:code.levin-kt
mass.coupled-response-finite-change	constitution, complex, deposition	R(M, B, x) = Bᵀ M B x;  R(M + δM, B, x + δx) − R(M, B, x) = R(M, B, δx) + R(δM, B, x) + R(δM, B, δx);  witness B = M = x = 1, δM = 1, δx = −1: the two tangent terms cancel while the full change is −1	a finite change of material and current returns a mixed term the tangent omits; a zero tangent return does not close the finite response	finite real incidence and mutual constitutive form	L:Physics/ConstitutiveModulation:coupledResponse_material_state_change; L:Physics/ConstitutiveModulation:tangent_cancellation_does_not_close_finite_response; L:Physics/ConstitutiveModulation:coupledResponse_finite_change	formal-checked	uses:parametron.lc-exchange
mass.rod-twist-stretch	constitution, contact	rod energy E = ½⟨x, K x⟩ over (bend, twist, stretch);  E(x + δ·twist) − E(x) = τ δ + (K_tt/2)δ²;  Δτ = K_ts Δstretch and ΔF = K_ts Δtwist (reciprocal)	a rod's twist–extension coupling is reciprocal: extension changes torque and twist changes force through the same cross coefficient, and a finite increment returns the response plus its diagonal remainder	symmetric rod coefficient matrix	L:Physics/ConstitutiveModulation:rodEnergy_twist_increment; L:Physics/ConstitutiveModulation:rod_cross_response_reciprocal; L:Physics/ConstitutiveModulation:rodEnergy_eq_half_response_pairing; L:Physics/ConstitutiveModulation:rodTorque_separates_extension	formal-checked	uses:mass.coupled-response-finite-change
mass.stress-strain-rate	constitution	dU(ε(t))/dt = σ(ε)·ε̇ with σ = ∂U;  d/dt[σ(ε(t))·ε̇] = K(ε)(ε̇, ε̇) + σ(ε)·ε̈, K = ∂σ (material stiffness plus the geometric/prestress term of the strain chart)	the derivative of a pulled-back force keeps both the material stiffness and the geometric (prestress) term through the actual strain chart	differentiable potential and strain path	L:Physics/ConstitutiveModulation:stress_strain_rate_return; L:Physics/ConstitutiveModulation:potential_strain_first_variation	formal-checked	uses:mass.conformation-stiffness
mass.prestress-conformation	constitution, receiver	c(q) = a + q², E = (k/2)c², F = 2kq(a + q²), K = 2k(a + 3q²) = k(2q)² + 2k(a + q²);  F(0) = 0 with K(0) = 2ka > 0;  F(−q) = −F(q)	a transverse coordinate with zero first-order strain is still stiff through prestress: tangent stiffness splits into a changing-material term and a prestress term	k, a > 0 for positivity	L:Physics/ConformationResponse:tangentStiffness_chain_decomposition; L:Physics/ConformationResponse:tangentStiffness_at_zero_pos; L:Physics/ConformationResponse:response_neg; L:Physics/ConformationResponse:fineUpdate_word_descends	formal-checked	uses:mass.conformation-stiffness
ph.constitutive-scale-passage	tower, constitution, compression	reduced read ∘ decoder = id on the reduced face;  every ordered input word: read(T_w x) = T̄_w(read x), with a singleton future face over the full current preimage fibre	a constitutive two-face reduction is a receiver-relative scale passage and an exact ordered-history compression of the world-tube input step; the complete current stays the source carrier	rational constitutive chart	L:Physics/ConstitutiveScale:input_history_word_exact; L:Physics/ConstitutiveScale:input_future_outcomes_singleton; L:Physics/ConstitutiveScale:reducedRead_decoderLinear; L:Physics/ConstitutiveScale:scalePassage_transport_boundary	formal-checked	uses:info.standing-quotient
ph.constitutive-world-tube	tube, constitution, receipt	decode(q, z, r) with C r = 0, Dᵀr = 0 returns cut q and face (cut–face coupling)(q) + metric(z);  the blind residual stays blind across every successor;  two-step split and rejoin return the complete face	a constitutive step carried by an addressed world tube keeps cut, active face, blind residual and exact local clock, and serial clocked spans join only through the whole predecessor state	residual in ker C ∩ ker Dᵀ	L:Physics/ConstitutiveWorldTube:decode_face; L:Physics/ConstitutiveWorldTube:successor_cutBlind; L:Physics/ConstitutiveWorldTube:successor_faceBlind; L:Physics/ConstitutiveWorldTube:actualTwoStep_split_rejoin_completeFace	formal-checked	uses:receipt.lawful-silence-is-extinction
ph.two-face-constitutive	constitution, complex, parametron	j = Jq + Dz + r, C r = 0, Dᵀr = 0;  G = DᵀD = [[4,1],[1,4]] (modes 5 on z₊ = z₀+z₁ and 3 on z₋);  Dᵀ J q = (q₀ − q₁, q₀ − q₂);  compact law z′ + τ M_{μν}(cut face coupling(q+u) + G z′) = z + f solved by z′₊ = (z₊ + f₊ − τ(μ+ν)(2q′₀ − q′₁ − q′₂))/(1 + 5τ(μ+ν)), z′₋ = (z₋ + f₋ − τ(μ−ν)(q′₂ − q′₁))/(1 + 3τ(μ−ν))	an exact two-face constitutive reduction on the four-torus: four cut and two active face coordinates plus a retained blind residual, with a unique implicit face update diagonal in the ± modes of the face metric	τ ≥ 0, μ ± ν ≥ 0 (positive denominators)	L:Physics/TwoFaceConstitutive:compactExplicitUpdate_solves; L:Physics/TwoFaceConstitutive:compactLaw_unique; L:Physics/TwoFaceConstitutive:fineLaw_unique; L:Physics/FourTorusTwoFace:twoFace_gram_one; L:Physics/FourTorusTwoFace:twoFace_axis_one	formal-checked	uses:encoding.derived-grain
ph.cold-residual-decoding	compression, constitution	extracted cut q = Cj, face z = G⁻¹(Dᵀj − coupling(Cj)), residual r with C r = Dᵀr = 0;  decode(q, z, r) = j exactly;  the current step moves the cut by u, the face by the compact update, and leaves the residual unchanged	every current decodes exactly as its six-dimensional active image plus a cold residual that the step never touches; the reduced read then factors every scale transport	finite current module with the constitutive chart	L:Physics/ConstitutiveCurrentReduction:decode_extractedCurrent_exact; L:Physics/ConstitutiveCurrentReduction:currentStep_residual; L:Physics/ConstitutiveCurrentReduction:currentStep_face; L:Physics/ConstitutiveCurrentReduction:reducedScaleTransport_currentStep_square	formal-checked	uses:ph.two-face-constitutive
ph.four-torus-current-chart	complex, cycle, compression	j = axisRealization(axisReceiver j) + residual, axisReceiver(residual) = 0;  axis realizations and face boundary currents have zero vertex boundary;  C∘D = 0	rational branch currents on the four-torus split into realized axis windings plus a cut-blind residual; face boundaries are cut-blind cycles	finite grain four-torus	L:Physics/FourTorusCurrentChart:current_decomposition; L:Physics/FourTorusCurrentChart:axisReceiver_residual_eq_zero; L:Physics/FourTorusCurrentChart:vertexBoundary_axisRealization_eq_zero; L:Physics/FourTorusCurrentChart:C_D_eq_zero	formal-checked	uses:holon.stokes
ph.blind-current-witness	compression, complex	a current with zero cut reading, zero vertex boundary and zero active face reading has edge value −1/3 at grain 1	the two-face receiver has a genuinely nonzero jointly blind residual current: the reduction keeps a real fibre	grain 1 witness	L:Physics/FourTorusTwoFace:blindCurrent_face_zero_one; L:Physics/FourTorusTwoFace:blindCurrent_separating_edge_one; L:Physics/FourTorusTwoFace:blindCurrent_cut_zero	counterexample	uses:ph.cold-residual-decoding
ph.torus-parametron-response	parametron, constitution	branch drop of the active incidence on the real current = the rational two-face reading;  coupledResponse(M_{μν}, B_active, j) = D(M_{μν} Dᵀj)	the active four-torus current is exactly the existing coupled parametron response with the two square currents as incidence rows	grains 1 and 2	L:Physics/FourTorusParametronCurrent:branchDrop_activeIncidence; L:Physics/FourTorusParametronCurrent:coupledResponse_current	formal-checked	uses:ph.two-face-constitutive, uses:parametron.lc-exchange
wave.cayley-resonator	parametron, receiver, epoch	pole λ = −γ + iΩ;  z = (2 + hλ)/(2 − hλ);  |2 + hλ|² − |2 − hλ|² = 8h Re λ ⇒ |z| < 1 for γ > 0, |z| = 1 for γ = 0;  band block charpoly X² + 2γX + (γ² + Ω²), rate form −2γ·I	a resonator bank advanced by the Cayley step maps the stable half plane exactly into the unit disc; decay alone decides dissipation and a lossless band conserves its energy exactly, with no tolerance	h > 0, Re λ ≤ 0 (denominator never vanishes)	L:Foundation/AcousticReceiver:normSq_cayley_lt_one; L:Foundation/AcousticReceiver:normSq_cayley_eq_one; L:Foundation/AcousticReceiver:cayley_den_ne_zero; L:Foundation/AcousticReceiver:charpoly_realBlock; L:Foundation/AcousticReceiver:rateForm_realBlock	formal-checked	uses:parametron.lc-exchange, uses:resolvent.ssm-realization
wave.resonator-bank-causal	receiver, parametron	run(u)_n depends only on u_{<n};  run₀(u + v) = run₀(u) + run₀(v);  zero input: energy nonincreasing, strictly decreasing on a band with γ > 0 and nonzero amplitude	the acoustic bank is causal and exactly superposing up to the bank; every nonlinearity of the receiver lives after it	from rest; nonnegative band weights and decays	L:Foundation/AcousticReceiver:run_causal; L:Foundation/AcousticReceiver:run_add; L:Foundation/AcousticReceiver:energy_advance_le; L:Foundation/AcousticReceiver:energy_advance_lt	formal-checked	uses:wave.cayley-resonator
wave.quantize-order	receiver, compression	quantize(½) + quantize(½) = 0 ≠ 1 = quantize(½ + ½)	quantize-then-superpose differs from superpose-then-quantize: an export face taken before superposition loses the interference	unit quantizer	L:Foundation/AcousticReceiver:quantize_then_superpose_ne_superpose_then_quantize	counterexample	uses:wave.interpolation-intensity
wave.metamer-unison	receiver, compression	(1, i) and (i, 1): equal colour, different timbre;  (1, 0) and (1, 1): equal timbre (mode 1 uncoupled), different colour	two receivers of one mode population separate what the other merges: metamers that sound different and unisons that look different; neither receiver is a function of the other	worked two-mode banks	L:Foundation/AcousticReceiver:metamer_sounds_different; L:Foundation/AcousticReceiver:unison_looks_different; L:Foundation/AcousticReceiver:population_change_moves_both	counterexample	uses:xent.scalar-fibre
wave.coherent-path-sum	holon, receiver, contact	surface section = Σ_{paths in the boundary fibre} amplitude_π·T_π·input;  intensity = |⟨analyzer, Σ_π …⟩|²;  opposite amplitudes cancel to 0, equal ones reinforce to 4	coherent polarized paths through a crystal join before the analyzer acts and before the norm square is formed; the receiver order is interference	finite path family with source and surface boundary maps	L:Computation/HolonicPolarizedCrystalTransport:surfaceSection_eq_sum_boundaryFiber; L:Computation/HolonicPolarizedCrystalTransport:surfaceIntensity_eq_normSq_analyze_joined; L:Computation/HolonicPolarizedCrystalTransport:twoPath_cancellation_and_reinforcement	formal-checked	uses:encoding.chord-cross-terms
wave.polarization-rebase	receiver, swing	(T₂∘T₁)·x = T₂(T₁x) chronologically;  rebasing law and input rebases the returned section;  orthogonal analyzers read 1 and 0 on one polarized section	polarization transport composes in chronological order and is exactly basis-covariant	invertible polarization rebase	L:Computation/HolonicPolarizedCrystalTransport:composeTransport_mulVec; L:Computation/HolonicPolarizedCrystalTransport:transport_mulVec_forward; L:Computation/HolonicPolarizedCrystalTransport:polarization_receivers_separate	formal-checked	uses:wave.malus
mass.united-interval	receipt, receiver	[a] + [b] defined only when dim a = dim b, then [a_lo + b_lo, a_hi + b_hi] ∋ x + y;  unlike units return a refusal	physicochemical readings are united intervals: unlike units never add, and a sum of enclosures encloses the sum	real intervals with integer dimension vectors	L:Foundation/PhysicochemicalReceiver:united_sum_requires_equal_dimension; L:Foundation/PhysicochemicalReceiver:united_sum_contains_sum; L:Foundation/PhysicochemicalReceiver:united_contains_of_narrower	formal-checked	
mass.composition-bracket	receipt, receiver, compression	refusing ≤ admitting;  admitting = refusing + open (undecided);  equality ⇔ nothing undecided;  additive over disjoint contact families;  invariant under class-preserving relabelling and isometry	a contact composition reading is bracketed by refusing and admitting bounds whose gap is exactly the undecided population; readings are additive and blind to addresses and rigid motions	declared class table	L:Foundation/PhysicochemicalReceiver:admitting_eq_refusing_add_open; L:Foundation/PhysicochemicalReceiver:admitting_eq_refusing_of_no_undecided; L:Foundation/PhysicochemicalReceiver:composition_additive_of_disjoint; L:Foundation/PhysicochemicalReceiver:composition_invariant_under_isometry	formal-checked	uses:gr.joined-balance
mass.candidate-not-bond	receiver, compression	the heavy-atom-distance candidate reading ignores hydrogen geometry: two geometries differing in every hydrogen share every candidate reading;  a second class table changes the reading	a distance-window contact candidate certifies no hydrogen bond (the donor angle is outside its domain), and every reading carries its table identity	Bool witnesses	L:Foundation/PhysicochemicalReceiver:two_geometries_one_candidate_reading; L:Foundation/PhysicochemicalReceiver:candidate_ignores_hydrogen_geometry; L:Foundation/PhysicochemicalReceiver:tables_change_the_reading	counterexample	uses:xent.scalar-fibre
em.coulomb-enclosure	receipt, constitution	u, v > 0, u²·hi ≤ 1 ≤ v²·lo, lo ≤ s ≤ hi ⇒ u ≤ 1/√s ≤ v;  Σ q_iq_j/(ε r_ij) enclosed termwise for nonnegative charge products, additive over a partition of pairs	a Coulomb sum is carried by a purely rational enclosure of each reciprocal distance, narrowing monotonically with the grain; no charged reading exists without a declared acidity	0 < lo, nonnegative charge products for the bracket	L:Foundation/PhysicochemicalReceiver:invEnclosure_contains; L:Foundation/PhysicochemicalReceiver:coulombSum_enclosed; L:Foundation/PhysicochemicalReceiver:coulombSum_additive; L:Foundation/PhysicochemicalReceiver:no_charged_reading_without_a_declared_acidity	formal-checked	uses:mass.united-interval
wave.two-port-junction	contact, constitution, parametron	e = ((a − b)/(a + b))·i + (2b/(a + b))·h,  h′ = (2a/(a + b))·i + ((b − a)/(a + b))·h;  a e² + b h′² = a i² + b h²;  linear in (i, h) and covariant under a joint rational phase rotation (c² + s² = 1)	a two-port admittance junction scatters incoming and held currents losslessly in the admittance-weighted energy; the emitted and successor-held outputs are distinct returned faces	admittances a, b > 0	L:Computation/HolonicConstitutiveCirculation:weighted_square_energy; L:Computation/HolonicConstitutiveCirculation:emitted_coefficient_expansion; L:Computation/HolonicConstitutiveCirculation:successorHeld_coefficient_expansion; L:Computation/HolonicConstitutiveCirculation:joint_phase_rechart_preserves_outputs	formal-checked	uses:wave.junction-reflection
wave.held-changes-emission	contact	a = 2, b = 1, incoming 0: held 1 and held 2 emit differently	with unequal admittances the held incidence changes the emission even at equal incoming current; an incoming-only feature cannot recover the held source	rational witness	L:Computation/HolonicConstitutiveCirculation:unequal_admittance_sameIncoming_heldChangesEmitted; L:Computation/HolonicConstitutiveCirculation:oldParticipationFeature_cannot_recover_standing_source	counterexample	uses:wave.two-port-junction
lorentz.doppler-ratio-chart	ratio, receipt, aeon	(u,v) ↦ (ku, k⁻¹v), u=t−x, v=t+x, k=√((1+β)/(1−β));  k₁₂ = k₁k₂ ⇔ w=(u+v)/(1+uv/c²);  χ = log k	a boost is the undivided Doppler pair (k, k⁻¹); collinear composition multiplies ratios; rapidity is the ratio's log chart	inertial receivers, flat spacetime	N:2026-09-24_THE_NULL_CONE_IS_THE_CONSTITUTIONS_LOCK_AND_CLOSURE_IS_A_RECEIVER_READING.md; L:Physics/CompositeMassEnergy:unitBoost_preserves_lorentzNorm	proved-standard	uses:lorentz.boost-scale, uses:ratio.log-branch
lorentz.time-dilation-pairing	aeon, receipt, coholon	t_R(γ)=⟨ω_R|γ⟩, ω_R=−U_μdx^μ;  on R′'s aeon Δx=τ′U′: t_R/t_R′ = −⟨U,U′⟩ = γ = cosh χ	time dilation is one receiver's clock read on another receiver's aeon: the Lorentz law of cosines	inertial (exact) clocks	N:2026-09-24_THE_NULL_CONE_IS_THE_CONSTITUTIONS_LOCK_AND_CLOSURE_IS_A_RECEIVER_READING.md	proved-standard	uses:aeon.pairing, uses:mass.lorentz-cosines
lorentz.thomas-wigner-holonomy	navigator, cycle, ratio	a closed loop of non-collinear boosts returns a rotation whose angle is the area defect of the velocity triangle (hyperbolic velocity space)	boosts carry winding only through composition: the gyration is a cell holonomy in velocity space	Lorentz group, hyperbolic velocity space	N:2026-09-24_THE_NULL_CONE_IS_THE_CONSTITUTIONS_LOCK_AND_CLOSURE_IS_A_RECEIVER_READING.md	proved-standard	uses:gr.route-curvature
lorentz.nonclosed-clock	aeon, cycle, coholon	dω ≠ 0 ⇒ ⟨ω|cycle⟩ = ∬dω ≠ 0:  Sagnac 2ΩA/c² per circuit (first order);  static ω = N dt, dω = dN∧dt, rate ratio N₁/N₂;  frame dragging = dω of a stationary non-static clock	desynchronization, redshift and frame dragging are the coexact (production) part of a receiver's clock	stationary spacetimes, first order in Ω for Sagnac	N:2026-09-24_THE_NULL_CONE_IS_THE_CONSTITUTIONS_LOCK_AND_CLOSURE_IS_A_RECEIVER_READING.md	proved-standard	uses:aeon.pairing
em.light-speed-constitution	constitution, parametron	c = (ε₀μ₀)^(−½) = the ladder speed 1/√(L′C′);  ω = (LC)^(−½);  Fresnel surface of a local linear constitutive law ⇒ light cone (premetric electrodynamics)	the speed of light is the exchange rate of a constitution's storage (ε) and flow inertia (μ); the light cone is read from the constitution, not from emptiness	local linear constitutive law (Hehl–Obukhov)	N:2026-09-24_THE_NULL_CONE_IS_THE_CONSTITUTIONS_LOCK_AND_CLOSURE_IS_A_RECEIVER_READING.md	proved-standard	uses:parametron.lc-exchange
em.impedance-alpha	constitution, ratio	εμ = 1/c² (product face);  μ/ε = Z₀² (ratio face);  α = Z₀/(2R_K) = Z₀e²/(2h), R_K = h/e²;  2019 SI: μ₀ = 2αh/(e²c) measured	the vacuum constitution is an undivided pair whose faces are propagation and impedance, fixed by the minimal action h, charge e and the pure ratio α	SI 2019	N:2026-09-24_THE_NULL_CONE_IS_THE_CONSTITUTIONS_LOCK_AND_CLOSURE_IS_A_RECEIVER_READING.md	proved-standard	uses:em.light-speed-constitution
em.telegrapher-constitution	constitution, tube	εμ∂²u + σμ∂u = ∇²u: characteristic cone speed (εμ)^(−½) for every σ ≥ 0; σ→∞ limit: ∂u = D∇²u, D = 1/(σμ)	storage, flow and dissipation as one field law: loss damps but never speeds a signal; its overdamped end is diffusion	linear homogeneous medium	N:2026-09-24_THE_NULL_CONE_IS_THE_CONSTITUTIONS_LOCK_AND_CLOSURE_IS_A_RECEIVER_READING.md	proved-standard	uses:em.light-speed-constitution
